시간,발전량
2025-01-01 00:00:00,6.577124779732456
2025-01-01 01:00:00,5.264515889459133
2025-01-01 02:00:00,6.492507524070583
2025-01-01 03:00:00,6.155531516107126
2025-01-01 04:00:00,6.8835415061036
2025-01-01 05:00:00,6.569869522219348
2025-01-01 06:00:00,7.219510692643607
2025-01-01 07:00:00,9.456139751996425
2025-01-01 08:00:00,6.87062308084501
2025-01-01 09:00:00,5.696149328780729
2025-01-01 10:00:00,5.877082245584977
2025-01-01 11:00:00,3.2810975182158386
2025-01-01 12:00:00,4.504214756312619
2025-01-01 13:00:00,5.997493239809385
2025-01-01 14:00:00,4.894325356728715
2025-01-01 15:00:00,4.156230662437146
2025-01-01 16:00:00,5.422146007301694
2025-01-01 17:00:00,9.362849547980714
2025-01-01 18:00:00,9.110321290425928
2025-01-01 19:00:00,15.559101485622655
2025-01-01 20:00:00,22.98735421601551
2025-01-01 21:00:00,19.138532415201546
2025-01-01 22:00:00,15.412849322465545
2025-01-01 23:00:00,9.695747417133864
2025-01-02 00:00:00,7.445834577241893
2025-01-02 01:00:00,7.464501064163253
2025-01-02 02:00:00,14.625825547289969
2025-01-02 03:00:00,7.474151177010912
2025-01-02 04:00:00,7.162556023200073
2025-01-02 05:00:00,16.170497245310504
2025-01-02 06:00:00,16.44149823832472
2025-01-02 07:00:00,14.85857436923102
2025-01-02 08:00:00,17.80365712267342
2025-01-02 09:00:00,16.534852268395067
2025-01-02 10:00:00,8.33321357148372
2025-01-02 11:00:00,3.97435642043253
2025-01-02 12:00:00,8.101013117744372
2025-01-02 13:00:00,4.760308261639274
2025-01-02 14:00:00,10.33020669260493
2025-01-02 15:00:00,10.759522463776227
2025-01-02 16:00:00,8.514282881838406
2025-01-02 17:00:00,11.063042066878383
2025-01-02 18:00:00,15.342252633285284
2025-01-02 19:00:00,26.65407980503987
2025-01-02 20:00:00,30.962364299157244
2025-01-02 21:00:00,32.690048985166364
2025-01-02 22:00:00,28.174795996422635
2025-01-02 23:00:00,21.63758267553807
2025-01-03 00:00:00,35.85706011007686
2025-01-03 01:00:00,32.665791302729275
2025-01-03 02:00:00,29.06599305683058
2025-01-03 03:00:00,23.052995463849943
2025-01-03 04:00:00,32.61101607892793
2025-01-03 05:00:00,35.034191873459136
2025-01-03 06:00:00,35.38802258532246
2025-01-03 07:00:00,22.946503866299444
2025-01-03 08:00:00,25.08087947007605
2025-01-03 09:00:00,16.559903202496482
2025-01-03 10:00:00,10.991984119815022
2025-01-03 11:00:00,8.22178849429264
2025-01-03 12:00:00,6.522600512301009
2025-01-03 13:00:00,11.147909910109036
2025-01-03 14:00:00,3.615553527471375
2025-01-03 15:00:00,4.729329739828992
2025-01-03 16:00:00,6.337156091611794
2025-01-03 17:00:00,5.873011913474142
2025-01-03 18:00:00,4.2625212751005535
2025-01-03 19:00:00,7.4441753425734465
2025-01-03 20:00:00,24.976153956216073
2025-01-03 21:00:00,31.590806560706042
2025-01-03 22:00:00,32.074899251270445
2025-01-03 23:00:00,31.138194141416765
2025-01-04 00:00:00,20.881429523149045
2025-01-04 01:00:00,19.830223699067506
2025-01-04 02:00:00,16.127144066218506
2025-01-04 03:00:00,12.305010197351658
2025-01-04 04:00:00,12.469528077095674
2025-01-04 05:00:00,8.094937210185916
2025-01-04 06:00:00,7.3310292397916745
2025-01-04 07:00:00,9.653656829133315
2025-01-04 08:00:00,5.681924426049219
2025-01-04 09:00:00,4.492193168083427
2025-01-04 10:00:00,1.9457661332864733
2025-01-04 11:00:00,2.159377015453592
2025-01-04 12:00:00,1.7997296448934725
2025-01-04 13:00:00,3.5928190269942735
2025-01-04 14:00:00,1.6728985335993611
2025-01-04 15:00:00,1.6715429962431279
2025-01-04 16:00:00,2.559140148396127
2025-01-04 17:00:00,4.761630811276817
2025-01-04 18:00:00,9.206416002462891
2025-01-04 19:00:00,3.7750241805320175
2025-01-04 20:00:00,5.199814579668952
2025-01-04 21:00:00,8.00931633922283
2025-01-04 22:00:00,5.888102090318175
2025-01-04 23:00:00,5.322185063865426
2025-01-05 00:00:00,7.833856185771345
2025-01-05 01:00:00,5.826252803906587
2025-01-05 02:00:00,6.876170541059479
2025-01-05 03:00:00,8.243885769335868
2025-01-05 04:00:00,15.764609923558103
2025-01-05 05:00:00,11.323788582494059
2025-01-05 06:00:00,10.50941811985555
2025-01-05 07:00:00,15.679086118537056
2025-01-05 08:00:00,20.976972981331137
2025-01-05 09:00:00,11.452242375409346
2025-01-05 10:00:00,14.204570740605911
2025-01-05 11:00:00,32.13001510544914
2025-01-05 12:00:00,41.357970210831105
2025-01-05 13:00:00,38.38339721272232
2025-01-05 14:00:00,40.17942056996128
2025-01-05 15:00:00,27.25207720654788
2025-01-05 16:00:00,9.042018478423895
2025-01-05 17:00:00,24.089184814896935
2025-01-05 18:00:00,21.969309500182053
2025-01-05 19:00:00,14.649423408847287
2025-01-05 20:00:00,14.6433929083586
2025-01-05 21:00:00,13.078629622538898
2025-01-05 22:00:00,12.130690994134486
2025-01-05 23:00:00,13.753025744402565
2025-01-06 00:00:00,20.5950893676003
2025-01-06 01:00:00,26.557572512533127
2025-01-06 02:00:00,28.926123878125008
2025-01-06 03:00:00,24.514413889060553
2025-01-06 04:00:00,14.075804275485412
2025-01-06 05:00:00,18.62826273970653
2025-01-06 06:00:00,18.36692897519081
2025-01-06 07:00:00,21.708813407203625
2025-01-06 08:00:00,17.19247268469987
2025-01-06 09:00:00,11.810546288805659
2025-01-06 10:00:00,13.292460392825957
2025-01-06 11:00:00,33.905234337979124
2025-01-06 12:00:00,21.623499389852444
2025-01-06 13:00:00,18.820951665767865
2025-01-06 14:00:00,30.10973346344695
2025-01-06 15:00:00,35.64868591874302
2025-01-06 16:00:00,47.36089040358686
2025-01-06 17:00:00,51.806811730533504
2025-01-06 18:00:00,46.94060179334356
2025-01-06 19:00:00,50.814904055837005
2025-01-06 20:00:00,47.742608628774455
2025-01-06 21:00:00,52.859256152635126
2025-01-06 22:00:00,52.31047808291893
2025-01-06 23:00:00,52.57631936692651
2025-01-07 00:00:00,50.71413506595959
2025-01-07 01:00:00,53.71737859097974
2025-01-07 02:00:00,52.539420435319315
2025-01-07 03:00:00,54.17942003665969
2025-01-07 04:00:00,41.388619082811275
2025-01-07 05:00:00,31.800435450947294
2025-01-07 06:00:00,28.95946065192408
2025-01-07 07:00:00,23.185561860539828
2025-01-07 08:00:00,21.6021335466419
2025-01-07 09:00:00,11.091355441782213
2025-01-07 10:00:00,12.86134186106878
2025-01-07 11:00:00,14.787539809575872
2025-01-07 12:00:00,35.09427060835482
2025-01-07 13:00:00,28.09640267026004
2025-01-07 14:00:00,24.102935334782597
2025-01-07 15:00:00,41.19955981776016
2025-01-07 16:00:00,44.02541860490108
2025-01-07 17:00:00,51.6523832444796
2025-01-07 18:00:00,29.623784905043838
2025-01-07 19:00:00,48.52850628791976
2025-01-07 20:00:00,37.0549687205048
2025-01-07 21:00:00,30.339081413574068
2025-01-07 22:00:00,47.90768460471795
2025-01-07 23:00:00,23.882161388913048
2025-01-08 00:00:00,54.72226847233963
2025-01-08 01:00:00,50.36626075114492
2025-01-08 02:00:00,35.53404656240149
2025-01-08 03:00:00,28.51344867402435
2025-01-08 04:00:00,34.62754304688397
2025-01-08 05:00:00,23.158919254037695
2025-01-08 06:00:00,12.433064496268912
2025-01-08 07:00:00,15.829798237711874
2025-01-08 08:00:00,22.038887398383046
2025-01-08 09:00:00,15.738811331948579
2025-01-08 10:00:00,21.731718313575513
2025-01-08 11:00:00,20.399099663587986
2025-01-08 12:00:00,25.1637399319265
2025-01-08 13:00:00,26.807241494855614
2025-01-08 14:00:00,26.23715190352839
2025-01-08 15:00:00,21.66909768777574
2025-01-08 16:00:00,22.802662173388157
2025-01-08 17:00:00,27.407554256843923
2025-01-08 18:00:00,27.9387635213205
2025-01-08 19:00:00,38.618982498941335
2025-01-08 20:00:00,40.32271462076747
2025-01-08 21:00:00,48.54581473312763
2025-01-08 22:00:00,47.0053945865146
2025-01-08 23:00:00,49.01846626383203
2025-01-09 00:00:00,46.61192291043495
2025-01-09 01:00:00,51.12237170630442
2025-01-09 02:00:00,56.466497021163775
2025-01-09 03:00:00,56.43365260206318
2025-01-09 04:00:00,53.17536677029339
2025-01-09 05:00:00,54.49712678014092
2025-01-09 06:00:00,62.10748774638143
2025-01-09 07:00:00,49.82592468841576
2025-01-09 08:00:00,56.33238600110282
2025-01-09 09:00:00,50.26393960787657
2025-01-09 10:00:00,52.82091237567891
2025-01-09 11:00:00,53.66861352068093
2025-01-09 12:00:00,51.651986062701155
2025-01-09 13:00:00,51.59992834525113
2025-01-09 14:00:00,44.913424529630724
2025-01-09 15:00:00,42.41203202243865
2025-01-09 16:00:00,49.37909878884192
2025-01-09 17:00:00,45.72075104407601
2025-01-09 18:00:00,46.83335457015682
2025-01-09 19:00:00,50.58027064312637
2025-01-09 20:00:00,47.023370736181676
2025-01-09 21:00:00,34.41532239824462
2025-01-09 22:00:00,34.23842476178823
2025-01-09 23:00:00,24.455390494284238
2025-01-10 00:00:00,20.192209749150166
2025-01-10 01:00:00,24.37545840218463
2025-01-10 02:00:00,23.270448285469296
2025-01-10 03:00:00,15.376331784304258
2025-01-10 04:00:00,10.692076841107506
2025-01-10 05:00:00,10.858429726911332
2025-01-10 06:00:00,7.86484624051031
2025-01-10 07:00:00,7.2204014958623
2025-01-10 08:00:00,7.956156548881341
2025-01-10 09:00:00,8.49804867866019
2025-01-10 10:00:00,13.146755129413954
2025-01-10 11:00:00,18.055756819488916
2025-01-10 12:00:00,17.25336345753643
2025-01-10 13:00:00,17.295748306740798
2025-01-10 14:00:00,19.364632365138394
2025-01-10 15:00:00,19.56769908891594
2025-01-10 16:00:00,18.99623169607726
2025-01-10 17:00:00,13.526446667599457
2025-01-10 18:00:00,12.814368600702192
2025-01-10 19:00:00,10.279695361165569
2025-01-10 20:00:00,7.644656490117371
2025-01-10 21:00:00,16.202317542838557
2025-01-10 22:00:00,12.57980767664847
2025-01-10 23:00:00,14.164425859293539
2025-01-11 00:00:00,19.635234100582302
2025-01-11 01:00:00,10.276684727153485
2025-01-11 02:00:00,15.052921824439059
2025-01-11 03:00:00,11.193443733997645
2025-01-11 04:00:00,18.07703331224767
2025-01-11 05:00:00,18.25975700042946
2025-01-11 06:00:00,17.371309399604687
2025-01-11 07:00:00,15.803537419182755
2025-01-11 08:00:00,16.99528893648035
2025-01-11 09:00:00,9.605327975695637
2025-01-11 10:00:00,5.873449193940716
2025-01-11 11:00:00,5.233595430221442
2025-01-11 12:00:00,7.004070053280794
2025-01-11 13:00:00,11.818011352134826
2025-01-11 14:00:00,10.217514115608948
2025-01-11 15:00:00,9.070594545817961
2025-01-11 16:00:00,9.366131417188532
2025-01-11 17:00:00,10.166220337691989
2025-01-11 18:00:00,11.49535158470089
2025-01-11 19:00:00,12.592963055368687
2025-01-11 20:00:00,12.059899246963331
2025-01-11 21:00:00,12.176782979696704
2025-01-11 22:00:00,11.336848274303904
2025-01-11 23:00:00,11.94111907449587
2025-01-12 00:00:00,24.260267254247964
2025-01-12 01:00:00,17.296113594426537
2025-01-12 02:00:00,18.207120188102362
2025-01-12 03:00:00,23.901120433741124
2025-01-12 04:00:00,18.01934738822053
2025-01-12 05:00:00,20.248958230742524
2025-01-12 06:00:00,21.76452288987487
2025-01-12 07:00:00,34.830578335048415
2025-01-12 08:00:00,13.730537756904958
2025-01-12 09:00:00,9.454010267983074
2025-01-12 10:00:00,8.668304768892973
2025-01-12 11:00:00,6.776726791988927
2025-01-12 12:00:00,6.486424192780007
2025-01-12 13:00:00,8.730342062689738
2025-01-12 14:00:00,12.479114253579548
2025-01-12 15:00:00,14.480111993899424
2025-01-12 16:00:00,18.747024477635314
2025-01-12 17:00:00,18.057984466199695
2025-01-12 18:00:00,18.690508073157872
2025-01-12 19:00:00,25.779463435497323
2025-01-12 20:00:00,14.873331288989457
2025-01-12 21:00:00,12.69654656664035
2025-01-12 22:00:00,9.506499366880345
2025-01-12 23:00:00,4.230307256738521
2025-01-13 00:00:00,7.823155886977795
2025-01-13 01:00:00,10.179650378320515
2025-01-13 02:00:00,6.404311699294252
2025-01-13 03:00:00,5.974356771501707
2025-01-13 04:00:00,5.079592359238488
2025-01-13 05:00:00,5.457058643161381
2025-01-13 06:00:00,4.7373477981044365
2025-01-13 07:00:00,5.934793474294429
2025-01-13 08:00:00,4.9397176890446035
2025-01-13 09:00:00,4.613152147312731
2025-01-13 10:00:00,2.892647352929942
2025-01-13 11:00:00,3.0782397900687277
2025-01-13 12:00:00,5.009350982130396
2025-01-13 13:00:00,5.613753327512798
2025-01-13 14:00:00,4.268616151612132
2025-01-13 15:00:00,5.498074623580089
2025-01-13 16:00:00,7.163428302554724
2025-01-13 17:00:00,7.713000327092005
2025-01-13 18:00:00,5.89906271211658
2025-01-13 19:00:00,7.394608040952824
2025-01-13 20:00:00,8.914233017070057
2025-01-13 21:00:00,23.0083250423151
2025-01-13 22:00:00,26.982180245596183
2025-01-13 23:00:00,30.01345667791948
2025-01-14 00:00:00,6.831120466020586
2025-01-14 01:00:00,10.431729358837615
2025-01-14 02:00:00,13.04049064405003
2025-01-14 03:00:00,31.52093251959891
2025-01-14 04:00:00,24.287936860045697
2025-01-14 05:00:00,25.82076868160782
2025-01-14 06:00:00,27.491014042375873
2025-01-14 07:00:00,21.918841711401658
2025-01-14 08:00:00,19.120339746994976
2025-01-14 09:00:00,8.588405879973225
2025-01-14 10:00:00,7.121807895510123
2025-01-14 11:00:00,13.178189246952286
2025-01-14 12:00:00,10.587899643831575
2025-01-14 13:00:00,8.206575955391084
2025-01-14 14:00:00,12.919506373829266
2025-01-14 15:00:00,13.01381200479109
2025-01-14 16:00:00,10.219976581602616
2025-01-14 17:00:00,14.002443066551463
2025-01-14 18:00:00,18.064543798350158
2025-01-14 19:00:00,16.79053570717244
2025-01-14 20:00:00,27.49566906746766
2025-01-14 21:00:00,34.11200377055734
2025-01-14 22:00:00,41.471519848040955
2025-01-14 23:00:00,44.4254326005867
2025-01-15 00:00:00,31.68504590790372
2025-01-15 01:00:00,40.66390083259147
2025-01-15 02:00:00,41.42770592212358
2025-01-15 03:00:00,37.10077014121451
2025-01-15 04:00:00,40.52551103487149
2025-01-15 05:00:00,52.96036272681816
2025-01-15 06:00:00,53.697771150383375
2025-01-15 07:00:00,34.69214299788526
2025-01-15 08:00:00,39.15555593068518
2025-01-15 09:00:00,34.77348676260036
2025-01-15 10:00:00,35.413716656721924
2025-01-15 11:00:00,31.742543332476806
2025-01-15 12:00:00,40.62160519187737
2025-01-15 13:00:00,30.331206907173577
2025-01-15 14:00:00,33.78272530420637
2025-01-15 15:00:00,30.960009171160838
2025-01-15 16:00:00,17.12352904978609
2025-01-15 17:00:00,25.52359845473021
2025-01-15 18:00:00,19.733364862217737
2025-01-15 19:00:00,31.162063518978364
2025-01-15 20:00:00,35.87291777264949
2025-01-15 21:00:00,32.76874868305039
2025-01-15 22:00:00,36.34992143623105
2025-01-15 23:00:00,15.148952470825195
2025-01-16 00:00:00,23.371569438870228
2025-01-16 01:00:00,21.75539060622811
2025-01-16 02:00:00,16.85629350608684
2025-01-16 03:00:00,7.910455076044578
2025-01-16 04:00:00,8.993993100511451
2025-01-16 05:00:00,10.766459391750297
2025-01-16 06:00:00,6.86843149603669
2025-01-16 07:00:00,5.3181503735610605
2025-01-16 08:00:00,5.114790976835588
2025-01-16 09:00:00,5.419684214139245
2025-01-16 10:00:00,5.069588693575589
2025-01-16 11:00:00,7.3918696670909
2025-01-16 12:00:00,12.667150179067324
2025-01-16 13:00:00,13.186091449483833
2025-01-16 14:00:00,14.48722886748279
2025-01-16 15:00:00,16.467885429229522
2025-01-16 16:00:00,14.54064576624469
2025-01-16 17:00:00,15.156680339746089
2025-01-16 18:00:00,10.501174788549308
2025-01-16 19:00:00,14.21764802623039
2025-01-16 20:00:00,17.743317726704333
2025-01-16 21:00:00,21.90261572786368
2025-01-16 22:00:00,19.19285671764977
2025-01-16 23:00:00,20.017963962214
2025-01-17 00:00:00,7.08775055980666
2025-01-17 01:00:00,9.399608137163705
2025-01-17 02:00:00,28.301775785793705
2025-01-17 03:00:00,27.08962500791412
2025-01-17 04:00:00,24.653208574077695
2025-01-17 05:00:00,14.814732560965625
2025-01-17 06:00:00,10.861774675795626
2025-01-17 07:00:00,16.97709340387034
2025-01-17 08:00:00,10.63890524642166
2025-01-17 09:00:00,7.2182738461956255
2025-01-17 10:00:00,6.807988342339958
2025-01-17 11:00:00,4.296243875476764
2025-01-17 12:00:00,5.016096095197111
2025-01-17 13:00:00,6.0944013500389325
2025-01-17 14:00:00,4.948742486879471
2025-01-17 15:00:00,3.4291117893389784
2025-01-17 16:00:00,4.110656999615441
2025-01-17 17:00:00,10.38125327928548
2025-01-17 18:00:00,9.596893125773883
2025-01-17 19:00:00,17.091184260152296
2025-01-17 20:00:00,15.486617750080937
2025-01-17 21:00:00,14.282923607431242
2025-01-17 22:00:00,15.985638120818066
2025-01-17 23:00:00,15.251162840172231
2025-01-18 00:00:00,7.751629030196491
2025-01-18 01:00:00,6.251441668176467
2025-01-18 02:00:00,13.76544818148521
2025-01-18 03:00:00,17.439586833577025
2025-01-18 04:00:00,18.12322614391117
2025-01-18 05:00:00,11.606495106902267
2025-01-18 06:00:00,17.76289903697737
2025-01-18 07:00:00,20.62721180204342
2025-01-18 08:00:00,14.251428681911634
2025-01-18 09:00:00,9.390881579212497
2025-01-18 10:00:00,4.1443323422607765
2025-01-18 11:00:00,0.9490263557626875
2025-01-18 12:00:00,3.226048187775712
2025-01-18 13:00:00,0.942820980075142
2025-01-18 14:00:00,1.725122635377573
2025-01-18 15:00:00,3.5166533869899776
2025-01-18 16:00:00,3.810841970950578
2025-01-18 17:00:00,7.528376908257273
2025-01-18 18:00:00,9.749060328070502
2025-01-18 19:00:00,10.205940821288383
2025-01-18 20:00:00,16.242549637118707
2025-01-18 21:00:00,9.057456857451061
2025-01-18 22:00:00,8.922626102030478
2025-01-18 23:00:00,8.711362003643021
2025-01-19 00:00:00,8.071095725435482
2025-01-19 01:00:00,8.56857728796337
2025-01-19 02:00:00,14.007712117965205
2025-01-19 03:00:00,12.246783126917375
2025-01-19 04:00:00,10.908267863545536
2025-01-19 05:00:00,13.671264642586307
2025-01-19 06:00:00,7.616007572107497
2025-01-19 07:00:00,5.738309516634698
2025-01-19 08:00:00,5.752321061975677
2025-01-19 09:00:00,5.033468686980539
2025-01-19 10:00:00,4.562503054071075
2025-01-19 11:00:00,3.824416172030369
2025-01-19 12:00:00,2.876622253984764
2025-01-19 13:00:00,2.3177861043418813
2025-01-19 14:00:00,3.1412286594988914
2025-01-19 15:00:00,3.5242283068823426
2025-01-19 16:00:00,5.7540031930905675
2025-01-19 17:00:00,8.879505494955803
2025-01-19 18:00:00,7.4885882176138665
2025-01-19 19:00:00,10.168706818262438
2025-01-19 20:00:00,7.970398993738271
2025-01-19 21:00:00,9.485189047872328
2025-01-19 22:00:00,7.296008803686609
2025-01-19 23:00:00,8.700115854759641
2025-01-20 00:00:00,9.291493071116328
2025-01-20 01:00:00,9.334512029829547
2025-01-20 02:00:00,9.480953729584689
2025-01-20 03:00:00,7.7809696924736995
2025-01-20 04:00:00,11.529460265297264
2025-01-20 05:00:00,9.841508892927695
2025-01-20 06:00:00,9.70935045856436
2025-01-20 07:00:00,10.716460084541776
2025-01-20 08:00:00,6.956182822353715
2025-01-20 09:00:00,6.908024836948206
2025-01-20 10:00:00,6.255893994183729
2025-01-20 11:00:00,7.586751441354097
2025-01-20 12:00:00,8.953162678302288
2025-01-20 13:00:00,6.961612396156739
2025-01-20 14:00:00,7.280045488823364
2025-01-20 15:00:00,8.800273860728685
2025-01-20 16:00:00,11.41213613099166
2025-01-20 17:00:00,13.78306790010071
2025-01-20 18:00:00,13.288273013472976
2025-01-20 19:00:00,14.276410275788
2025-01-20 20:00:00,13.171071461303368
2025-01-20 21:00:00,22.468431972215168
2025-01-20 22:00:00,16.80397570792471
2025-01-20 23:00:00,10.2981026473888
2025-01-21 00:00:00,9.670769652808485
2025-01-21 01:00:00,12.237929627651223
2025-01-21 02:00:00,13.416538306372054
2025-01-21 03:00:00,15.507454747650627
2025-01-21 04:00:00,10.846905570353181
2025-01-21 05:00:00,9.842642216688915
2025-01-21 06:00:00,9.767303057192882
2025-01-21 07:00:00,7.4818013522441476
2025-01-21 08:00:00,6.74161022743592
2025-01-21 09:00:00,8.467218674209434
2025-01-21 10:00:00,3.052023900696718
2025-01-21 11:00:00,3.255646420577333
2025-01-21 12:00:00,3.730358613200833
2025-01-21 13:00:00,4.57702740907716
2025-01-21 14:00:00,2.7532627507975294
2025-01-21 15:00:00,2.0731728701209162
2025-01-21 16:00:00,5.060683675246494
2025-01-21 17:00:00,7.39932214313493
2025-01-21 18:00:00,8.17282587723875
2025-01-21 19:00:00,7.176355119604431
2025-01-21 20:00:00,7.784927009175597
2025-01-21 21:00:00,7.672663750596285
2025-01-21 22:00:00,8.986773409420396
2025-01-21 23:00:00,10.343929252315684
2025-01-22 00:00:00,7.725883358311742
2025-01-22 01:00:00,9.52495988267814
2025-01-22 02:00:00,7.019127808856781
2025-01-22 03:00:00,10.789014515720567
2025-01-22 04:00:00,8.95110287591615
2025-01-22 05:00:00,6.388043997033157
2025-01-22 06:00:00,4.8077692327988855
2025-01-22 07:00:00,4.704994282903029
2025-01-22 08:00:00,3.6898243819619205
2025-01-22 09:00:00,3.904064273640444
2025-01-22 10:00:00,1.735487023820227
2025-01-22 11:00:00,1.2471260581754413
2025-01-22 12:00:00,3.317518905198201
2025-01-22 13:00:00,0.9601928989618127
2025-01-22 14:00:00,2.5289811989550635
2025-01-22 15:00:00,2.4419921496807224
2025-01-22 16:00:00,2.464882084231472
2025-01-22 17:00:00,4.906348823796733
2025-01-22 18:00:00,5.96719233121614
2025-01-22 19:00:00,7.712057189144911
2025-01-22 20:00:00,10.98818595838882
2025-01-22 21:00:00,11.624661385502753
2025-01-22 22:00:00,6.707546779125002
2025-01-22 23:00:00,6.666337634714255
2025-01-23 00:00:00,11.81543081828132
2025-01-23 01:00:00,18.660195882236657
2025-01-23 02:00:00,18.21243986869486
2025-01-23 03:00:00,16.291014295891607
2025-01-23 04:00:00,17.400058742313252
2025-01-23 05:00:00,16.933097864245855
2025-01-23 06:00:00,14.442507234597752
2025-01-23 07:00:00,16.611312680319873
2025-01-23 08:00:00,13.609732787667179
2025-01-23 09:00:00,10.204564674563809
2025-01-23 10:00:00,7.032664765624553
2025-01-23 11:00:00,2.0064653098344833
2025-01-23 12:00:00,1.2327482966643157
2025-01-23 13:00:00,1.4753568042433112
2025-01-23 14:00:00,3.8736213598001665
2025-01-23 15:00:00,4.5616337004402805
2025-01-23 16:00:00,9.249070670796987
2025-01-23 17:00:00,11.401589950344333
2025-01-23 18:00:00,9.2359123557945
2025-01-23 19:00:00,16.010034449054473
2025-01-23 20:00:00,12.07452228604263
2025-01-23 21:00:00,10.894496860919588
2025-01-23 22:00:00,9.787636646635404
2025-01-23 23:00:00,19.706251266440052
2025-01-24 00:00:00,17.352098551657676
2025-01-24 01:00:00,7.886996279396432
2025-01-24 02:00:00,11.393943195065798
2025-01-24 03:00:00,9.099654412250782
2025-01-24 04:00:00,15.52268356342089
2025-01-24 05:00:00,20.167005008375565
2025-01-24 06:00:00,17.906313078416726
2025-01-24 07:00:00,20.13781869393963
2025-01-24 08:00:00,16.33339176390554
2025-01-24 09:00:00,6.57938813955496
2025-01-24 10:00:00,3.8745544647251515
2025-01-24 11:00:00,3.8734223855542878
2025-01-24 12:00:00,1.1601540993511315
2025-01-24 13:00:00,3.607984756809314
2025-01-24 14:00:00,13.377084015217095
2025-01-24 15:00:00,11.288730453025293
2025-01-24 16:00:00,14.441341833988911
2025-01-24 17:00:00,10.660415022726333
2025-01-24 18:00:00,9.992057063101955
2025-01-24 19:00:00,16.103570674395975
2025-01-24 20:00:00,10.5771786053769
2025-01-24 21:00:00,13.142344392585317
2025-01-24 22:00:00,16.001514819692122
2025-01-24 23:00:00,13.49731989497358
2025-01-25 00:00:00,15.186358921163565
2025-01-25 01:00:00,17.53318329948663
2025-01-25 02:00:00,13.00050057648204
2025-01-25 03:00:00,14.558581634647116
2025-01-25 04:00:00,7.550981709608856
2025-01-25 05:00:00,10.85742650957558
2025-01-25 06:00:00,6.775119988325824
2025-01-25 07:00:00,9.426660511271274
2025-01-25 08:00:00,12.577510541632558
2025-01-25 09:00:00,7.84560693556821
2025-01-25 10:00:00,7.003101044104971
2025-01-25 11:00:00,2.788502129113042
2025-01-25 12:00:00,0.0
2025-01-25 13:00:00,0.0
2025-01-25 14:00:00,0.0
2025-01-25 15:00:00,0.263262401618053
2025-01-25 16:00:00,7.41817009115616
2025-01-25 17:00:00,5.336244098707834
2025-01-25 18:00:00,5.820638711243235
2025-01-25 19:00:00,7.706893295060279
2025-01-25 20:00:00,11.392271485872596
2025-01-25 21:00:00,12.881627822977714
2025-01-25 22:00:00,10.921469199613172
2025-01-25 23:00:00,12.066826353322092
2025-01-26 00:00:00,10.4947148866427
2025-01-26 01:00:00,9.059871952503592
2025-01-26 02:00:00,7.46606881348666
2025-01-26 03:00:00,10.538186004402696
2025-01-26 04:00:00,12.799653138330276
2025-01-26 05:00:00,7.892951772796427
2025-01-26 06:00:00,6.996221657232181
2025-01-26 07:00:00,6.7207551742221
2025-01-26 08:00:00,12.10670568181841
2025-01-26 09:00:00,6.5932338967319675
2025-01-26 10:00:00,2.1564399798974936
2025-01-26 11:00:00,2.074950381323237
2025-01-26 12:00:00,1.5728044765902007
2025-01-26 13:00:00,1.4251798984330508
2025-01-26 14:00:00,1.6046691113003129
2025-01-26 15:00:00,2.1062871594252037
2025-01-26 16:00:00,3.4167285286174125
2025-01-26 17:00:00,4.965830362040797
2025-01-26 18:00:00,7.353029061231928
2025-01-26 19:00:00,4.8759187153813475
2025-01-26 20:00:00,6.915299820894827
2025-01-26 21:00:00,7.945265043054257
2025-01-26 22:00:00,7.610665319327458
2025-01-26 23:00:00,9.311583366368824
2025-01-27 00:00:00,8.553078323719596
2025-01-27 01:00:00,10.11934803746166
2025-01-27 02:00:00,9.894239886523113
2025-01-27 03:00:00,11.463759860119639
2025-01-27 04:00:00,11.806474643281751
2025-01-27 05:00:00,22.250102228879925
2025-01-27 06:00:00,20.6803048467469
2025-01-27 07:00:00,25.31256618731361
2025-01-27 08:00:00,25.177392241206217
2025-01-27 09:00:00,24.53674087955473
2025-01-27 10:00:00,35.34059257915836
2025-01-27 11:00:00,47.09735967354605
2025-01-27 12:00:00,47.20424650421683
2025-01-27 13:00:00,29.6548815443675
2025-01-27 14:00:00,22.794928939498956
2025-01-27 15:00:00,34.83463282755475
2025-01-27 16:00:00,47.516133122644945
2025-01-27 17:00:00,54.85403958175576
2025-01-27 18:00:00,53.03367420879753
2025-01-27 19:00:00,46.754575238469265
2025-01-27 20:00:00,49.005360563223405
2025-01-27 21:00:00,45.94858588554836
2025-01-27 22:00:00,46.15535789236214
2025-01-27 23:00:00,50.712622490666895
2025-01-28 00:00:00,33.243985039705564
2025-01-28 01:00:00,50.72362718363182
2025-01-28 02:00:00,52.66658167558388
2025-01-28 03:00:00,44.92724372636308
2025-01-28 04:00:00,43.31975217059079
2025-01-28 05:00:00,49.92497349409141
2025-01-28 06:00:00,48.66559159096515
2025-01-28 07:00:00,45.62533526039165
2025-01-28 08:00:00,38.872476883609586
2025-01-28 09:00:00,49.75293902842154
2025-01-28 10:00:00,49.228824334735975
2025-01-28 11:00:00,54.29394139971495
2025-01-28 12:00:00,53.20596125605939
2025-01-28 13:00:00,57.997491826730254
2025-01-28 14:00:00,57.862834649645066
2025-01-28 15:00:00,45.72864924883905
2025-01-28 16:00:00,51.2504405765631
2025-01-28 17:00:00,51.91900651258774
2025-01-28 18:00:00,54.93247715359123
2025-01-28 19:00:00,55.24106365589197
2025-01-28 20:00:00,52.497747649120775
2025-01-28 21:00:00,54.04101677086433
2025-01-28 22:00:00,49.78324002885468
2025-01-28 23:00:00,43.45803759075785
2025-01-29 00:00:00,47.95723923620261
2025-01-29 01:00:00,50.323298078336684
2025-01-29 02:00:00,39.726294002176154
2025-01-29 03:00:00,44.334157671989544
2025-01-29 04:00:00,50.74103858800883
2025-01-29 05:00:00,51.0720284092756
2025-01-29 06:00:00,41.19491408180637
2025-01-29 07:00:00,44.82997567902811
2025-01-29 08:00:00,55.88048620157418
2025-01-29 09:00:00,53.43412466575378
2025-01-29 10:00:00,44.67496800281579
2025-01-29 11:00:00,51.34264333115723
2025-01-29 12:00:00,50.46841570761761
2025-01-29 13:00:00,53.02134466378251
2025-01-29 14:00:00,51.47197120411976
2025-01-29 15:00:00,48.95665022458887
2025-01-29 16:00:00,46.286681718327664
2025-01-29 17:00:00,46.020307914150735
2025-01-29 18:00:00,43.08073696888691
2025-01-29 19:00:00,50.09346511196757
2025-01-29 20:00:00,34.01641599755298
2025-01-29 21:00:00,45.08235032658832
2025-01-29 22:00:00,38.78700617737693
2025-01-29 23:00:00,44.77093877375352
2025-01-30 00:00:00,15.356429559848396
2025-01-30 01:00:00,18.106942750680783
2025-01-30 02:00:00,9.290893101001009
2025-01-30 03:00:00,10.630717652197925
2025-01-30 04:00:00,12.627150983638632
2025-01-30 05:00:00,12.582298747957775
2025-01-30 06:00:00,10.317313998359909
2025-01-30 07:00:00,16.11209188277239
2025-01-30 08:00:00,13.269664809694834
2025-01-30 09:00:00,11.600967260398226
2025-01-30 10:00:00,8.912798042555789
2025-01-30 11:00:00,6.9376750542027565
2025-01-30 12:00:00,4.514312290744537
2025-01-30 13:00:00,5.04821855326749
2025-01-30 14:00:00,4.354284326734398
2025-01-30 15:00:00,2.927148750155579
2025-01-30 16:00:00,4.295848107070967
2025-01-30 17:00:00,6.689708406827949
2025-01-30 18:00:00,9.996663050559448
2025-01-30 19:00:00,10.485605144504117
2025-01-30 20:00:00,7.013707672112513
2025-01-30 21:00:00,5.5000608719087944
2025-01-30 22:00:00,9.78606456350305
2025-01-30 23:00:00,10.417670756907581
2025-01-31 00:00:00,4.540495332234585
2025-01-31 01:00:00,5.906343415429582
2025-01-31 02:00:00,4.473234241633722
2025-01-31 03:00:00,6.460346399648969
2025-01-31 04:00:00,6.254609521633282
2025-01-31 05:00:00,6.413578132675739
2025-01-31 06:00:00,9.34611108748491
2025-01-31 07:00:00,9.625091320412015
2025-01-31 08:00:00,5.527467712198045
2025-01-31 09:00:00,5.285453791496016
2025-01-31 10:00:00,8.162359675064735
2025-01-31 11:00:00,4.355641279020629
2025-01-31 12:00:00,5.787018367926936
2025-01-31 13:00:00,3.684335316494097
2025-01-31 14:00:00,3.28839606329465
2025-01-31 15:00:00,4.2709814847882726
2025-01-31 16:00:00,5.985227103763305
2025-01-31 17:00:00,5.611242606158738
2025-01-31 18:00:00,6.962004902181429
2025-01-31 19:00:00,8.208124883584558
2025-01-31 20:00:00,8.243279125600122
2025-01-31 21:00:00,6.021152040452794
2025-01-31 22:00:00,8.178197099898949
2025-01-31 23:00:00,9.42994170499848
2025-02-01 00:00:00,12.485399979454495
2025-02-01 01:00:00,5.865039099969667
2025-02-01 02:00:00,9.625980210913935
2025-02-01 03:00:00,14.819410159339798
2025-02-01 04:00:00,10.908169375776293
2025-02-01 05:00:00,14.966674300982627
2025-02-01 06:00:00,8.670336599571199
2025-02-01 07:00:00,7.455228507390931
2025-02-01 08:00:00,11.289038196798021
2025-02-01 09:00:00,7.291851934077273
2025-02-01 10:00:00,7.464767980200796
2025-02-01 11:00:00,6.2121496722925675
2025-02-01 12:00:00,9.576502264647416
2025-02-01 13:00:00,10.06860625147794
2025-02-01 14:00:00,9.0209671295238
2025-02-01 15:00:00,6.62579004633112
2025-02-01 16:00:00,8.02162086993794
2025-02-01 17:00:00,10.735683961602973
2025-02-01 18:00:00,10.585950681654712
2025-02-01 19:00:00,13.296569187082588
2025-02-01 20:00:00,12.974988698218247
2025-02-01 21:00:00,12.418453510198868
2025-02-01 22:00:00,15.70810902925358
2025-02-01 23:00:00,14.3261690352148
2025-02-02 00:00:00,16.321209871826042
2025-02-02 01:00:00,18.04643620946656
2025-02-02 02:00:00,15.34044961224277
2025-02-02 03:00:00,16.681525952375125
2025-02-02 04:00:00,13.462963263490348
2025-02-02 05:00:00,11.377715047053723
2025-02-02 06:00:00,13.952703558035576
2025-02-02 07:00:00,13.968574836954184
2025-02-02 08:00:00,10.96738417079314
2025-02-02 09:00:00,8.496261084976691
2025-02-02 10:00:00,11.51623737639228
2025-02-02 11:00:00,14.114858215612893
2025-02-02 12:00:00,9.245654922260481
2025-02-02 13:00:00,6.360872478097072
2025-02-02 14:00:00,5.509200118413456
2025-02-02 15:00:00,3.2686716028047047
2025-02-02 16:00:00,9.367690819217488
2025-02-02 17:00:00,13.647453358051331
2025-02-02 18:00:00,15.108916708743077
2025-02-02 19:00:00,23.045611643128055
2025-02-02 20:00:00,23.50616097768528
2025-02-02 21:00:00,24.525150311148895
2025-02-02 22:00:00,21.97255630555532
2025-02-02 23:00:00,23.790965416627582
2025-02-03 00:00:00,26.552384707162414
2025-02-03 01:00:00,30.643368258780317
2025-02-03 02:00:00,30.550978079191417
2025-02-03 03:00:00,32.928072167826166
2025-02-03 04:00:00,43.34604603033694
2025-02-03 05:00:00,44.03624616022332
2025-02-03 06:00:00,51.706921313977624
2025-02-03 07:00:00,48.92625273929879
2025-02-03 08:00:00,53.79760444210389
2025-02-03 09:00:00,51.2825351015849
2025-02-03 10:00:00,48.468972247277854
2025-02-03 11:00:00,48.57237049533094
2025-02-03 12:00:00,47.11268118116336
2025-02-03 13:00:00,49.90931598896181
2025-02-03 14:00:00,46.09781855848291
2025-02-03 15:00:00,50.05303126967741
2025-02-03 16:00:00,50.360352021246015
2025-02-03 17:00:00,58.14537205614198
2025-02-03 18:00:00,60.513533796683305
2025-02-03 19:00:00,55.5901046829833
2025-02-03 20:00:00,51.4199333377138
2025-02-03 21:00:00,57.342881325958274
2025-02-03 22:00:00,58.20949062413101
2025-02-03 23:00:00,56.62101871301336
2025-02-04 00:00:00,50.93616537616661
2025-02-04 01:00:00,45.05078094068568
2025-02-04 02:00:00,49.84387871746252
2025-02-04 03:00:00,54.57244195978779
2025-02-04 04:00:00,50.242304680320665
2025-02-04 05:00:00,50.513783784271645
2025-02-04 06:00:00,52.301131285757826
2025-02-04 07:00:00,41.9968426354373
2025-02-04 08:00:00,44.65525701646592
2025-02-04 09:00:00,44.039254863556735
2025-02-04 10:00:00,50.42121810543996
2025-02-04 11:00:00,51.507362976404856
2025-02-04 12:00:00,49.71214450201691
2025-02-04 13:00:00,54.57448591678819
2025-02-04 14:00:00,51.13121618096579
2025-02-04 15:00:00,52.347190832284205
2025-02-04 16:00:00,46.32664922941022
2025-02-04 17:00:00,45.13504990119582
2025-02-04 18:00:00,32.211491784916696
2025-02-04 19:00:00,41.18968886233453
2025-02-04 20:00:00,40.703908189426066
2025-02-04 21:00:00,41.96234837454002
2025-02-04 22:00:00,42.78132641940103
2025-02-04 23:00:00,39.43450010017606
2025-02-05 00:00:00,47.7811961374895
2025-02-05 01:00:00,46.97744242288525
2025-02-05 02:00:00,50.17615205789133
2025-02-05 03:00:00,45.50941195162984
2025-02-05 04:00:00,44.12333624688548
2025-02-05 05:00:00,37.66573687797004
2025-02-05 06:00:00,33.21440970016152
2025-02-05 07:00:00,21.669637410865974
2025-02-05 08:00:00,24.186673746676966
2025-02-05 09:00:00,25.335975611293073
2025-02-05 10:00:00,19.248072609559262
2025-02-05 11:00:00,19.804655650711897
2025-02-05 12:00:00,20.136661639525133
2025-02-05 13:00:00,23.107502484080936
2025-02-05 14:00:00,22.669910671413763
2025-02-05 15:00:00,26.828625985851208
2025-02-05 16:00:00,26.69344902656006
2025-02-05 17:00:00,32.70726293336175
2025-02-05 18:00:00,45.70517595263686
2025-02-05 19:00:00,45.1505364023033
2025-02-05 20:00:00,43.26824181647457
2025-02-05 21:00:00,41.71026866259801
2025-02-05 22:00:00,42.048191408398466
2025-02-05 23:00:00,47.42897440341077
2025-02-06 00:00:00,36.365211816033934
2025-02-06 01:00:00,35.35474492784258
2025-02-06 02:00:00,35.27557165711561
2025-02-06 03:00:00,27.02451246060377
2025-02-06 04:00:00,16.930748170482154
2025-02-06 05:00:00,15.833633389552604
2025-02-06 06:00:00,22.313860586511126
2025-02-06 07:00:00,15.051405581576615
2025-02-06 08:00:00,11.220762579076421
2025-02-06 09:00:00,11.022479054251628
2025-02-06 10:00:00,9.554064123351942
2025-02-06 11:00:00,9.753517153730572
2025-02-06 12:00:00,9.57748490313261
2025-02-06 13:00:00,11.359037427190069
2025-02-06 14:00:00,32.91499708892314
2025-02-06 15:00:00,30.063593390719404
2025-02-06 16:00:00,20.65178120078599
2025-02-06 17:00:00,16.025223893014633
2025-02-06 18:00:00,22.77219170476491
2025-02-06 19:00:00,49.571486256103825
2025-02-06 20:00:00,37.67377979268366
2025-02-06 21:00:00,51.876966879729245
2025-02-06 22:00:00,57.67073130025383
2025-02-06 23:00:00,52.51519261941332
2025-02-07 00:00:00,17.90063248730641
2025-02-07 01:00:00,8.595057153460846
2025-02-07 02:00:00,15.315869447891787
2025-02-07 03:00:00,14.470171651508176
2025-02-07 04:00:00,13.636036230515456
2025-02-07 05:00:00,16.913345714726926
2025-02-07 06:00:00,23.734238277143024
2025-02-07 07:00:00,21.136841845228933
2025-02-07 08:00:00,24.331061943438666
2025-02-07 09:00:00,34.13844525386695
2025-02-07 10:00:00,21.880787991860114
2025-02-07 11:00:00,32.13555032072615
2025-02-07 12:00:00,37.27202455678646
2025-02-07 13:00:00,44.51405491586299
2025-02-07 14:00:00,46.8464432971332
2025-02-07 15:00:00,43.34329300489421
2025-02-07 16:00:00,43.382366282200906
2025-02-07 17:00:00,51.31243436279833
2025-02-07 18:00:00,41.087468136551486
2025-02-07 19:00:00,52.997389772264086
2025-02-07 20:00:00,52.67561088934046
2025-02-07 21:00:00,51.22830835413966
2025-02-07 22:00:00,50.53035934215387
2025-02-07 23:00:00,48.67399348438244
2025-02-08 00:00:00,38.843093131525585
2025-02-08 01:00:00,42.65585744378562
2025-02-08 02:00:00,39.32639758284515
2025-02-08 03:00:00,28.072455414759514
2025-02-08 04:00:00,29.689805765229067
2025-02-08 05:00:00,35.36565159947594
2025-02-08 06:00:00,29.874161329721808
2025-02-08 07:00:00,22.515570293769247
2025-02-08 08:00:00,11.248727344686976
2025-02-08 09:00:00,19.610869356202276
2025-02-08 10:00:00,32.4188202810536
2025-02-08 11:00:00,34.495178556348044
2025-02-08 12:00:00,44.13097967465705
2025-02-08 13:00:00,34.168805169881765
2025-02-08 14:00:00,35.12514685414522
2025-02-08 15:00:00,27.54808190147013
2025-02-08 16:00:00,27.895411779590983
2025-02-08 17:00:00,27.380202833637796
2025-02-08 18:00:00,23.807336739956362
2025-02-08 19:00:00,25.982171900977576
2025-02-08 20:00:00,25.26935716771241
2025-02-08 21:00:00,11.198495925410441
2025-02-08 22:00:00,8.825593644203671
2025-02-08 23:00:00,9.258923985951801
2025-02-09 00:00:00,4.3368774647911765
2025-02-09 01:00:00,13.070903473785362
2025-02-09 02:00:00,10.518272923119687
2025-02-09 03:00:00,10.044199926033285
2025-02-09 04:00:00,10.906141517661972
2025-02-09 05:00:00,10.084747068524843
2025-02-09 06:00:00,12.115925370361845
2025-02-09 07:00:00,13.895027485005553
2025-02-09 08:00:00,10.443282777984525
2025-02-09 09:00:00,14.888967323989164
2025-02-09 10:00:00,14.967169325532517
2025-02-09 11:00:00,12.677695230072967
2025-02-09 12:00:00,18.944639861021088
2025-02-09 13:00:00,16.533272639836767
2025-02-09 14:00:00,16.57915076751219
2025-02-09 15:00:00,17.861998372068076
2025-02-09 16:00:00,25.59180170497343
2025-02-09 17:00:00,22.789006745428825
2025-02-09 18:00:00,24.893956916710426
2025-02-09 19:00:00,33.776227634137804
2025-02-09 20:00:00,32.77452758297897
2025-02-09 21:00:00,33.400513766958234
2025-02-09 22:00:00,36.455656775954616
2025-02-09 23:00:00,33.4799797605723
2025-02-10 00:00:00,23.188353257758923
2025-02-10 01:00:00,21.803532173969955
2025-02-10 02:00:00,25.856374298672726
2025-02-10 03:00:00,26.82245359932358
2025-02-10 04:00:00,26.170796747868273
2025-02-10 05:00:00,14.58021580594756
2025-02-10 06:00:00,13.953951603171225
2025-02-10 07:00:00,14.401365696843854
2025-02-10 08:00:00,4.743854670022925
2025-02-10 09:00:00,4.829267959796775
2025-02-10 10:00:00,7.799382450638071
2025-02-10 11:00:00,4.105157560228859
2025-02-10 12:00:00,7.396380392056127
2025-02-10 13:00:00,3.6561687090131474
2025-02-10 14:00:00,10.981601014667302
2025-02-10 15:00:00,7.516341817433992
2025-02-10 16:00:00,9.134399334640948
2025-02-10 17:00:00,12.702101760654013
2025-02-10 18:00:00,19.486860817956412
2025-02-10 19:00:00,27.721248853770998
2025-02-10 20:00:00,14.475302280241696
2025-02-10 21:00:00,6.138221698426062
2025-02-10 22:00:00,9.471335069080274
2025-02-10 23:00:00,3.430743670951586
2025-02-11 00:00:00,5.695929442334894
2025-02-11 01:00:00,3.238161126331563
2025-02-11 02:00:00,3.8149820464547233
2025-02-11 03:00:00,4.8079695292691875
2025-02-11 04:00:00,6.059028802571525
2025-02-11 05:00:00,9.909906323802849
2025-02-11 06:00:00,3.3273057052928863
2025-02-11 07:00:00,2.590833775886065
2025-02-11 08:00:00,5.9055341088680064
2025-02-11 09:00:00,5.241528610774792
2025-02-11 10:00:00,3.687521506098014
2025-02-11 11:00:00,0.7964162989419438
2025-02-11 12:00:00,0.0
2025-02-11 13:00:00,0.0
2025-02-11 14:00:00,0.0
2025-02-11 15:00:00,0.0
2025-02-11 16:00:00,0.8203835213082294
2025-02-11 17:00:00,1.4113446475054823
2025-02-11 18:00:00,3.7179483579350014
2025-02-11 19:00:00,2.324146393505979
2025-02-11 20:00:00,3.3795813007590785
2025-02-11 21:00:00,4.039345294192676
2025-02-11 22:00:00,4.362899283349918
2025-02-11 23:00:00,5.062116604354705
2025-02-12 00:00:00,6.994542699735886
2025-02-12 01:00:00,8.576947595864578
2025-02-12 02:00:00,7.090071407676777
2025-02-12 03:00:00,12.919707010039872
2025-02-12 04:00:00,6.544554092091192
2025-02-12 05:00:00,10.262415007176703
2025-02-12 06:00:00,5.76885614611735
2025-02-12 07:00:00,6.683998405748023
2025-02-12 08:00:00,5.896287659755262
2025-02-12 09:00:00,7.255457755007739
2025-02-12 10:00:00,7.455283994298675
2025-02-12 11:00:00,12.248823889626646
2025-02-12 12:00:00,8.721530625263615
2025-02-12 13:00:00,14.57267670737378
2025-02-12 14:00:00,17.882384056764757
2025-02-12 15:00:00,21.422374613201985
2025-02-12 16:00:00,15.515112826601786
2025-02-12 17:00:00,47.98016274949004
2025-02-12 18:00:00,43.23473354769006
2025-02-12 19:00:00,44.47076526702407
2025-02-12 20:00:00,45.95901730781402
2025-02-12 21:00:00,53.527486960386355
2025-02-12 22:00:00,54.48051391910432
2025-02-12 23:00:00,53.80147050968223
2025-02-13 00:00:00,55.101666778579315
2025-02-13 01:00:00,55.94460373447644
2025-02-13 02:00:00,55.29009825209096
2025-02-13 03:00:00,50.06612106319293
2025-02-13 04:00:00,38.25613252207376
2025-02-13 05:00:00,28.108564544831175
2025-02-13 06:00:00,26.785695521340543
2025-02-13 07:00:00,17.53544560547395
2025-02-13 08:00:00,14.821757178932685
2025-02-13 09:00:00,6.972175012005759
2025-02-13 10:00:00,7.506087872991832
2025-02-13 11:00:00,7.349579282261122
2025-02-13 12:00:00,6.537076321635984
2025-02-13 13:00:00,12.078228166560361
2025-02-13 14:00:00,8.149371842032854
2025-02-13 15:00:00,13.516676863793856
2025-02-13 16:00:00,13.119794953423085
2025-02-13 17:00:00,18.86717555580828
2025-02-13 18:00:00,14.87442179952807
2025-02-13 19:00:00,17.83472760696972
2025-02-13 20:00:00,15.929150167099841
2025-02-13 21:00:00,11.367457965021245
2025-02-13 22:00:00,17.23453669059358
2025-02-13 23:00:00,8.221475133671904
2025-02-14 00:00:00,7.901704945620273
2025-02-14 01:00:00,8.69389751658068
2025-02-14 02:00:00,8.265204205089141
2025-02-14 03:00:00,11.730267056409748
2025-02-14 04:00:00,9.568360831987741
2025-02-14 05:00:00,7.267789056550453
2025-02-14 06:00:00,6.376917809364566
2025-02-14 07:00:00,4.82397882299258
2025-02-14 08:00:00,5.76915024653928
2025-02-14 09:00:00,3.364465934672729
2025-02-14 10:00:00,5.224317739269852
2025-02-14 11:00:00,3.505011465270401
2025-02-14 12:00:00,3.3338648259886017
2025-02-14 13:00:00,1.8332708824977162
2025-02-14 14:00:00,2.1485723463814295
2025-02-14 15:00:00,1.5327172508713909
2025-02-14 16:00:00,3.925993495530097
2025-02-14 17:00:00,6.535421383189111
2025-02-14 18:00:00,7.290710786459803
2025-02-14 19:00:00,7.471875743240292
2025-02-14 20:00:00,7.02759284964788
2025-02-14 21:00:00,10.903183443203627
2025-02-14 22:00:00,6.367184701934968
2025-02-14 23:00:00,5.8727743923839615
2025-02-15 00:00:00,4.156180354604287
2025-02-15 01:00:00,7.417553781817412
2025-02-15 02:00:00,3.456215179029055
2025-02-15 03:00:00,5.980749959802262
2025-02-15 04:00:00,6.951073687156727
2025-02-15 05:00:00,6.488282542019532
2025-02-15 06:00:00,7.203404958919014
2025-02-15 07:00:00,4.842706288995861
2025-02-15 08:00:00,4.675065864406206
2025-02-15 09:00:00,4.191431941153382
2025-02-15 10:00:00,4.246261343313929
2025-02-15 11:00:00,1.4244138401385933
2025-02-15 12:00:00,3.714884709401691
2025-02-15 13:00:00,3.813561554311136
2025-02-15 14:00:00,3.258002849684603
2025-02-15 15:00:00,4.086331179278195
2025-02-15 16:00:00,5.786577331967774
2025-02-15 17:00:00,8.358623140158581
2025-02-15 18:00:00,5.945956617273263
2025-02-15 19:00:00,7.491115396862296
2025-02-15 20:00:00,6.997840504616956
2025-02-15 21:00:00,9.873842548979006
2025-02-15 22:00:00,8.1127711874479
2025-02-15 23:00:00,5.440110244145376
2025-02-16 00:00:00,5.32881228735744
2025-02-16 01:00:00,10.53215369023562
2025-02-16 02:00:00,9.370587073780472
2025-02-16 03:00:00,9.932626038089955
2025-02-16 04:00:00,7.168692708894309
2025-02-16 05:00:00,6.4721491976905385
2025-02-16 06:00:00,6.506176986236572
2025-02-16 07:00:00,6.062534850415138
2025-02-16 08:00:00,5.282527432690324
2025-02-16 09:00:00,4.846148267346931
2025-02-16 10:00:00,4.074346620815268
2025-02-16 11:00:00,4.611681956845073
2025-02-16 12:00:00,7.514422834377659
2025-02-16 13:00:00,9.251491997539503
2025-02-16 14:00:00,10.652339753354221
2025-02-16 15:00:00,19.52765396341166
2025-02-16 16:00:00,19.38034794240902
2025-02-16 17:00:00,16.06402316436731
2025-02-16 18:00:00,18.987369798254868
2025-02-16 19:00:00,21.037062645334508
2025-02-16 20:00:00,30.515732021110157
2025-02-16 21:00:00,33.15651286123296
2025-02-16 22:00:00,35.619656263301664
2025-02-16 23:00:00,35.87564369773697
2025-02-17 00:00:00,45.844566391773064
2025-02-17 01:00:00,53.43937730417563
2025-02-17 02:00:00,55.66242487944553
2025-02-17 03:00:00,50.52652646149819
2025-02-17 04:00:00,47.390976159331416
2025-02-17 05:00:00,43.54695687528394
2025-02-17 06:00:00,50.70197562301401
2025-02-17 07:00:00,38.84092344613611
2025-02-17 08:00:00,32.8253432412361
2025-02-17 09:00:00,28.852133377906966
2025-02-17 10:00:00,41.26738408480881
2025-02-17 11:00:00,39.3421530739135
2025-02-17 12:00:00,41.69897861261649
2025-02-17 13:00:00,41.173353716115166
2025-02-17 14:00:00,42.657985032340065
2025-02-17 15:00:00,41.43974218372061
2025-02-17 16:00:00,39.80688325382772
2025-02-17 17:00:00,43.177929168285104
2025-02-17 18:00:00,41.376833760573966
2025-02-17 19:00:00,35.460689275522306
2025-02-17 20:00:00,36.27961074358646
2025-02-17 21:00:00,39.53909525359846
2025-02-17 22:00:00,42.16058175060713
2025-02-17 23:00:00,44.17885607237703
2025-02-18 00:00:00,47.291796057336576
2025-02-18 01:00:00,46.159526577681376
2025-02-18 02:00:00,47.208322956048285
2025-02-18 03:00:00,37.440831627024906
2025-02-18 04:00:00,38.47515962036332
2025-02-18 05:00:00,49.49432300445488
2025-02-18 06:00:00,42.51814595894697
2025-02-18 07:00:00,35.35002828151334
2025-02-18 08:00:00,31.74871758787738
2025-02-18 09:00:00,36.76672989709979
2025-02-18 10:00:00,34.685678380088945
2025-02-18 11:00:00,44.88514755645797
2025-02-18 12:00:00,40.22357366005026
2025-02-18 13:00:00,41.860831865837966
2025-02-18 14:00:00,41.29744366818832
2025-02-18 15:00:00,41.314073448316755
2025-02-18 16:00:00,41.01745413822709
2025-02-18 17:00:00,41.51806655232929
2025-02-18 18:00:00,41.502981036319724
2025-02-18 19:00:00,36.9542723667154
2025-02-18 20:00:00,41.435393501375444
2025-02-18 21:00:00,47.08075585106765
2025-02-18 22:00:00,45.44657146055773
2025-02-18 23:00:00,49.05363319313903
2025-02-19 00:00:00,45.763473811011046
2025-02-19 01:00:00,43.91496034071791
2025-02-19 02:00:00,44.01128275657464
2025-02-19 03:00:00,29.994314590472836
2025-02-19 04:00:00,31.021063333871115
2025-02-19 05:00:00,45.75107813340944
2025-02-19 06:00:00,43.85440296055092
2025-02-19 07:00:00,39.84604250802415
2025-02-19 08:00:00,39.65883592027925
2025-02-19 09:00:00,39.66371409224043
2025-02-19 10:00:00,38.49021914006547
2025-02-19 11:00:00,42.42491424402375
2025-02-19 12:00:00,41.818492264682526
2025-02-19 13:00:00,43.1976694050238
2025-02-19 14:00:00,41.07226924958943
2025-02-19 15:00:00,41.91745122591539
2025-02-19 16:00:00,38.04164954923299
2025-02-19 17:00:00,40.03514830342747
2025-02-19 18:00:00,28.759430386186917
2025-02-19 19:00:00,32.97936808974179
2025-02-19 20:00:00,36.46245621885112
2025-02-19 21:00:00,35.33194559912274
2025-02-19 22:00:00,34.550593135860744
2025-02-19 23:00:00,34.02444921147111
2025-02-20 00:00:00,24.71869286156218
2025-02-20 01:00:00,26.837809100318886
2025-02-20 02:00:00,29.598322681752197
2025-02-20 03:00:00,32.18007694204987
2025-02-20 04:00:00,30.692498946078985
2025-02-20 05:00:00,27.781145392471878
2025-02-20 06:00:00,21.652934668226823
2025-02-20 07:00:00,19.623656670579344
2025-02-20 08:00:00,13.008344424398087
2025-02-20 09:00:00,16.28693716953007
2025-02-20 10:00:00,20.67413367398709
2025-02-20 11:00:00,22.39823390427041
2025-02-20 12:00:00,24.736082623781204
2025-02-20 13:00:00,30.447017102485
2025-02-20 14:00:00,31.246022539422302
2025-02-20 15:00:00,34.713010885641445
2025-02-20 16:00:00,34.85861141343829
2025-02-20 17:00:00,36.6831999962105
2025-02-20 18:00:00,28.2833177036823
2025-02-20 19:00:00,32.289126316700035
2025-02-20 20:00:00,36.817570601264805
2025-02-20 21:00:00,37.81660384345753
2025-02-20 22:00:00,43.01102192059551
2025-02-20 23:00:00,43.69702295925058
2025-02-21 00:00:00,39.66568899681038
2025-02-21 01:00:00,43.1084757754517
2025-02-21 02:00:00,38.465818721873
2025-02-21 03:00:00,35.9247237846233
2025-02-21 04:00:00,25.254452326384488
2025-02-21 05:00:00,23.32873485452159
2025-02-21 06:00:00,21.783873687405244
2025-02-21 07:00:00,21.175608346994235
2025-02-21 08:00:00,23.504176814593553
2025-02-21 09:00:00,21.157808424966042
2025-02-21 10:00:00,20.10780753931981
2025-02-21 11:00:00,15.920934944639273
2025-02-21 12:00:00,21.71276839792941
2025-02-21 13:00:00,23.55384376175081
2025-02-21 14:00:00,32.08621507725135
2025-02-21 15:00:00,33.71091097161619
2025-02-21 16:00:00,36.20773941371707
2025-02-21 17:00:00,39.504643269142576
2025-02-21 18:00:00,32.673088666527526
2025-02-21 19:00:00,29.051242846056113
2025-02-21 20:00:00,32.88126938194653
2025-02-21 21:00:00,33.76019737020232
2025-02-21 22:00:00,34.008680141064225
2025-02-21 23:00:00,34.71277155572339
2025-02-22 00:00:00,29.313357349855757
2025-02-22 01:00:00,28.08148043618155
2025-02-22 02:00:00,33.73939068970908
2025-02-22 03:00:00,59.01057597709501
2025-02-22 04:00:00,60.70354919904506
2025-02-22 05:00:00,57.53835722311531
2025-02-22 06:00:00,52.2190620356057
2025-02-22 07:00:00,35.1276309676407
2025-02-22 08:00:00,29.607229701177136
2025-02-22 09:00:00,20.361583637670897
2025-02-22 10:00:00,19.5109431762923
2025-02-22 11:00:00,18.265146748196557
2025-02-22 12:00:00,21.412702292794787
2025-02-22 13:00:00,28.626119471828417
2025-02-22 14:00:00,33.1613479058871
2025-02-22 15:00:00,36.223977661902495
2025-02-22 16:00:00,32.21382565177315
2025-02-22 17:00:00,35.77784366499002
2025-02-22 18:00:00,22.746244052214664
2025-02-22 19:00:00,29.59105742658073
2025-02-22 20:00:00,32.765523362525435
2025-02-22 21:00:00,31.50228985900727
2025-02-22 22:00:00,33.09723208934013
2025-02-22 23:00:00,33.1753021776673
2025-02-23 00:00:00,30.19373476855145
2025-02-23 01:00:00,39.385263039460526
2025-02-23 02:00:00,39.24792982986851
2025-02-23 03:00:00,36.845764749195624
2025-02-23 04:00:00,25.848910516969486
2025-02-23 05:00:00,21.8634930727823
2025-02-23 06:00:00,12.752051853055423
2025-02-23 07:00:00,12.20302629997548
2025-02-23 08:00:00,20.772628151632492
2025-02-23 09:00:00,52.315584523096526
2025-02-23 10:00:00,40.76300480618189
2025-02-23 11:00:00,45.322296549181125
2025-02-23 12:00:00,46.126505211538294
2025-02-23 13:00:00,49.03854338834346
2025-02-23 14:00:00,46.04606444517946
2025-02-23 15:00:00,46.3626215414654
2025-02-23 16:00:00,47.30628930081031
2025-02-23 17:00:00,49.49899026648127
2025-02-23 18:00:00,46.561890488841094
2025-02-23 19:00:00,46.42063967816299
2025-02-23 20:00:00,45.89080972808692
2025-02-23 21:00:00,53.2191581935656
2025-02-23 22:00:00,50.37674687825341
2025-02-23 23:00:00,48.1514710903946
2025-02-24 00:00:00,53.48222027690699
2025-02-24 01:00:00,51.09505489016624
2025-02-24 02:00:00,44.24095536934789
2025-02-24 03:00:00,29.53403507177615
2025-02-24 04:00:00,21.740897002897217
2025-02-24 05:00:00,20.154025058058156
2025-02-24 06:00:00,14.824806635610692
2025-02-24 07:00:00,10.894055741864426
2025-02-24 08:00:00,12.697908983790986
2025-02-24 09:00:00,12.831446202329355
2025-02-24 10:00:00,13.841806093071812
2025-02-24 11:00:00,26.076225677549846
2025-02-24 12:00:00,20.98229649390417
2025-02-24 13:00:00,21.107468969772125
2025-02-24 14:00:00,18.93979470230741
2025-02-24 15:00:00,17.615639077585776
2025-02-24 16:00:00,19.13730133253082
2025-02-24 17:00:00,17.80020495259879
2025-02-24 18:00:00,16.39070287585842
2025-02-24 19:00:00,19.87875379199013
2025-02-24 20:00:00,19.550771281795523
2025-02-24 21:00:00,9.398014175470633
2025-02-24 22:00:00,9.552035559864569
2025-02-24 23:00:00,5.388625556665818
2025-02-25 00:00:00,3.8984816919697045
2025-02-25 01:00:00,4.390442373608809
2025-02-25 02:00:00,4.632197290773963
2025-02-25 03:00:00,6.895564630334542
2025-02-25 04:00:00,7.291248694871771
2025-02-25 05:00:00,5.685985255539284
2025-02-25 06:00:00,4.9368660975377265
2025-02-25 07:00:00,5.962915510543162
2025-02-25 08:00:00,6.645632710275804
2025-02-25 09:00:00,3.242965843368602
2025-02-25 10:00:00,3.598102206836256
2025-02-25 11:00:00,4.731261760245281
2025-02-25 12:00:00,2.999870920280156
2025-02-25 13:00:00,0.34641376275774266
2025-02-25 14:00:00,3.082039146676194
2025-02-25 15:00:00,3.5843254854448032
2025-02-25 16:00:00,12.600179787028726
2025-02-25 17:00:00,17.679885572873804
2025-02-25 18:00:00,14.064985608340024
2025-02-25 19:00:00,11.224469557954837
2025-02-25 20:00:00,6.298049483305069
2025-02-25 21:00:00,14.135134086910458
2025-02-25 22:00:00,15.247165788376645
2025-02-25 23:00:00,19.27756031430314
2025-02-26 00:00:00,11.570536241672633
2025-02-26 01:00:00,10.973491853565129
2025-02-26 02:00:00,7.431650542297753
2025-02-26 03:00:00,12.57980315092587
2025-02-26 04:00:00,15.081143193700141
2025-02-26 05:00:00,25.78109334784748
2025-02-26 06:00:00,26.4218489719435
2025-02-26 07:00:00,25.713335573955227
2025-02-26 08:00:00,18.43923554024473
2025-02-26 09:00:00,17.727467558907886
2025-02-26 10:00:00,12.061998030709189
2025-02-26 11:00:00,11.218806918289676
2025-02-26 12:00:00,14.540841422560714
2025-02-26 13:00:00,15.526586083207684
2025-02-26 14:00:00,14.118412435249066
2025-02-26 15:00:00,10.89069130455388
2025-02-26 16:00:00,10.445598728340562
2025-02-26 17:00:00,10.388351623673154
2025-02-26 18:00:00,8.733061411684185
2025-02-26 19:00:00,8.707322628870479
2025-02-26 20:00:00,11.671834674018195
2025-02-26 21:00:00,6.201963617127724
2025-02-26 22:00:00,6.596712305467201
2025-02-26 23:00:00,5.8323692636867985
2025-02-27 00:00:00,4.5056196044241945
2025-02-27 01:00:00,7.659495493082937
2025-02-27 02:00:00,11.640525116096734
2025-02-27 03:00:00,5.657881399986631
2025-02-27 04:00:00,5.311518503548096
2025-02-27 05:00:00,8.674531803854839
2025-02-27 06:00:00,8.386959846070885
2025-02-27 07:00:00,11.933165651382096
2025-02-27 08:00:00,7.426460093158282
2025-02-27 09:00:00,4.641197182917693
2025-02-27 10:00:00,0.5459931189626843
2025-02-27 11:00:00,0.5338201993808763
2025-02-27 12:00:00,5.94251875417841
2025-02-27 13:00:00,0.0
2025-02-27 14:00:00,2.923559507505798
2025-02-27 15:00:00,4.044989949152031
2025-02-27 16:00:00,9.297829228587002
2025-02-27 17:00:00,9.1091974306711
2025-02-27 18:00:00,15.275549466597015
2025-02-27 19:00:00,6.899731185834191
2025-02-27 20:00:00,8.402778112523135
2025-02-27 21:00:00,9.06609939012925
2025-02-27 22:00:00,9.536346345586274
2025-02-27 23:00:00,9.139225589982145
2025-02-28 00:00:00,9.361806832697845
2025-02-28 01:00:00,12.690296241295815
2025-02-28 02:00:00,12.17657384300949
2025-02-28 03:00:00,12.860287058635842
2025-02-28 04:00:00,9.797236631488973
2025-02-28 05:00:00,11.124568537900155
2025-02-28 06:00:00,8.981719895422295
2025-02-28 07:00:00,7.558823176808769
2025-02-28 08:00:00,6.108359145009303
2025-02-28 09:00:00,4.887332041864617
2025-02-28 10:00:00,5.545378201684025
2025-02-28 11:00:00,4.43844805338045
2025-02-28 12:00:00,6.43481363754903
2025-02-28 13:00:00,14.663356632077145
2025-02-28 14:00:00,3.4454924164615894
2025-02-28 15:00:00,6.8414021417639646
2025-02-28 16:00:00,5.563610613598627
2025-02-28 17:00:00,7.194710198977981
2025-02-28 18:00:00,8.835780785323145
2025-02-28 19:00:00,8.70723739311323
2025-02-28 20:00:00,9.279142906713092
2025-02-28 21:00:00,10.999010613749519
2025-02-28 22:00:00,10.508158584626706
2025-02-28 23:00:00,10.01058975724755
2025-03-01 00:00:00,6.183419157737419
2025-03-01 01:00:00,5.6212616675472065
2025-03-01 02:00:00,9.727014078713765
2025-03-01 03:00:00,9.648060835637631
2025-03-01 04:00:00,13.978236744878526
2025-03-01 05:00:00,8.916711501811092
2025-03-01 06:00:00,9.242140774249348
2025-03-01 07:00:00,8.917243337445075
2025-03-01 08:00:00,3.1602098054882193
2025-03-01 09:00:00,2.451930423005825
2025-03-01 10:00:00,3.280404257518881
2025-03-01 11:00:00,2.173394124331797
2025-03-01 12:00:00,2.9240021175942172
2025-03-01 13:00:00,4.75579198612109
2025-03-01 14:00:00,4.706058468497906
2025-03-01 15:00:00,7.0212317886679125
2025-03-01 16:00:00,7.8494514028096924
2025-03-01 17:00:00,3.9821460863053755
2025-03-01 18:00:00,3.2878606026222124
2025-03-01 19:00:00,6.050756268507916
2025-03-01 20:00:00,8.478815511283853
2025-03-01 21:00:00,4.357048855733207
2025-03-01 22:00:00,8.124868230945939
2025-03-01 23:00:00,7.252747150347877
2025-03-02 00:00:00,9.2010609918111
2025-03-02 01:00:00,4.7485268889701375
2025-03-02 02:00:00,10.18279582225294
2025-03-02 03:00:00,10.95690349881349
2025-03-02 04:00:00,5.111119043372889
2025-03-02 05:00:00,4.8572243452929795
2025-03-02 06:00:00,11.720356959240519
2025-03-02 07:00:00,9.184205355588642
2025-03-02 08:00:00,5.915362939896748
2025-03-02 09:00:00,4.511239923697956
2025-03-02 10:00:00,4.988740563673944
2025-03-02 11:00:00,4.207671737967173
2025-03-02 12:00:00,4.562826136022527
2025-03-02 13:00:00,4.841480870836652
2025-03-02 14:00:00,6.825942610792952
2025-03-02 15:00:00,16.920043059141122
2025-03-02 16:00:00,4.7410931971839485
2025-03-02 17:00:00,4.566043989846323
2025-03-02 18:00:00,6.236427526260316
2025-03-02 19:00:00,7.2916717800499375
2025-03-02 20:00:00,10.802262535330124
2025-03-02 21:00:00,14.153600014553877
2025-03-02 22:00:00,8.04980046081354
2025-03-02 23:00:00,13.31337053228811
2025-03-03 00:00:00,30.82843744519981
2025-03-03 01:00:00,35.459236770808715
2025-03-03 02:00:00,30.342457763465543
2025-03-03 03:00:00,32.84908553600894
2025-03-03 04:00:00,35.1282479440579
2025-03-03 05:00:00,33.33611407440205
2025-03-03 06:00:00,26.803616270350005
2025-03-03 07:00:00,20.765929601982585
2025-03-03 08:00:00,20.47365903490935
2025-03-03 09:00:00,29.58695182236774
2025-03-03 10:00:00,19.193837021257128
2025-03-03 11:00:00,19.94152513238204
2025-03-03 12:00:00,23.601012499438763
2025-03-03 13:00:00,26.188594162668313
2025-03-03 14:00:00,23.29909269269229
2025-03-03 15:00:00,8.064451855194253
2025-03-03 16:00:00,14.463994592187882
2025-03-03 17:00:00,17.070211895361133
2025-03-03 18:00:00,12.147384246150175
2025-03-03 19:00:00,16.149797224012367
2025-03-03 20:00:00,19.394128997638973
2025-03-03 21:00:00,17.708676072460985
2025-03-03 22:00:00,15.50912516384792
2025-03-03 23:00:00,19.458156380939304
2025-03-04 00:00:00,20.182011043928973
2025-03-04 01:00:00,15.526074326035552
2025-03-04 02:00:00,14.411431632414756
2025-03-04 03:00:00,26.663989364045058
2025-03-04 04:00:00,20.67536362822456
2025-03-04 05:00:00,20.934670077994657
2025-03-04 06:00:00,30.920502709959692
2025-03-04 07:00:00,22.730400827765965
2025-03-04 08:00:00,15.859626144267459
2025-03-04 09:00:00,18.18595209829637
2025-03-04 10:00:00,7.988547590053304
2025-03-04 11:00:00,12.623290437030224
2025-03-04 12:00:00,10.214273636144378
2025-03-04 13:00:00,13.775986326489956
2025-03-04 14:00:00,12.931469932814244
2025-03-04 15:00:00,17.019394709409728
2025-03-04 16:00:00,13.583056153140529
2025-03-04 17:00:00,16.56838941238126
2025-03-04 18:00:00,15.932384030022872
2025-03-04 19:00:00,17.260706572326335
2025-03-04 20:00:00,19.433767168111217
2025-03-04 21:00:00,18.217681158066824
2025-03-04 22:00:00,18.49785170986912
2025-03-04 23:00:00,15.205669022623697
2025-03-05 00:00:00,12.698251824568219
2025-03-05 01:00:00,13.188007443424342
2025-03-05 02:00:00,12.864781604802934
2025-03-05 03:00:00,13.584331078056042
2025-03-05 04:00:00,15.735852882400726
2025-03-05 05:00:00,15.475007368160139
2025-03-05 06:00:00,7.251643177379532
2025-03-05 07:00:00,9.343430235696472
2025-03-05 08:00:00,8.147650011705656
2025-03-05 09:00:00,9.45749108917059
2025-03-05 10:00:00,7.043335850154704
2025-03-05 11:00:00,8.053690756856374
2025-03-05 12:00:00,9.501894320603336
2025-03-05 13:00:00,9.345686421039302
2025-03-05 14:00:00,8.150656019167368
2025-03-05 15:00:00,7.127075792067127
2025-03-05 16:00:00,10.181142605125483
2025-03-05 17:00:00,10.866802901744176
2025-03-05 18:00:00,8.195268102969091
2025-03-05 19:00:00,13.443596041923211
2025-03-05 20:00:00,14.191573691202333
2025-03-05 21:00:00,31.360896326474972
2025-03-05 22:00:00,21.88570905799088
2025-03-05 23:00:00,21.16135414653842
2025-03-06 00:00:00,18.201047276257746
2025-03-06 01:00:00,24.300859114010894
2025-03-06 02:00:00,20.935855567002495
2025-03-06 03:00:00,25.855678064461923
2025-03-06 04:00:00,23.044672867264275
2025-03-06 05:00:00,16.641000862346658
2025-03-06 06:00:00,20.201439781762254
2025-03-06 07:00:00,14.788183151249143
2025-03-06 08:00:00,14.069680017342687
2025-03-06 09:00:00,8.261011722858985
2025-03-06 10:00:00,10.382811200921536
2025-03-06 11:00:00,12.435380100377001
2025-03-06 12:00:00,21.87655684160601
2025-03-06 13:00:00,20.638043969450084
2025-03-06 14:00:00,24.83956558632261
2025-03-06 15:00:00,26.579598103019702
2025-03-06 16:00:00,15.918097050731532
2025-03-06 17:00:00,12.40599601679609
2025-03-06 18:00:00,15.659655093192132
2025-03-06 19:00:00,12.872817690808128
2025-03-06 20:00:00,19.21030451278228
2025-03-06 21:00:00,14.702398445169736
2025-03-06 22:00:00,12.98950890677638
2025-03-06 23:00:00,10.463858020443604
2025-03-07 00:00:00,12.746174934584793
2025-03-07 01:00:00,9.681982039458475
2025-03-07 02:00:00,7.757202300741175
2025-03-07 03:00:00,6.375807142903953
2025-03-07 04:00:00,12.325095679890577
2025-03-07 05:00:00,9.147546160670213
2025-03-07 06:00:00,8.30523670221388
2025-03-07 07:00:00,4.768942847442759
2025-03-07 08:00:00,4.348070332204562
2025-03-07 09:00:00,1.0096801637939885
2025-03-07 10:00:00,2.597989497214346
2025-03-07 11:00:00,0.0
2025-03-07 12:00:00,0.0
2025-03-07 13:00:00,0.0
2025-03-07 14:00:00,0.0
2025-03-07 15:00:00,1.5786900677510818
2025-03-07 16:00:00,8.804824295090834
2025-03-07 17:00:00,12.342715910460118
2025-03-07 18:00:00,9.778737580490779
2025-03-07 19:00:00,3.9102730223931634
2025-03-07 20:00:00,5.649746818159314
2025-03-07 21:00:00,3.1147033410503115
2025-03-07 22:00:00,3.9020313159423963
2025-03-07 23:00:00,5.009464351128382
2025-03-08 00:00:00,5.770272016169161
2025-03-08 01:00:00,6.85285567506193
2025-03-08 02:00:00,5.118704342763607
2025-03-08 03:00:00,3.449978107706436
2025-03-08 04:00:00,8.100516981978904
2025-03-08 05:00:00,13.694786223731821
2025-03-08 06:00:00,10.460197511890934
2025-03-08 07:00:00,9.698420163822401
2025-03-08 08:00:00,8.335884726166695
2025-03-08 09:00:00,7.38859497008726
2025-03-08 10:00:00,1.1926443863589165
2025-03-08 11:00:00,0.8431232260830704
2025-03-08 12:00:00,0.3247065667465231
2025-03-08 13:00:00,1.1293582506400959
2025-03-08 14:00:00,2.4876871737553072
2025-03-08 15:00:00,4.74917201487
2025-03-08 16:00:00,3.01730629883559
2025-03-08 17:00:00,4.854398683652814
2025-03-08 18:00:00,6.214214288585624
2025-03-08 19:00:00,4.285390793389778
2025-03-08 20:00:00,3.764620391240563
2025-03-08 21:00:00,11.84968742870987
2025-03-08 22:00:00,6.750605612572551
2025-03-08 23:00:00,4.032676456086293
2025-03-09 00:00:00,5.275798261988103
2025-03-09 01:00:00,7.130970203764681
2025-03-09 02:00:00,3.6427858510543265
2025-03-09 03:00:00,5.252110806009269
2025-03-09 04:00:00,7.454927950973064
2025-03-09 05:00:00,3.161014612015509
2025-03-09 06:00:00,4.221440228019224
2025-03-09 07:00:00,2.888740088365333
2025-03-09 08:00:00,3.2005917559203647
2025-03-09 09:00:00,4.644131829175609
2025-03-09 10:00:00,0.7708849087469313
2025-03-09 11:00:00,0.0
2025-03-09 12:00:00,0.0
2025-03-09 13:00:00,0.0
2025-03-09 14:00:00,1.2288277347753553
2025-03-09 15:00:00,0.5399616043686057
2025-03-09 16:00:00,4.204960061014183
2025-03-09 17:00:00,1.838440027090152
2025-03-09 18:00:00,3.5365859657535887
2025-03-09 19:00:00,5.568492730525186
2025-03-09 20:00:00,3.502415829227609
2025-03-09 21:00:00,1.1729718658111064
2025-03-09 22:00:00,4.28735616718661
2025-03-09 23:00:00,5.372792780075949
2025-03-10 00:00:00,0.9147402908065841
2025-03-10 01:00:00,1.2979107051935568
2025-03-10 02:00:00,2.6652641454940516
2025-03-10 03:00:00,2.178641094990317
2025-03-10 04:00:00,1.9371046445156268
2025-03-10 05:00:00,1.9547331511278006
2025-03-10 06:00:00,2.959248536958576
2025-03-10 07:00:00,2.1395370526339432
2025-03-10 08:00:00,2.4302651311792016
2025-03-10 09:00:00,1.0412749954577554
2025-03-10 10:00:00,0.9699131813213402
2025-03-10 11:00:00,0.5139636919136074
2025-03-10 12:00:00,3.647213083667328
2025-03-10 13:00:00,0.044127200750534765
2025-03-10 14:00:00,0.06400860396231965
2025-03-10 15:00:00,2.998598537860586
2025-03-10 16:00:00,3.907367500241962
2025-03-10 17:00:00,4.039819025893704
2025-03-10 18:00:00,6.710647359262887
2025-03-10 19:00:00,4.388087911308674
2025-03-10 20:00:00,2.0936216645260353
2025-03-10 21:00:00,3.6066988599541387
2025-03-10 22:00:00,1.8440937191923508
2025-03-10 23:00:00,1.973053728125811
2025-03-11 00:00:00,3.572957327289798
2025-03-11 01:00:00,4.407452160279138
2025-03-11 02:00:00,3.934816163735426
2025-03-11 03:00:00,3.584380070141495
2025-03-11 04:00:00,3.631645852131841
2025-03-11 05:00:00,10.653997670425973
2025-03-11 06:00:00,9.740628386473807
2025-03-11 07:00:00,9.10676641291775
2025-03-11 08:00:00,6.797480702316494
2025-03-11 09:00:00,5.525900219294774
2025-03-11 10:00:00,2.127811377552184
2025-03-11 11:00:00,0.09007152762220857
2025-03-11 12:00:00,0.11381472773690718
2025-03-11 13:00:00,0.34818929143531546
2025-03-11 14:00:00,1.0948538339706293
2025-03-11 15:00:00,1.0898316334941553
2025-03-11 16:00:00,1.9236210242852474
2025-03-11 17:00:00,3.3431731102049045
2025-03-11 18:00:00,7.507145187802084
2025-03-11 19:00:00,6.604213878843204
2025-03-11 20:00:00,6.100858657658014
2025-03-11 21:00:00,7.104460334195948
2025-03-11 22:00:00,8.249920284294971
2025-03-11 23:00:00,5.119856017416623
2025-03-12 00:00:00,6.105601209635
2025-03-12 01:00:00,5.559662632322532
2025-03-12 02:00:00,9.082610318094357
2025-03-12 03:00:00,10.298128990165512
2025-03-12 04:00:00,12.742576169732022
2025-03-12 05:00:00,18.10363171466706
2025-03-12 06:00:00,11.678805493536613
2025-03-12 07:00:00,5.013672140539524
2025-03-12 08:00:00,5.583880710738577
2025-03-12 09:00:00,2.4227779368426696
2025-03-12 10:00:00,2.9492763320103443
2025-03-12 11:00:00,2.6499273248824275
2025-03-12 12:00:00,2.596882821735131
2025-03-12 13:00:00,4.754539472704352
2025-03-12 14:00:00,4.748124886057755
2025-03-12 15:00:00,5.039114386014539
2025-03-12 16:00:00,5.944365854703374
2025-03-12 17:00:00,8.90420136861271
2025-03-12 18:00:00,5.444445465040108
2025-03-12 19:00:00,9.136192058620617
2025-03-12 20:00:00,12.740077340403428
2025-03-12 21:00:00,10.295122348810569
2025-03-12 22:00:00,12.681495006985175
2025-03-12 23:00:00,14.501851570274189
2025-03-13 00:00:00,15.266078163519019
2025-03-13 01:00:00,14.013465885777842
2025-03-13 02:00:00,16.67607476997409
2025-03-13 03:00:00,18.33759097884344
2025-03-13 04:00:00,18.86284495135282
2025-03-13 05:00:00,12.642104050578205
2025-03-13 06:00:00,13.806029738425512
2025-03-13 07:00:00,11.68530952968584
2025-03-13 08:00:00,10.440517405319659
2025-03-13 09:00:00,8.84664510082305
2025-03-13 10:00:00,11.92040124642195
2025-03-13 11:00:00,17.37150791075072
2025-03-13 12:00:00,16.485875460736587
2025-03-13 13:00:00,19.759739728070347
2025-03-13 14:00:00,26.592499950348714
2025-03-13 15:00:00,19.544556582367438
2025-03-13 16:00:00,24.771435558562345
2025-03-13 17:00:00,30.41459461918174
2025-03-13 18:00:00,27.557692968664192
2025-03-13 19:00:00,17.336029927353216
2025-03-13 20:00:00,17.07507992826752
2025-03-13 21:00:00,20.06474652897449
2025-03-13 22:00:00,22.62772816118953
2025-03-13 23:00:00,10.361467902324682
2025-03-14 00:00:00,13.434239910182521
2025-03-14 01:00:00,14.684227382234546
2025-03-14 02:00:00,17.364600249929655
2025-03-14 03:00:00,20.64265387117064
2025-03-14 04:00:00,11.651808229455451
2025-03-14 05:00:00,5.717289541817752
2025-03-14 06:00:00,4.030173320597588
2025-03-14 07:00:00,5.6709709761024
2025-03-14 08:00:00,8.742950851616767
2025-03-14 09:00:00,5.028585867515979
2025-03-14 10:00:00,3.0116188762998712
2025-03-14 11:00:00,0.18264972659506015
2025-03-14 12:00:00,0.0
2025-03-14 13:00:00,1.8785079829186198
2025-03-14 14:00:00,3.0831648885960194
2025-03-14 15:00:00,14.666765235389686
2025-03-14 16:00:00,11.259600739939577
2025-03-14 17:00:00,15.085129449206779
2025-03-14 18:00:00,11.684834689943534
2025-03-14 19:00:00,11.103760680947088
2025-03-14 20:00:00,24.890165855430485
2025-03-14 21:00:00,9.267346949670149
2025-03-14 22:00:00,7.591867260300233
2025-03-14 23:00:00,7.592941757819474
2025-03-15 00:00:00,19.12294814716826
2025-03-15 01:00:00,16.85484071892217
2025-03-15 02:00:00,15.755352296708965
2025-03-15 03:00:00,14.56547893857702
2025-03-15 04:00:00,13.664216461615217
2025-03-15 05:00:00,13.144900925374378
2025-03-15 06:00:00,7.473759547034368
2025-03-15 07:00:00,8.677440732301925
2025-03-15 08:00:00,11.542890098339818
2025-03-15 09:00:00,17.675357260267734
2025-03-15 10:00:00,7.472631626865691
2025-03-15 11:00:00,2.1446964085503537
2025-03-15 12:00:00,1.3828867129580114
2025-03-15 13:00:00,2.6429307375933293
2025-03-15 14:00:00,1.210121286236748
2025-03-15 15:00:00,1.3635317023442017
2025-03-15 16:00:00,5.153023016616466
2025-03-15 17:00:00,7.563348663079402
2025-03-15 18:00:00,8.238319017928092
2025-03-15 19:00:00,14.047010600800627
2025-03-15 20:00:00,11.571476612847492
2025-03-15 21:00:00,19.96637228126882
2025-03-15 22:00:00,16.16873015795906
2025-03-15 23:00:00,13.881515843921008
2025-03-16 00:00:00,13.446570882430805
2025-03-16 01:00:00,13.041106008770408
2025-03-16 02:00:00,13.439776826035136
2025-03-16 03:00:00,14.480802837114013
2025-03-16 04:00:00,12.363385904653114
2025-03-16 05:00:00,12.287421465524705
2025-03-16 06:00:00,11.212439976353192
2025-03-16 07:00:00,8.926623380019226
2025-03-16 08:00:00,9.386733181655275
2025-03-16 09:00:00,8.046744334906151
2025-03-16 10:00:00,13.933901068248609
2025-03-16 11:00:00,14.127928521889363
2025-03-16 12:00:00,29.851374712773612
2025-03-16 13:00:00,30.864449856699327
2025-03-16 14:00:00,41.36027731457092
2025-03-16 15:00:00,48.29001433712342
2025-03-16 16:00:00,49.7992755381159
2025-03-16 17:00:00,52.42341377401646
2025-03-16 18:00:00,54.34568977326191
2025-03-16 19:00:00,53.17038815657462
2025-03-16 20:00:00,53.108279258231775
2025-03-16 21:00:00,51.14525439591048
2025-03-16 22:00:00,49.36477184127527
2025-03-16 23:00:00,46.59412876670073
2025-03-17 00:00:00,52.53160592172148
2025-03-17 01:00:00,51.137944617311376
2025-03-17 02:00:00,49.22615423774648
2025-03-17 03:00:00,50.83071570138401
2025-03-17 04:00:00,52.46153236093042
2025-03-17 05:00:00,49.12925863781665
2025-03-17 06:00:00,48.67631222693273
2025-03-17 07:00:00,40.15712287457311
2025-03-17 08:00:00,36.32980528461053
2025-03-17 09:00:00,40.11760930645775
2025-03-17 10:00:00,32.592145997247876
2025-03-17 11:00:00,30.342548155223668
2025-03-17 12:00:00,29.491812927324677
2025-03-17 13:00:00,27.456620870225557
2025-03-17 14:00:00,21.711866304950206
2025-03-17 15:00:00,13.720487090179027
2025-03-17 16:00:00,13.206542347537132
2025-03-17 17:00:00,12.124562593456627
2025-03-17 18:00:00,16.826626751144463
2025-03-17 19:00:00,15.536313429571846
2025-03-17 20:00:00,7.507326547470265
2025-03-17 21:00:00,12.033393783634654
2025-03-17 22:00:00,11.211160326165995
2025-03-17 23:00:00,20.56132425880036
2025-03-18 00:00:00,28.91796461803286
2025-03-18 01:00:00,39.12224492235897
2025-03-18 02:00:00,20.293855346971387
2025-03-18 03:00:00,29.267070388090936
2025-03-18 04:00:00,27.504783839521032
2025-03-18 05:00:00,24.626654887818944
2025-03-18 06:00:00,24.92266490969108
2025-03-18 07:00:00,28.69233574464378
2025-03-18 08:00:00,42.4796222176569
2025-03-18 09:00:00,45.84753559476003
2025-03-18 10:00:00,48.73862239094885
2025-03-18 11:00:00,47.168745294046545
2025-03-18 12:00:00,45.53156610792283
2025-03-18 13:00:00,51.95599753274069
2025-03-18 14:00:00,49.978673860508565
2025-03-18 15:00:00,51.801501617528224
2025-03-18 16:00:00,54.954942195254944
2025-03-18 17:00:00,53.60491495520571
2025-03-18 18:00:00,50.07974380163498
2025-03-18 19:00:00,49.77978876961649
2025-03-18 20:00:00,45.60012427418001
2025-03-18 21:00:00,46.33766078017405
2025-03-18 22:00:00,39.35118165574482
2025-03-18 23:00:00,37.46130288078211
2025-03-19 00:00:00,40.27884087309699
2025-03-19 01:00:00,29.468055503009886
2025-03-19 02:00:00,24.615093688913205
2025-03-19 03:00:00,22.449223515503313
2025-03-19 04:00:00,21.369879472279045
2025-03-19 05:00:00,17.398858196799708
2025-03-19 06:00:00,23.550984727198998
2025-03-19 07:00:00,20.514245593926713
2025-03-19 08:00:00,12.904965143331482
2025-03-19 09:00:00,21.730146151761616
2025-03-19 10:00:00,17.347713337683384
2025-03-19 11:00:00,13.352464148550135
2025-03-19 12:00:00,20.172508914301567
2025-03-19 13:00:00,21.428995010232025
2025-03-19 14:00:00,21.420698843619807
2025-03-19 15:00:00,20.64378044029776
2025-03-19 16:00:00,15.122517476443301
2025-03-19 17:00:00,15.608060397961054
2025-03-19 18:00:00,16.567317105382163
2025-03-19 19:00:00,13.924995782588677
2025-03-19 20:00:00,14.038531885762822
2025-03-19 21:00:00,12.026714643150909
2025-03-19 22:00:00,8.057604160881002
2025-03-19 23:00:00,9.618572802580985
2025-03-20 00:00:00,10.33009057272794
2025-03-20 01:00:00,4.757608405029535
2025-03-20 02:00:00,11.496798108003727
2025-03-20 03:00:00,19.858706806357198
2025-03-20 04:00:00,10.761047586334678
2025-03-20 05:00:00,12.438972892589193
2025-03-20 06:00:00,11.782743566577025
2025-03-20 07:00:00,26.268995437827254
2025-03-20 08:00:00,34.08733751368921
2025-03-20 09:00:00,35.572793739749514
2025-03-20 10:00:00,32.754189165727034
2025-03-20 11:00:00,25.14484292555851
2025-03-20 12:00:00,21.175581905823545
2025-03-20 13:00:00,14.749148315186975
2025-03-20 14:00:00,15.168037553733274
2025-03-20 15:00:00,17.820425849637527
2025-03-20 16:00:00,21.034212906515762
2025-03-20 17:00:00,28.593735606966877
2025-03-20 18:00:00,26.033082807386588
2025-03-20 19:00:00,28.505000608207848
2025-03-20 20:00:00,27.764563457837628
2025-03-20 21:00:00,25.480550095936657
2025-03-20 22:00:00,20.444209931886988
2025-03-20 23:00:00,27.48167242886422
2025-03-21 00:00:00,23.356449650070893
2025-03-21 01:00:00,27.901199080002623
2025-03-21 02:00:00,29.17862266627111
2025-03-21 03:00:00,25.45725900643379
2025-03-21 04:00:00,24.813959265487973
2025-03-21 05:00:00,30.72896434114041
2025-03-21 06:00:00,27.38540165477049
2025-03-21 07:00:00,27.05865813367393
2025-03-21 08:00:00,27.361490369977698
2025-03-21 09:00:00,31.1226412937559
2025-03-21 10:00:00,28.096329688297054
2025-03-21 11:00:00,17.94012856285935
2025-03-21 12:00:00,27.626449251832092
2025-03-21 13:00:00,20.806914276369618
2025-03-21 14:00:00,15.650358252842448
2025-03-21 15:00:00,12.886155527601039
2025-03-21 16:00:00,11.960495061640907
2025-03-21 17:00:00,8.447029090382843
2025-03-21 18:00:00,10.446668980040734
2025-03-21 19:00:00,9.94858405078356
2025-03-21 20:00:00,8.889742225191979
2025-03-21 21:00:00,6.66344048065084
2025-03-21 22:00:00,6.9860577323522675
2025-03-21 23:00:00,8.531014236169334
2025-03-22 00:00:00,27.581696371685318
2025-03-22 01:00:00,21.82659756357293
2025-03-22 02:00:00,23.346515547962486
2025-03-22 03:00:00,33.20614472286487
2025-03-22 04:00:00,29.696348634083527
2025-03-22 05:00:00,30.449842910653857
2025-03-22 06:00:00,39.221320291652695
2025-03-22 07:00:00,35.006973019293355
2025-03-22 08:00:00,30.890038475747787
2025-03-22 09:00:00,29.001927219024154
2025-03-22 10:00:00,28.67206439764588
2025-03-22 11:00:00,25.41001782977868
2025-03-22 12:00:00,24.02492665672667
2025-03-22 13:00:00,23.851146902770267
2025-03-22 14:00:00,22.689752710474085
2025-03-22 15:00:00,24.08231171677889
2025-03-22 16:00:00,25.616230457072454
2025-03-22 17:00:00,24.92232902764913
2025-03-22 18:00:00,23.041468548508185
2025-03-22 19:00:00,24.641871633922193
2025-03-22 20:00:00,15.838872991333098
2025-03-22 21:00:00,16.393184700630975
2025-03-22 22:00:00,14.713115950273343
2025-03-22 23:00:00,15.621330080431019
2025-03-23 00:00:00,24.155964998962936
2025-03-23 01:00:00,33.63580270109472
2025-03-23 02:00:00,26.218695706471042
2025-03-23 03:00:00,28.630175052129058
2025-03-23 04:00:00,29.299753879418546
2025-03-23 05:00:00,26.918984997728163
2025-03-23 06:00:00,18.090243907044357
2025-03-23 07:00:00,19.63623888837363
2025-03-23 08:00:00,13.890070561807526
2025-03-23 09:00:00,18.523561417563116
2025-03-23 10:00:00,24.81923972526731
2025-03-23 11:00:00,24.914000609617055
2025-03-23 12:00:00,24.58623437760035
2025-03-23 13:00:00,33.383194446699434
2025-03-23 14:00:00,35.4340237459521
2025-03-23 15:00:00,45.09354212484304
2025-03-23 16:00:00,41.23268747824233
2025-03-23 17:00:00,43.69025351230214
2025-03-23 18:00:00,38.41200861771929
2025-03-23 19:00:00,31.013840621743217
2025-03-23 20:00:00,20.88495526951382
2025-03-23 21:00:00,15.760691719888237
2025-03-23 22:00:00,21.11524206318671
2025-03-23 23:00:00,36.809094441974764
2025-03-24 00:00:00,13.080884824836792
2025-03-24 01:00:00,29.156419901933855
2025-03-24 02:00:00,42.4000452674656
2025-03-24 03:00:00,45.29982623180002
2025-03-24 04:00:00,43.607737627610405
2025-03-24 05:00:00,42.64982972638322
2025-03-24 06:00:00,50.7054496011394
2025-03-24 07:00:00,46.828821363124455
2025-03-24 08:00:00,50.262376736694804
2025-03-24 09:00:00,55.732890537997726
2025-03-24 10:00:00,53.55627110393468
2025-03-24 11:00:00,56.044748408611106
2025-03-24 12:00:00,59.3541344182703
2025-03-24 13:00:00,58.949832973058925
2025-03-24 14:00:00,57.90964909793642
2025-03-24 15:00:00,54.51651114050811
2025-03-24 16:00:00,54.30290061192007
2025-03-24 17:00:00,52.941014530885475
2025-03-24 18:00:00,52.08155605990714
2025-03-24 19:00:00,49.92228207768028
2025-03-24 20:00:00,45.42964449065939
2025-03-24 21:00:00,42.56154558813602
2025-03-24 22:00:00,30.183430597006247
2025-03-24 23:00:00,29.402051887082344
2025-03-25 00:00:00,24.341167555950882
2025-03-25 01:00:00,20.829193973055006
2025-03-25 02:00:00,23.91722202900231
2025-03-25 03:00:00,18.72310699453147
2025-03-25 04:00:00,18.426516707202698
2025-03-25 05:00:00,17.766289987537668
2025-03-25 06:00:00,14.218240938500617
2025-03-25 07:00:00,20.8104813322004
2025-03-25 08:00:00,18.376780789592456
2025-03-25 09:00:00,20.1204174148777
2025-03-25 10:00:00,31.133957121877632
2025-03-25 11:00:00,53.256045009256
2025-03-25 12:00:00,56.51413329313111
2025-03-25 13:00:00,55.94743907377206
2025-03-25 14:00:00,55.34389445058983
2025-03-25 15:00:00,52.430353922394
2025-03-25 16:00:00,42.97404707747778
2025-03-25 17:00:00,46.25392449428702
2025-03-25 18:00:00,39.169828329343616
2025-03-25 19:00:00,37.11389836715645
2025-03-25 20:00:00,25.899226226289887
2025-03-25 21:00:00,20.799899345798337
2025-03-25 22:00:00,12.210593771971077
2025-03-25 23:00:00,9.719242408541858
2025-03-26 00:00:00,8.05602540274779
2025-03-26 01:00:00,8.413794206865525
2025-03-26 02:00:00,11.469589427255865
2025-03-26 03:00:00,12.557099049928706
2025-03-26 04:00:00,8.699621585350034
2025-03-26 05:00:00,8.715165198114901
2025-03-26 06:00:00,15.048823630436479
2025-03-26 07:00:00,11.876600455764414
2025-03-26 08:00:00,10.948852469187855
2025-03-26 09:00:00,7.3034886027132355
2025-03-26 10:00:00,5.254483010299304
2025-03-26 11:00:00,6.897661378867303
2025-03-26 12:00:00,9.868078641281695
2025-03-26 13:00:00,28.287250427051315
2025-03-26 14:00:00,24.765488800172502
2025-03-26 15:00:00,20.61127897730238
2025-03-26 16:00:00,24.94046461424112
2025-03-26 17:00:00,21.427503698101784
2025-03-26 18:00:00,24.746437440369046
2025-03-26 19:00:00,39.29585068355883
2025-03-26 20:00:00,42.10809586436943
2025-03-26 21:00:00,46.295745217445855
2025-03-26 22:00:00,52.52087653906344
2025-03-26 23:00:00,53.54818830703601
2025-03-27 00:00:00,56.248899012342314
2025-03-27 01:00:00,55.65726398913621
2025-03-27 02:00:00,58.08810223464767
2025-03-27 03:00:00,59.1960210930022
2025-03-27 04:00:00,55.42275759865433
2025-03-27 05:00:00,50.538017646506724
2025-03-27 06:00:00,48.17861102041971
2025-03-27 07:00:00,50.180203369457786
2025-03-27 08:00:00,52.26470133844857
2025-03-27 09:00:00,48.648173073300846
2025-03-27 10:00:00,40.52246352110673
2025-03-27 11:00:00,37.54242960425479
2025-03-27 12:00:00,30.810500201135696
2025-03-27 13:00:00,22.18770195043431
2025-03-27 14:00:00,16.742266310112665
2025-03-27 15:00:00,24.612272567531605
2025-03-27 16:00:00,24.87295866824005
2025-03-27 17:00:00,33.59966330738108
2025-03-27 18:00:00,44.807847048800404
2025-03-27 19:00:00,36.54578610791431
2025-03-27 20:00:00,35.026990268933204
2025-03-27 21:00:00,31.227628846527086
2025-03-27 22:00:00,19.877736593174298
2025-03-27 23:00:00,35.4116874174177
2025-03-28 00:00:00,32.935316010585744
2025-03-28 01:00:00,33.43027864258223
2025-03-28 02:00:00,32.59581313399832
2025-03-28 03:00:00,29.396458377313067
2025-03-28 04:00:00,37.512737938474984
2025-03-28 05:00:00,38.10595622371284
2025-03-28 06:00:00,34.89881212679602
2025-03-28 07:00:00,30.713361451039724
2025-03-28 08:00:00,33.1892670468233
2025-03-28 09:00:00,36.52750578380583
2025-03-28 10:00:00,39.98180083705402
2025-03-28 11:00:00,44.140983659621995
2025-03-28 12:00:00,53.1162500442974
2025-03-28 13:00:00,54.93580725786364
2025-03-28 14:00:00,55.49387600301926
2025-03-28 15:00:00,54.2528964663672
2025-03-28 16:00:00,59.5691451992865
2025-03-28 17:00:00,62.898056897411216
2025-03-28 18:00:00,58.234615698532416
2025-03-28 19:00:00,52.811440659470634
2025-03-28 20:00:00,45.87204485898993
2025-03-28 21:00:00,48.75898862105808
2025-03-28 22:00:00,49.67608943771707
2025-03-28 23:00:00,41.368909814675355
2025-03-29 00:00:00,29.17403089360693
2025-03-29 01:00:00,31.53720719658515
2025-03-29 02:00:00,23.51137417168998
2025-03-29 03:00:00,19.88414362401463
2025-03-29 04:00:00,23.856368086872575
2025-03-29 05:00:00,29.309678573292523
2025-03-29 06:00:00,32.9108520970266
2025-03-29 07:00:00,20.400343960805724
2025-03-29 08:00:00,20.942858666352016
2025-03-29 09:00:00,17.10999674815444
2025-03-29 10:00:00,7.67684319852928
2025-03-29 11:00:00,7.788142665982566
2025-03-29 12:00:00,13.583344550806812
2025-03-29 13:00:00,11.63121754484015
2025-03-29 14:00:00,27.62777621114544
2025-03-29 15:00:00,18.44550021039971
2025-03-29 16:00:00,39.41451747566182
2025-03-29 17:00:00,46.68499356662462
2025-03-29 18:00:00,54.245715858413035
2025-03-29 19:00:00,52.73409620872511
2025-03-29 20:00:00,49.44639674663123
2025-03-29 21:00:00,48.56778395942032
2025-03-29 22:00:00,41.3835522375737
2025-03-29 23:00:00,36.71315034305192
2025-03-30 00:00:00,33.94662623530762
2025-03-30 01:00:00,30.58509671871181
2025-03-30 02:00:00,19.557486517552945
2025-03-30 03:00:00,18.36980227637605
2025-03-30 04:00:00,7.2822798398772735
2025-03-30 05:00:00,9.115226427628269
2025-03-30 06:00:00,15.955843925093575
2025-03-30 07:00:00,25.34141885075454
2025-03-30 08:00:00,22.777034369220644
2025-03-30 09:00:00,25.690239906629497
2025-03-30 10:00:00,33.608555924012464
2025-03-30 11:00:00,26.031420074606547
2025-03-30 12:00:00,27.83579329488956
2025-03-30 13:00:00,23.604857298035995
2025-03-30 14:00:00,20.02930125949005
2025-03-30 15:00:00,18.482433701257484
2025-03-30 16:00:00,18.270390667476928
2025-03-30 17:00:00,25.003653008441916
2025-03-30 18:00:00,19.433773659702805
2025-03-30 19:00:00,21.02761424257317
2025-03-30 20:00:00,16.40285590785573
2025-03-30 21:00:00,11.01700703638784
2025-03-30 22:00:00,16.409150152687342
2025-03-30 23:00:00,21.835426162384113
2025-03-31 00:00:00,7.640163959802798
2025-03-31 01:00:00,5.7968044868384805
2025-03-31 02:00:00,5.351495126305544
2025-03-31 03:00:00,5.976449864219703
2025-03-31 04:00:00,7.666167488394812
2025-03-31 05:00:00,7.990678192466242
2025-03-31 06:00:00,5.194203218509805
2025-03-31 07:00:00,4.891416644471356
2025-03-31 08:00:00,8.86148849412038
2025-03-31 09:00:00,6.74249061984396
2025-03-31 10:00:00,2.1526109439003505
2025-03-31 11:00:00,3.8734198247253504
2025-03-31 12:00:00,3.5226783896746467
2025-03-31 13:00:00,4.636770139938996
2025-03-31 14:00:00,4.213070168692393
2025-03-31 15:00:00,2.930833484451942
2025-03-31 16:00:00,1.9889188608954467
2025-03-31 17:00:00,5.553699385661394
2025-03-31 18:00:00,6.563867881853742
2025-03-31 19:00:00,5.739398432409125
2025-03-31 20:00:00,8.262204628481385
2025-03-31 21:00:00,4.203865642139101
2025-03-31 22:00:00,2.878753899394798
2025-03-31 23:00:00,2.0426970356924614
2025-04-01 00:00:00,1.3028888959099276
2025-04-01 01:00:00,0.7787914888523946
2025-04-01 02:00:00,2.869252648059033
2025-04-01 03:00:00,3.7028028853314274
2025-04-01 04:00:00,2.761842846973636
2025-04-01 05:00:00,3.1806012916299333
2025-04-01 06:00:00,5.179770398652212
2025-04-01 07:00:00,2.2305773055823592
2025-04-01 08:00:00,2.139276402700258
2025-04-01 09:00:00,1.2489893371976708
2025-04-01 10:00:00,1.0047072579912157
2025-04-01 11:00:00,0.9032739409485488
2025-04-01 12:00:00,0.829335157448218
2025-04-01 13:00:00,2.7999677251174204
2025-04-01 14:00:00,4.430955963378603
2025-04-01 15:00:00,7.564942600540387
2025-04-01 16:00:00,7.855856348044937
2025-04-01 17:00:00,9.200290508123514
2025-04-01 18:00:00,9.14489996968334
2025-04-01 19:00:00,7.916287587810671
2025-04-01 20:00:00,2.673017155458872
2025-04-01 21:00:00,3.4442653069128135
2025-04-01 22:00:00,2.2637243014397637
2025-04-01 23:00:00,1.5963277888452083
2025-04-02 00:00:00,3.301750862362161
2025-04-02 01:00:00,2.225908816004762
2025-04-02 02:00:00,3.2509822948911746
2025-04-02 03:00:00,3.3522935487874954
2025-04-02 04:00:00,8.320490780613483
2025-04-02 05:00:00,5.031972470732667
2025-04-02 06:00:00,4.187365650057826
2025-04-02 07:00:00,2.7292148440507114
2025-04-02 08:00:00,3.5589923393460796
2025-04-02 09:00:00,3.1591905507748477
2025-04-02 10:00:00,3.423556198176262
2025-04-02 11:00:00,5.9637973214670446
2025-04-02 12:00:00,4.2175595968748025
2025-04-02 13:00:00,2.2472758802166157
2025-04-02 14:00:00,5.6596942157086065
2025-04-02 15:00:00,1.9988159453109657
2025-04-02 16:00:00,7.077807579950389
2025-04-02 17:00:00,23.072362398823227
2025-04-02 18:00:00,22.78263728863183
2025-04-02 19:00:00,23.70741097496079
2025-04-02 20:00:00,12.740839508119487
2025-04-02 21:00:00,7.194014246900231
2025-04-02 22:00:00,2.9260809444324942
2025-04-02 23:00:00,6.327835924197864
2025-04-03 00:00:00,6.952916625435833
2025-04-03 01:00:00,10.262642411523071
2025-04-03 02:00:00,7.915259041257426
2025-04-03 03:00:00,9.26360595163906
2025-04-03 04:00:00,3.9950494292989984
2025-04-03 05:00:00,8.91700582022736
2025-04-03 06:00:00,9.41320519622645
2025-04-03 07:00:00,7.411029338082911
2025-04-03 08:00:00,5.80695974930313
2025-04-03 09:00:00,1.9609105547950012
2025-04-03 10:00:00,1.495629549587961
2025-04-03 11:00:00,0.17109491587691586
2025-04-03 12:00:00,0.36752728457501094
2025-04-03 13:00:00,1.0055513582685287
2025-04-03 14:00:00,5.546713068397315
2025-04-03 15:00:00,6.6992871977034625
2025-04-03 16:00:00,13.760430151607784
2025-04-03 17:00:00,12.099624629759443
2025-04-03 18:00:00,11.156879381038678
2025-04-03 19:00:00,5.450654492871694
2025-04-03 20:00:00,5.044210271267956
2025-04-03 21:00:00,1.9027054848705676
2025-04-03 22:00:00,2.8599437055905135
2025-04-03 23:00:00,1.9593584420201235
2025-04-04 00:00:00,2.667115262834613
2025-04-04 01:00:00,4.485728545214902
2025-04-04 02:00:00,5.844361305489114
2025-04-04 03:00:00,5.821434219181953
2025-04-04 04:00:00,5.453002071361237
2025-04-04 05:00:00,5.5038875536068
2025-04-04 06:00:00,6.044659542559962
2025-04-04 07:00:00,5.636543096044538
2025-04-04 08:00:00,3.388639942886175
2025-04-04 09:00:00,1.1171442056735665
2025-04-04 10:00:00,1.4217786605618763
2025-04-04 11:00:00,3.8143412757220845
2025-04-04 12:00:00,6.341311616500503
2025-04-04 13:00:00,2.6489505801480004
2025-04-04 14:00:00,3.349322478972369
2025-04-04 15:00:00,3.625955472000314
2025-04-04 16:00:00,4.280073726453884
2025-04-04 17:00:00,6.258681502378212
2025-04-04 18:00:00,4.120703832907815
2025-04-04 19:00:00,2.859155001472095
2025-04-04 20:00:00,0.9729118113489065
2025-04-04 21:00:00,2.333900121152021
2025-04-04 22:00:00,2.9888460535066637
2025-04-04 23:00:00,3.02871488386974
2025-04-05 00:00:00,2.232738264951124
2025-04-05 01:00:00,4.692006010817232
2025-04-05 02:00:00,4.673736599571013
2025-04-05 03:00:00,3.3606166383884943
2025-04-05 04:00:00,2.5922502375467125
2025-04-05 05:00:00,3.17243729041971
2025-04-05 06:00:00,2.874532564953102
2025-04-05 07:00:00,3.439572075314461
2025-04-05 08:00:00,21.248191067429808
2025-04-05 09:00:00,21.24418056820091
2025-04-05 10:00:00,27.784360696402885
2025-04-05 11:00:00,18.051863223595255
2025-04-05 12:00:00,44.797167890866426
2025-04-05 13:00:00,43.525634786190224
2025-04-05 14:00:00,34.01691327731368
2025-04-05 15:00:00,21.747412240061934
2025-04-05 16:00:00,19.306068691686544
2025-04-05 17:00:00,24.814067256732837
2025-04-05 18:00:00,11.467414833656632
2025-04-05 19:00:00,12.4877398795765
2025-04-05 20:00:00,6.36241244886406
2025-04-05 21:00:00,5.293108814980701
2025-04-05 22:00:00,4.734290628984827
2025-04-05 23:00:00,2.0920910371075987
2025-04-06 00:00:00,8.301280724939685
2025-04-06 01:00:00,11.783103814686132
2025-04-06 02:00:00,8.460463356350665
2025-04-06 03:00:00,7.307007247455074
2025-04-06 04:00:00,6.726904734144759
2025-04-06 05:00:00,6.983625273805553
2025-04-06 06:00:00,6.175906591692884
2025-04-06 07:00:00,4.644526630368684
2025-04-06 08:00:00,6.572622833704679
2025-04-06 09:00:00,7.410172637769196
2025-04-06 10:00:00,9.186694349832011
2025-04-06 11:00:00,6.038577256121401
2025-04-06 12:00:00,15.830264200393202
2025-04-06 13:00:00,15.803258161511533
2025-04-06 14:00:00,17.029702207993
2025-04-06 15:00:00,18.51732207038105
2025-04-06 16:00:00,8.380157494932508
2025-04-06 17:00:00,7.272192429935231
2025-04-06 18:00:00,11.91914430824225
2025-04-06 19:00:00,11.97934616316201
2025-04-06 20:00:00,4.622315501376984
2025-04-06 21:00:00,4.146517378564339
2025-04-06 22:00:00,2.9868067290553193
2025-04-06 23:00:00,2.500483376124002
2025-04-07 00:00:00,3.373461169217684
2025-04-07 01:00:00,2.039102813894476
2025-04-07 02:00:00,3.4809202290062364
2025-04-07 03:00:00,6.047004478626814
2025-04-07 04:00:00,5.156616347991948
2025-04-07 05:00:00,5.509726096572916
2025-04-07 06:00:00,11.626247553113169
2025-04-07 07:00:00,6.501234628291291
2025-04-07 08:00:00,4.988286437900191
2025-04-07 09:00:00,5.454169840774268
2025-04-07 10:00:00,20.826157574766334
2025-04-07 11:00:00,36.29664840207491
2025-04-07 12:00:00,50.00239967557961
2025-04-07 13:00:00,53.02123617412696
2025-04-07 14:00:00,52.46573652402131
2025-04-07 15:00:00,53.83006914059631
2025-04-07 16:00:00,59.31924864362908
2025-04-07 17:00:00,54.7440099927697
2025-04-07 18:00:00,54.02152974066422
2025-04-07 19:00:00,47.18780908076131
2025-04-07 20:00:00,46.71298385508308
2025-04-07 21:00:00,42.46367672708048
2025-04-07 22:00:00,43.71700414085754
2025-04-07 23:00:00,48.57785742428487
2025-04-08 00:00:00,49.95340308156404
2025-04-08 01:00:00,47.80068483132253
2025-04-08 02:00:00,47.81341843025786
2025-04-08 03:00:00,45.21284224193068
2025-04-08 04:00:00,33.947212685082974
2025-04-08 05:00:00,37.87245821772914
2025-04-08 06:00:00,38.973187523604366
2025-04-08 07:00:00,40.903192162840725
2025-04-08 08:00:00,37.20075441398884
2025-04-08 09:00:00,24.76457843054704
2025-04-08 10:00:00,13.22809978582383
2025-04-08 11:00:00,6.777585003644524
2025-04-08 12:00:00,5.3395810721841475
2025-04-08 13:00:00,7.042599675463918
2025-04-08 14:00:00,11.193361700445873
2025-04-08 15:00:00,10.743556943320277
2025-04-08 16:00:00,12.654982095000175
2025-04-08 17:00:00,14.253497720530483
2025-04-08 18:00:00,13.325223331385539
2025-04-08 19:00:00,15.593074356983202
2025-04-08 20:00:00,7.867769533991672
2025-04-08 21:00:00,3.6542504808861063
2025-04-08 22:00:00,4.648329651614855
2025-04-08 23:00:00,2.962261636449847
2025-04-09 00:00:00,3.3559576218468856
2025-04-09 01:00:00,1.683252042458836
2025-04-09 02:00:00,3.2225042826861436
2025-04-09 03:00:00,2.6920283145982813
2025-04-09 04:00:00,3.6310338412227914
2025-04-09 05:00:00,5.922790787886205
2025-04-09 06:00:00,3.2859633205764864
2025-04-09 07:00:00,4.926228252115796
2025-04-09 08:00:00,5.165512434821833
2025-04-09 09:00:00,3.0607445214490054
2025-04-09 10:00:00,1.6491449505136
2025-04-09 11:00:00,2.4047025785254554
2025-04-09 12:00:00,5.774370702923478
2025-04-09 13:00:00,5.330495945215553
2025-04-09 14:00:00,3.1028482967792237
2025-04-09 15:00:00,18.14079603398765
2025-04-09 16:00:00,5.579335172177384
2025-04-09 17:00:00,5.332993631829829
2025-04-09 18:00:00,15.581480461867644
2025-04-09 19:00:00,3.1485506472774247
2025-04-09 20:00:00,5.276533586500179
2025-04-09 21:00:00,4.976276180347405
2025-04-09 22:00:00,5.738406802168843
2025-04-09 23:00:00,5.095111757575619
2025-04-10 00:00:00,5.350242800659884
2025-04-10 01:00:00,3.101541928122221
2025-04-10 02:00:00,4.4336767012039875
2025-04-10 03:00:00,4.538598100767527
2025-04-10 04:00:00,6.409035194262322
2025-04-10 05:00:00,7.45619501467667
2025-04-10 06:00:00,5.860723047202008
2025-04-10 07:00:00,4.700615014781229
2025-04-10 08:00:00,2.70583622838287
2025-04-10 09:00:00,1.8740409588684894
2025-04-10 10:00:00,2.193505674799299
2025-04-10 11:00:00,2.4828605289267687
2025-04-10 12:00:00,3.4437047334817676
2025-04-10 13:00:00,2.6396582427840065
2025-04-10 14:00:00,4.9119560263419775
2025-04-10 15:00:00,7.030122163366297
2025-04-10 16:00:00,7.549226354374112
2025-04-10 17:00:00,5.05183918933556
2025-04-10 18:00:00,4.6414006014296785
2025-04-10 19:00:00,5.488006250613786
2025-04-10 20:00:00,2.9587042652269995
2025-04-10 21:00:00,3.3129792089874246
2025-04-10 22:00:00,1.9316397908738976
2025-04-10 23:00:00,2.7238395819202963
2025-04-11 00:00:00,5.460314806159638
2025-04-11 01:00:00,6.532430137880431
2025-04-11 02:00:00,6.170561019136856
2025-04-11 03:00:00,5.842274313803967
2025-04-11 04:00:00,6.441468317805424
2025-04-11 05:00:00,6.278950991170888
2025-04-11 06:00:00,6.858958739820888
2025-04-11 07:00:00,2.8264862687790715
2025-04-11 08:00:00,1.5916181729665477
2025-04-11 09:00:00,1.33915664922343
2025-04-11 10:00:00,1.5820794105168579
2025-04-11 11:00:00,1.8420531589662925
2025-04-11 12:00:00,2.0956705553018575
2025-04-11 13:00:00,1.7813794966633452
2025-04-11 14:00:00,2.560805528096492
2025-04-11 15:00:00,2.689442055361911
2025-04-11 16:00:00,2.6398521224723535
2025-04-11 17:00:00,3.955544723388877
2025-04-11 18:00:00,6.305332563345369
2025-04-11 19:00:00,3.991583637256314
2025-04-11 20:00:00,2.587104793437602
2025-04-11 21:00:00,7.424659587456268
2025-04-11 22:00:00,8.826585113354968
2025-04-11 23:00:00,4.737342041220908
2025-04-12 00:00:00,4.844968890862316
2025-04-12 01:00:00,5.029069606954237
2025-04-12 02:00:00,5.619276366537252
2025-04-12 03:00:00,4.1568709879921455
2025-04-12 04:00:00,12.649087736980004
2025-04-12 05:00:00,7.342119865247138
2025-04-12 06:00:00,11.976571519610234
2025-04-12 07:00:00,12.744555628088847
2025-04-12 08:00:00,22.064336822128777
2025-04-12 09:00:00,39.829534079813044
2025-04-12 10:00:00,39.59170336530105
2025-04-12 11:00:00,42.27022344692974
2025-04-12 12:00:00,48.70308005362797
2025-04-12 13:00:00,45.94010089431191
2025-04-12 14:00:00,47.120078413614436
2025-04-12 15:00:00,46.52138390377799
2025-04-12 16:00:00,45.60173006424632
2025-04-12 17:00:00,42.030194717460816
2025-04-12 18:00:00,43.08532382750781
2025-04-12 19:00:00,46.441324920192706
2025-04-12 20:00:00,52.30935299089287
2025-04-12 21:00:00,51.31888038320071
2025-04-12 22:00:00,54.13099269764433
2025-04-12 23:00:00,45.99454587637891
2025-04-13 00:00:00,27.689645136745547
2025-04-13 01:00:00,19.984889512278226
2025-04-13 02:00:00,10.306915204384708
2025-04-13 03:00:00,13.33004381973801
2025-04-13 04:00:00,18.266753277357893
2025-04-13 05:00:00,15.978523848108871
2025-04-13 06:00:00,32.830183716637094
2025-04-13 07:00:00,43.30783069174004
2025-04-13 08:00:00,39.414371232310636
2025-04-13 09:00:00,52.84176649065874
2025-04-13 10:00:00,48.34143598325479
2025-04-13 11:00:00,48.833269022410995
2025-04-13 12:00:00,51.341725255110575
2025-04-13 13:00:00,48.68558115576093
2025-04-13 14:00:00,48.05896457474863
2025-04-13 15:00:00,51.39502449995394
2025-04-13 16:00:00,48.93334858217958
2025-04-13 17:00:00,44.90322457463953
2025-04-13 18:00:00,43.57080153142007
2025-04-13 19:00:00,40.84412697333585
2025-04-13 20:00:00,34.18893852170387
2025-04-13 21:00:00,33.79550060243628
2025-04-13 22:00:00,27.662423353965465
2025-04-13 23:00:00,29.949188912983324
2025-04-14 00:00:00,33.995885346552804
2025-04-14 01:00:00,43.90069334173449
2025-04-14 02:00:00,50.442888077838134
2025-04-14 03:00:00,54.42739389690725
2025-04-14 04:00:00,54.98174621718662
2025-04-14 05:00:00,50.242878962681935
2025-04-14 06:00:00,38.15605776871085
2025-04-14 07:00:00,21.725305752320576
2025-04-14 08:00:00,45.60646181243583
2025-04-14 09:00:00,40.98638395545006
2025-04-14 10:00:00,40.888921839953866
2025-04-14 11:00:00,41.38040441820365
2025-04-14 12:00:00,49.35827870986443
2025-04-14 13:00:00,36.18359157708351
2025-04-14 14:00:00,28.94907454964135
2025-04-14 15:00:00,24.671443428944126
2025-04-14 16:00:00,34.766553990397696
2025-04-14 17:00:00,35.45621788713981
2025-04-14 18:00:00,24.28059513485545
2025-04-14 19:00:00,11.894571581384245
2025-04-14 20:00:00,41.670857012500555
2025-04-14 21:00:00,36.91847403991694
2025-04-14 22:00:00,26.55016823308191
2025-04-14 23:00:00,23.604969591584954
2025-04-15 00:00:00,24.71207631502636
2025-04-15 01:00:00,29.442220685134735
2025-04-15 02:00:00,32.9132624660704
2025-04-15 03:00:00,31.19012321637081
2025-04-15 04:00:00,34.54912062931008
2025-04-15 05:00:00,28.481054291939586
2025-04-15 06:00:00,19.830174559716177
2025-04-15 07:00:00,17.926840009842866
2025-04-15 08:00:00,20.09707644144295
2025-04-15 09:00:00,27.87388571708826
2025-04-15 10:00:00,22.878870061051796
2025-04-15 11:00:00,36.22128390284554
2025-04-15 12:00:00,30.36558813028734
2025-04-15 13:00:00,26.490225006988922
2025-04-15 14:00:00,24.578710789176977
2025-04-15 15:00:00,22.414975515807647
2025-04-15 16:00:00,15.935192658172936
2025-04-15 17:00:00,12.416874846327916
2025-04-15 18:00:00,10.027283098470681
2025-04-15 19:00:00,11.453169184888857
2025-04-15 20:00:00,4.332898570677128
2025-04-15 21:00:00,6.000082199747594
2025-04-15 22:00:00,5.1548956555538386
2025-04-15 23:00:00,5.502155570070349
2025-04-16 00:00:00,4.911690752267179
2025-04-16 01:00:00,4.778171662656449
2025-04-16 02:00:00,4.990647805130785
2025-04-16 03:00:00,5.326374084165493
2025-04-16 04:00:00,7.110173129534341
2025-04-16 05:00:00,15.696620243346443
2025-04-16 06:00:00,4.9880608999359834
2025-04-16 07:00:00,3.9165520143186714
2025-04-16 08:00:00,4.046456497443486
2025-04-16 09:00:00,23.96985808376585
2025-04-16 10:00:00,45.6331127754525
2025-04-16 11:00:00,41.62014691312932
2025-04-16 12:00:00,47.86990192098739
2025-04-16 13:00:00,48.1179821127635
2025-04-16 14:00:00,49.95141252032482
2025-04-16 15:00:00,52.01397248867665
2025-04-16 16:00:00,53.4476901267475
2025-04-16 17:00:00,51.50353411764963
2025-04-16 18:00:00,47.066850145664866
2025-04-16 19:00:00,48.96738352733327
2025-04-16 20:00:00,49.95431855282017
2025-04-16 21:00:00,48.89407381546212
2025-04-16 22:00:00,49.09431924692379
2025-04-16 23:00:00,49.79339876009157
2025-04-17 00:00:00,49.175938118027496
2025-04-17 01:00:00,48.304378405347876
2025-04-17 02:00:00,47.64405254414014
2025-04-17 03:00:00,49.4178655431771
2025-04-17 04:00:00,49.37134114041861
2025-04-17 05:00:00,51.71777313923281
2025-04-17 06:00:00,52.04865814370571
2025-04-17 07:00:00,52.57499574883253
2025-04-17 08:00:00,51.08581627468381
2025-04-17 09:00:00,53.52446421018136
2025-04-17 10:00:00,50.688763239244516
2025-04-17 11:00:00,51.344346548200186
2025-04-17 12:00:00,49.39854074463464
2025-04-17 13:00:00,51.23873027277935
2025-04-17 14:00:00,51.10588355635439
2025-04-17 15:00:00,45.80190606643058
2025-04-17 16:00:00,42.38233068626544
2025-04-17 17:00:00,42.193925992866276
2025-04-17 18:00:00,38.53174065723676
2025-04-17 19:00:00,34.31489421923206
2025-04-17 20:00:00,33.61045739233163
2025-04-17 21:00:00,34.48335707892937
2025-04-17 22:00:00,29.873375338753643
2025-04-17 23:00:00,31.31039964436415
2025-04-18 00:00:00,29.049901524904477
2025-04-18 01:00:00,38.38546526505559
2025-04-18 02:00:00,41.50445476546175
2025-04-18 03:00:00,42.38630366505787
2025-04-18 04:00:00,37.57065718886142
2025-04-18 05:00:00,37.36437584572799
2025-04-18 06:00:00,35.940538211065316
2025-04-18 07:00:00,31.926203140886198
2025-04-18 08:00:00,45.501443550199006
2025-04-18 09:00:00,45.49360219319409
2025-04-18 10:00:00,41.656819034645416
2025-04-18 11:00:00,28.32316301024916
2025-04-18 12:00:00,23.621423375761545
2025-04-18 13:00:00,14.970104452394095
2025-04-18 14:00:00,14.848717926499075
2025-04-18 15:00:00,15.533046712216125
2025-04-18 16:00:00,22.43507630576321
2025-04-18 17:00:00,21.99951900767342
2025-04-18 18:00:00,17.23027240532816
2025-04-18 19:00:00,16.487228162238832
2025-04-18 20:00:00,10.268333394125818
2025-04-18 21:00:00,18.422612610720737
2025-04-18 22:00:00,18.628982520438093
2025-04-18 23:00:00,16.817692908006343
2025-04-19 00:00:00,12.12247569946867
2025-04-19 01:00:00,11.268393886851943
2025-04-19 02:00:00,18.185402295535166
2025-04-19 03:00:00,21.481488544071958
2025-04-19 04:00:00,21.579570745753585
2025-04-19 05:00:00,10.26011280979395
2025-04-19 06:00:00,20.815751629641344
2025-04-19 07:00:00,23.082705388541743
2025-04-19 08:00:00,33.32798520685174
2025-04-19 09:00:00,33.24991054143501
2025-04-19 10:00:00,34.96328007296383
2025-04-19 11:00:00,39.77034099872058
2025-04-19 12:00:00,50.0106195635437
2025-04-19 13:00:00,50.08327561132268
2025-04-19 14:00:00,43.891774900045135
2025-04-19 15:00:00,40.69815740275037
2025-04-19 16:00:00,47.69041558724264
2025-04-19 17:00:00,43.050907950989874
2025-04-19 18:00:00,43.26197439182683
2025-04-19 19:00:00,37.492389178225395
2025-04-19 20:00:00,25.993929000474267
2025-04-19 21:00:00,9.790077573273363
2025-04-19 22:00:00,7.461904003531951
2025-04-19 23:00:00,9.419927842759915
2025-04-20 00:00:00,3.1348803711889315
2025-04-20 01:00:00,4.558460471917218
2025-04-20 02:00:00,6.737841901090108
2025-04-20 03:00:00,6.98515486872298
2025-04-20 04:00:00,9.465916549889608
2025-04-20 05:00:00,8.865505904890474
2025-04-20 06:00:00,8.60937886626281
2025-04-20 07:00:00,8.906243387225695
2025-04-20 08:00:00,8.570609003553772
2025-04-20 09:00:00,7.384747332113822
2025-04-20 10:00:00,3.4671062311062664
2025-04-20 11:00:00,3.1947426047709753
2025-04-20 12:00:00,2.594543140380869
2025-04-20 13:00:00,1.3398414937222738
2025-04-20 14:00:00,1.8892895288652685
2025-04-20 15:00:00,2.224945960403957
2025-04-20 16:00:00,3.1624902851951955
2025-04-20 17:00:00,3.0290352166439534
2025-04-20 18:00:00,4.0989776010973715
2025-04-20 19:00:00,1.8069290838863215
2025-04-20 20:00:00,2.639694308280433
2025-04-20 21:00:00,2.5522336326665944
2025-04-20 22:00:00,2.3174628795636343
2025-04-20 23:00:00,1.8112182595789932
2025-04-21 00:00:00,2.1884339594573765
2025-04-21 01:00:00,2.966631495369417
2025-04-21 02:00:00,3.09773456410998
2025-04-21 03:00:00,4.073126274348954
2025-04-21 04:00:00,3.395588439764478
2025-04-21 05:00:00,2.1059687970335665
2025-04-21 06:00:00,3.8058882093477386
2025-04-21 07:00:00,3.482403750464873
2025-04-21 08:00:00,1.3939210058093603
2025-04-21 09:00:00,1.5574523907748317
2025-04-21 10:00:00,4.6811020231890135
2025-04-21 11:00:00,3.725114637835069
2025-04-21 12:00:00,3.1411511072007308
2025-04-21 13:00:00,5.4624547670292305
2025-04-21 14:00:00,4.822297283443583
2025-04-21 15:00:00,3.6118437934391143
2025-04-21 16:00:00,5.956029118146134
2025-04-21 17:00:00,9.366843386840848
2025-04-21 18:00:00,8.415497224019125
2025-04-21 19:00:00,7.505785105858153
2025-04-21 20:00:00,8.434667211638489
2025-04-21 21:00:00,5.754477671377664
2025-04-21 22:00:00,7.353015114101988
2025-04-21 23:00:00,6.286843154977606
2025-04-22 00:00:00,4.9889099954957326
2025-04-22 01:00:00,1.691705424735793
2025-04-22 02:00:00,3.9993718409849612
2025-04-22 03:00:00,2.368072321240886
2025-04-22 04:00:00,5.58430206302466
2025-04-22 05:00:00,4.947597760847793
2025-04-22 06:00:00,10.130053356630818
2025-04-22 07:00:00,8.413621412690937
2025-04-22 08:00:00,12.106940022988649
2025-04-22 09:00:00,20.95473736277172
2025-04-22 10:00:00,30.434279385874703
2025-04-22 11:00:00,28.45982692287801
2025-04-22 12:00:00,27.845551993030096
2025-04-22 13:00:00,29.90474387840134
2025-04-22 14:00:00,31.551580195858897
2025-04-22 15:00:00,41.08745980617077
2025-04-22 16:00:00,44.4551133611059
2025-04-22 17:00:00,48.48039906913761
2025-04-22 18:00:00,46.924900056043924
2025-04-22 19:00:00,36.38961753962304
2025-04-22 20:00:00,24.107877564225085
2025-04-22 21:00:00,7.7540336761003
2025-04-22 22:00:00,7.854104924568005
2025-04-22 23:00:00,8.143238055628318
2025-04-23 00:00:00,10.66307973796549
2025-04-23 01:00:00,11.424293187199977
2025-04-23 02:00:00,13.349454084926704
2025-04-23 03:00:00,12.549666531218177
2025-04-23 04:00:00,12.280643777446613
2025-04-23 05:00:00,12.605720229378578
2025-04-23 06:00:00,13.115062606380537
2025-04-23 07:00:00,8.303525717930517
2025-04-23 08:00:00,9.986996063718966
2025-04-23 09:00:00,6.437729932425294
2025-04-23 10:00:00,4.364041903518644
2025-04-23 11:00:00,3.5459012786198207
2025-04-23 12:00:00,2.190583758089787
2025-04-23 13:00:00,3.4784624966481688
2025-04-23 14:00:00,4.06755062110847
2025-04-23 15:00:00,4.168115810874654
2025-04-23 16:00:00,7.971599538132372
2025-04-23 17:00:00,4.710533130655246
2025-04-23 18:00:00,4.837052722118082
2025-04-23 19:00:00,5.577274894495692
2025-04-23 20:00:00,2.319157628577198
2025-04-23 21:00:00,3.927282723820015
2025-04-23 22:00:00,3.901852483400304
2025-04-23 23:00:00,3.873258762497617
2025-04-24 00:00:00,3.931764823023359
2025-04-24 01:00:00,6.2951059271092635
2025-04-24 02:00:00,6.746257095216125
2025-04-24 03:00:00,4.961393306858323
2025-04-24 04:00:00,3.7846476337926402
2025-04-24 05:00:00,4.5705171184769435
2025-04-24 06:00:00,3.6548735225937024
2025-04-24 07:00:00,3.2131405439707708
2025-04-24 08:00:00,4.118562256676884
2025-04-24 09:00:00,4.066745047653672
2025-04-24 10:00:00,4.963570703382821
2025-04-24 11:00:00,8.492215024691449
2025-04-24 12:00:00,8.135162177089292
2025-04-24 13:00:00,17.378744331310838
2025-04-24 14:00:00,10.128311741420594
2025-04-24 15:00:00,2.5827056936201074
2025-04-24 16:00:00,3.278681317118582
2025-04-24 17:00:00,4.385040106773392
2025-04-24 18:00:00,15.032755323984972
2025-04-24 19:00:00,26.386134517952865
2025-04-24 20:00:00,19.307179165479003
2025-04-24 21:00:00,23.157723109141482
2025-04-24 22:00:00,21.869381385934
2025-04-24 23:00:00,20.043861517694037
2025-04-25 00:00:00,20.556389654772925
2025-04-25 01:00:00,19.43646713817305
2025-04-25 02:00:00,21.714576026881186
2025-04-25 03:00:00,15.513540109211377
2025-04-25 04:00:00,14.632685380026969
2025-04-25 05:00:00,16.42592724034005
2025-04-25 06:00:00,15.181639317984413
2025-04-25 07:00:00,13.352186536507725
2025-04-25 08:00:00,13.848622008331905
2025-04-25 09:00:00,7.252551115497357
2025-04-25 10:00:00,5.918104588944383
2025-04-25 11:00:00,7.582003299615436
2025-04-25 12:00:00,8.63804230054466
2025-04-25 13:00:00,7.258914391929527
2025-04-25 14:00:00,5.88823697813308
2025-04-25 15:00:00,10.600843630547153
2025-04-25 16:00:00,11.533443639680376
2025-04-25 17:00:00,9.335060596109255
2025-04-25 18:00:00,13.379867545811825
2025-04-25 19:00:00,10.65063540675039
2025-04-25 20:00:00,5.07500683069832
2025-04-25 21:00:00,5.93377055322078
2025-04-25 22:00:00,6.857100286132735
2025-04-25 23:00:00,7.556998438933973
2025-04-26 00:00:00,5.21285200537574
2025-04-26 01:00:00,5.118619390646019
2025-04-26 02:00:00,4.113356663277785
2025-04-26 03:00:00,2.7265806143682134
2025-04-26 04:00:00,2.81972946995026
2025-04-26 05:00:00,3.174854577827458
2025-04-26 06:00:00,2.9321809356912603
2025-04-26 07:00:00,6.323086984356549
2025-04-26 08:00:00,6.971368319121895
2025-04-26 09:00:00,6.537251405317741
2025-04-26 10:00:00,7.65196381821197
2025-04-26 11:00:00,11.693856017811887
2025-04-26 12:00:00,16.16771596462445
2025-04-26 13:00:00,17.005410099610497
2025-04-26 14:00:00,36.72579925408446
2025-04-26 15:00:00,41.12976590685144
2025-04-26 16:00:00,44.834797452200704
2025-04-26 17:00:00,46.61654457986323
2025-04-26 18:00:00,33.314458132839654
2025-04-26 19:00:00,32.11730288244692
2025-04-26 20:00:00,33.260844089181994
2025-04-26 21:00:00,39.94237199950245
2025-04-26 22:00:00,34.1827789478476
2025-04-26 23:00:00,39.83889989270357
2025-04-27 00:00:00,30.740288321863986
2025-04-27 01:00:00,12.502535410240277
2025-04-27 02:00:00,11.40426826418861
2025-04-27 03:00:00,43.12884662311909
2025-04-27 04:00:00,37.34580027989874
2025-04-27 05:00:00,33.211746396176416
2025-04-27 06:00:00,36.51640112079025
2025-04-27 07:00:00,18.23908199645952
2025-04-27 08:00:00,23.590195973182457
2025-04-27 09:00:00,17.155286543404014
2025-04-27 10:00:00,15.882541007291938
2025-04-27 11:00:00,13.281108919541147
2025-04-27 12:00:00,24.781130880409723
2025-04-27 13:00:00,17.23408867281483
2025-04-27 14:00:00,18.846904577706336
2025-04-27 15:00:00,5.790819415216762
2025-04-27 16:00:00,3.6937261707011846
2025-04-27 17:00:00,8.488786108828162
2025-04-27 18:00:00,11.200770889128131
2025-04-27 19:00:00,8.905338905838695
2025-04-27 20:00:00,8.049862287547496
2025-04-27 21:00:00,13.032230642755685
2025-04-27 22:00:00,20.770363972515447
2025-04-27 23:00:00,7.494719321264278
2025-04-28 00:00:00,9.148035593697102
2025-04-28 01:00:00,9.49250271702351
2025-04-28 02:00:00,7.934129997693065
2025-04-28 03:00:00,7.4200230838057655
2025-04-28 04:00:00,9.066682607078466
2025-04-28 05:00:00,4.106829846442829
2025-04-28 06:00:00,7.337566224830709
2025-04-28 07:00:00,3.7200128768695184
2025-04-28 08:00:00,5.479737401875837
2025-04-28 09:00:00,5.14462941695223
2025-04-28 10:00:00,5.0815304642602985
2025-04-28 11:00:00,7.482144575432741
2025-04-28 12:00:00,7.560082067879008
2025-04-28 13:00:00,15.172046065707976
2025-04-28 14:00:00,15.599433302210267
2025-04-28 15:00:00,18.028456768116033
2025-04-28 16:00:00,28.953250717667544
2025-04-28 17:00:00,28.96141623627097
2025-04-28 18:00:00,23.069255044912456
2025-04-28 19:00:00,23.47253345068091
2025-04-28 20:00:00,14.590677276072041
2025-04-28 21:00:00,10.686856458838749
2025-04-28 22:00:00,7.152488283005399
2025-04-28 23:00:00,8.07899667760425
2025-04-29 00:00:00,5.5833337877384945
2025-04-29 01:00:00,6.8596757792375955
2025-04-29 02:00:00,6.330370928811906
2025-04-29 03:00:00,5.646661063173883
2025-04-29 04:00:00,7.5784110557174795
2025-04-29 05:00:00,10.172062045963825
2025-04-29 06:00:00,6.0780672473834985
2025-04-29 07:00:00,4.306613889970689
2025-04-29 08:00:00,4.333349680264072
2025-04-29 09:00:00,3.51691843414138
2025-04-29 10:00:00,6.096536364314337
2025-04-29 11:00:00,4.731994000926755
2025-04-29 12:00:00,3.3941878225963076
2025-04-29 13:00:00,3.0266692341368078
2025-04-29 14:00:00,3.5141850292247447
2025-04-29 15:00:00,4.13075841939088
2025-04-29 16:00:00,3.3841157279250575
2025-04-29 17:00:00,3.270994894706693
2025-04-29 18:00:00,15.370174507211054
2025-04-29 19:00:00,20.1697420576992
2025-04-29 20:00:00,32.31439251457515
2025-04-29 21:00:00,33.9999116592632
2025-04-29 22:00:00,32.25730521431296
2025-04-29 23:00:00,34.73359645616023
2025-04-30 00:00:00,22.862129517458555
2025-04-30 01:00:00,30.64908007202356
2025-04-30 02:00:00,30.49121245161038
2025-04-30 03:00:00,23.685207559896043
2025-04-30 04:00:00,19.24205939244466
2025-04-30 05:00:00,19.214235011538314
2025-04-30 06:00:00,14.740238510179903
2025-04-30 07:00:00,17.961177108095857
2025-04-30 08:00:00,24.865350009013298
2025-04-30 09:00:00,31.04247426982754
2025-04-30 10:00:00,45.399928912726786
2025-04-30 11:00:00,43.11254058756313
2025-04-30 12:00:00,48.96941848343803
2025-04-30 13:00:00,50.73330712444811
2025-04-30 14:00:00,51.068363630485564
2025-04-30 15:00:00,53.32738708600778
2025-04-30 16:00:00,52.01428358640591
2025-04-30 17:00:00,53.26499941004127
2025-04-30 18:00:00,33.64252708941446
2025-04-30 19:00:00,39.411054223127074
2025-04-30 20:00:00,39.67781528360473
2025-04-30 21:00:00,36.1020504608691
2025-04-30 22:00:00,38.38328728970717
2025-04-30 23:00:00,40.98786506480904
2025-05-01 00:00:00,26.655875412999176
2025-05-01 01:00:00,42.19160245666232
2025-05-01 02:00:00,44.94262669544972
2025-05-01 03:00:00,39.009461170725935
2025-05-01 04:00:00,36.29551751323591
2025-05-01 05:00:00,36.20199497777099
2025-05-01 06:00:00,30.71750268022248
2025-05-01 07:00:00,41.04669598522476
2025-05-01 08:00:00,52.27706742796438
2025-05-01 09:00:00,54.46351190069016
2025-05-01 10:00:00,51.06664273573986
2025-05-01 11:00:00,49.585649814261
2025-05-01 12:00:00,44.91320994892118
2025-05-01 13:00:00,42.26346681797986
2025-05-01 14:00:00,18.333299817343043
2025-05-01 15:00:00,13.114017394954843
2025-05-01 16:00:00,14.521597535215493
2025-05-01 17:00:00,16.423515130575943
2025-05-01 18:00:00,12.746412197069983
2025-05-01 19:00:00,7.465836661279441
2025-05-01 20:00:00,5.46342332299692
2025-05-01 21:00:00,6.303455900784886
2025-05-01 22:00:00,4.934718831730497
2025-05-01 23:00:00,8.831733218688502
2025-05-02 00:00:00,9.986848263731867
2025-05-02 01:00:00,13.331868933125497
2025-05-02 02:00:00,24.11916675822746
2025-05-02 03:00:00,34.78313313811865
2025-05-02 04:00:00,20.314356513673747
2025-05-02 05:00:00,12.863553214483279
2025-05-02 06:00:00,9.659955261528786
2025-05-02 07:00:00,17.183081922164355
2025-05-02 08:00:00,30.581178850648357
2025-05-02 09:00:00,18.472680168367617
2025-05-02 10:00:00,19.305108468902784
2025-05-02 11:00:00,15.644116898571228
2025-05-02 12:00:00,19.203224977261907
2025-05-02 13:00:00,13.963333169060638
2025-05-02 14:00:00,13.358273935632996
2025-05-02 15:00:00,7.8467842174054985
2025-05-02 16:00:00,4.896926926373794
2025-05-02 17:00:00,6.050856811178835
2025-05-02 18:00:00,7.681804895375904
2025-05-02 19:00:00,7.905569136233778
2025-05-02 20:00:00,6.73417848457189
2025-05-02 21:00:00,4.339053480758123
2025-05-02 22:00:00,4.107084180619454
2025-05-02 23:00:00,3.8396631792501767
2025-05-03 00:00:00,2.162494233867866
2025-05-03 01:00:00,3.6658926852165115
2025-05-03 02:00:00,7.587323215415273
2025-05-03 03:00:00,7.7024989512095425
2025-05-03 04:00:00,3.0776399189438592
2025-05-03 05:00:00,6.43650016570612
2025-05-03 06:00:00,5.024769029829232
2025-05-03 07:00:00,16.582654837398938
2025-05-03 08:00:00,5.910056386469698
2025-05-03 09:00:00,8.534800323022328
2025-05-03 10:00:00,7.988647181018453
2025-05-03 11:00:00,7.350213877760145
2025-05-03 12:00:00,3.987762730261209
2025-05-03 13:00:00,7.285700440479779
2025-05-03 14:00:00,10.663397994888442
2025-05-03 15:00:00,6.96677960019088
2025-05-03 16:00:00,16.22426477364201
2025-05-03 17:00:00,20.40907414487171
2025-05-03 18:00:00,16.363361624916223
2025-05-03 19:00:00,11.100053401045884
2025-05-03 20:00:00,10.079987352120867
2025-05-03 21:00:00,12.67603804046413
2025-05-03 22:00:00,12.035734414516964
2025-05-03 23:00:00,12.379981264131283
2025-05-04 00:00:00,3.681731220135433
2025-05-04 01:00:00,6.109490574611274
2025-05-04 02:00:00,6.425214248943153
2025-05-04 03:00:00,7.25558741710604
2025-05-04 04:00:00,6.4677248526239985
2025-05-04 05:00:00,6.58933028279227
2025-05-04 06:00:00,6.508301791979497
2025-05-04 07:00:00,5.434906981867194
2025-05-04 08:00:00,8.572703637161897
2025-05-04 09:00:00,3.553504408553193
2025-05-04 10:00:00,2.214607268656346
2025-05-04 11:00:00,2.8273872476358104
2025-05-04 12:00:00,9.425253926113754
2025-05-04 13:00:00,15.687682418109318
2025-05-04 14:00:00,8.240101319783964
2025-05-04 15:00:00,14.201848802792764
2025-05-04 16:00:00,19.178273285452946
2025-05-04 17:00:00,5.535219856937302
2025-05-04 18:00:00,6.812443537805771
2025-05-04 19:00:00,9.290919793500962
2025-05-04 20:00:00,6.920135910946546
2025-05-04 21:00:00,4.943131215135713
2025-05-04 22:00:00,4.677956026416858
2025-05-04 23:00:00,1.9425327523232725
2025-05-05 00:00:00,7.941406729366701
2025-05-05 01:00:00,4.058027267156356
2025-05-05 02:00:00,4.032273589520936
2025-05-05 03:00:00,7.298867690568266
2025-05-05 04:00:00,3.1093802266111195
2025-05-05 05:00:00,4.343770108379543
2025-05-05 06:00:00,4.0598128061093846
2025-05-05 07:00:00,5.212253930687401
2025-05-05 08:00:00,6.047588475560604
2025-05-05 09:00:00,4.607733357266609
2025-05-05 10:00:00,1.549869943793114
2025-05-05 11:00:00,1.0485278411599877
2025-05-05 12:00:00,1.2765454562287022
2025-05-05 13:00:00,0.8438928521437834
2025-05-05 14:00:00,2.349934802311281
2025-05-05 15:00:00,2.4924234187062724
2025-05-05 16:00:00,1.6075899340222404
2025-05-05 17:00:00,8.727297884394442
2025-05-05 18:00:00,13.758208373443807
2025-05-05 19:00:00,13.845882805685985
2025-05-05 20:00:00,12.031828257151954
2025-05-05 21:00:00,1.9585326010461743
2025-05-05 22:00:00,7.785981825294898
2025-05-05 23:00:00,8.809526904160574
2025-05-06 00:00:00,8.196010189882976
2025-05-06 01:00:00,5.7658568944791035
2025-05-06 02:00:00,6.714659289028904
2025-05-06 03:00:00,5.077281239858345
2025-05-06 04:00:00,7.24310292095066
2025-05-06 05:00:00,7.79820527680661
2025-05-06 06:00:00,9.134252267281749
2025-05-06 07:00:00,8.666487747200412
2025-05-06 08:00:00,6.210723681447279
2025-05-06 09:00:00,3.468552544751367
2025-05-06 10:00:00,2.4129418673702174
2025-05-06 11:00:00,0.8957243150877384
2025-05-06 12:00:00,0.6373194732570239
2025-05-06 13:00:00,1.491999325094856
2025-05-06 14:00:00,2.6216262009390934
2025-05-06 15:00:00,3.7037903587281256
2025-05-06 16:00:00,5.040885298788854
2025-05-06 17:00:00,5.2806301786590115
2025-05-06 18:00:00,5.039057474848
2025-05-06 19:00:00,7.9421386359325385
2025-05-06 20:00:00,3.438810382433817
2025-05-06 21:00:00,6.114669675519027
2025-05-06 22:00:00,6.668438933697425
2025-05-06 23:00:00,4.246736079553423
2025-05-07 00:00:00,3.652725059913981
2025-05-07 01:00:00,6.749708848543637
2025-05-07 02:00:00,5.866150941171035
2025-05-07 03:00:00,4.884544386868277
2025-05-07 04:00:00,4.629346405567971
2025-05-07 05:00:00,5.125053982982511
2025-05-07 06:00:00,4.827962209450594
2025-05-07 07:00:00,1.7526834262820343
2025-05-07 08:00:00,3.074708122374073
2025-05-07 09:00:00,1.153494591766572
2025-05-07 10:00:00,0.27516228917464375
2025-05-07 11:00:00,0.7934851618521571
2025-05-07 12:00:00,0.7534831273811895
2025-05-07 13:00:00,2.15294324951834
2025-05-07 14:00:00,5.0645766203465294
2025-05-07 15:00:00,4.880869395690998
2025-05-07 16:00:00,4.791410782908276
2025-05-07 17:00:00,5.553225113677645
2025-05-07 18:00:00,5.950463226538261
2025-05-07 19:00:00,5.118425735066547
2025-05-07 20:00:00,2.6857167760643166
2025-05-07 21:00:00,2.188837768666622
2025-05-07 22:00:00,2.0959935186765826
2025-05-07 23:00:00,2.2783637719320975
2025-05-08 00:00:00,1.661591999446412
2025-05-08 01:00:00,2.1010795758488032
2025-05-08 02:00:00,3.857504624686891
2025-05-08 03:00:00,3.2816902826611227
2025-05-08 04:00:00,2.641790146343624
2025-05-08 05:00:00,2.6300485119742536
2025-05-08 06:00:00,2.2382434305513677
2025-05-08 07:00:00,1.9344006143140755
2025-05-08 08:00:00,5.169036850741253
2025-05-08 09:00:00,1.8455199743833173
2025-05-08 10:00:00,1.6259134661989103
2025-05-08 11:00:00,0.0
2025-05-08 12:00:00,1.4289538373196715
2025-05-08 13:00:00,4.377014234284482
2025-05-08 14:00:00,1.0997574264540007
2025-05-08 15:00:00,5.903347169139459
2025-05-08 16:00:00,6.48635792071088
2025-05-08 17:00:00,11.226299113968881
2025-05-08 18:00:00,8.208858286684091
2025-05-08 19:00:00,1.802200295055566
2025-05-08 20:00:00,2.3619195748941144
2025-05-08 21:00:00,2.0901414113779233
2025-05-08 22:00:00,1.4165502866772985
2025-05-08 23:00:00,3.0367409746749736
2025-05-09 00:00:00,5.12966545898617
2025-05-09 01:00:00,5.970891652152609
2025-05-09 02:00:00,5.409124435486937
2025-05-09 03:00:00,7.955082918673853
2025-05-09 04:00:00,7.624296375930779
2025-05-09 05:00:00,8.227213475614276
2025-05-09 06:00:00,7.200071032171423
2025-05-09 07:00:00,5.860331314948424
2025-05-09 08:00:00,9.346710134556472
2025-05-09 09:00:00,16.979100576375195
2025-05-09 10:00:00,15.881411693342523
2025-05-09 11:00:00,19.81966222685647
2025-05-09 12:00:00,27.434121373736065
2025-05-09 13:00:00,36.088564579351925
2025-05-09 14:00:00,45.09784762332374
2025-05-09 15:00:00,48.86195790256101
2025-05-09 16:00:00,46.82695306860144
2025-05-09 17:00:00,42.688364618268295
2025-05-09 18:00:00,47.69782618599214
2025-05-09 19:00:00,47.811568965009464
2025-05-09 20:00:00,51.74308084472679
2025-05-09 21:00:00,52.88496895708734
2025-05-09 22:00:00,51.718565632239965
2025-05-09 23:00:00,51.68156182273174
2025-05-10 00:00:00,48.15919527156026
2025-05-10 01:00:00,39.71264968379864
2025-05-10 02:00:00,33.990421120206975
2025-05-10 03:00:00,34.54028413611539
2025-05-10 04:00:00,35.01264737622012
2025-05-10 05:00:00,29.7795250051313
2025-05-10 06:00:00,25.474872207304156
2025-05-10 07:00:00,28.172797513264484
2025-05-10 08:00:00,30.619950587039103
2025-05-10 09:00:00,31.83431557240476
2025-05-10 10:00:00,36.695614550948484
2025-05-10 11:00:00,47.12479818955749
2025-05-10 12:00:00,48.11462874229038
2025-05-10 13:00:00,45.2716179572203
2025-05-10 14:00:00,37.18623679117396
2025-05-10 15:00:00,45.32502499262889
2025-05-10 16:00:00,35.257899144291976
2025-05-10 17:00:00,38.635726206237486
2025-05-10 18:00:00,27.21381856501862
2025-05-10 19:00:00,27.646013612662845
2025-05-10 20:00:00,27.890469004396074
2025-05-10 21:00:00,16.40085229199456
2025-05-10 22:00:00,16.205613233546952
2025-05-10 23:00:00,12.334499155892635
2025-05-11 00:00:00,15.40779280725278
2025-05-11 01:00:00,7.424418519279236
2025-05-11 02:00:00,5.471849379685526
2025-05-11 03:00:00,4.5059404725101615
2025-05-11 04:00:00,3.7185213678545215
2025-05-11 05:00:00,3.932672436330017
2025-05-11 06:00:00,5.354411217695638
2025-05-11 07:00:00,6.106960200698269
2025-05-11 08:00:00,5.935529019462707
2025-05-11 09:00:00,2.8767855616418383
2025-05-11 10:00:00,1.0264463202740308
2025-05-11 11:00:00,5.650574492857838
2025-05-11 12:00:00,9.859061738755218
2025-05-11 13:00:00,7.4482478522056175
2025-05-11 14:00:00,16.30705155771946
2025-05-11 15:00:00,12.604867476760806
2025-05-11 16:00:00,14.159488063505604
2025-05-11 17:00:00,14.122033402033981
2025-05-11 18:00:00,14.217134580956284
2025-05-11 19:00:00,10.738503300848222
2025-05-11 20:00:00,11.817626336530525
2025-05-11 21:00:00,8.12551193241154
2025-05-11 22:00:00,4.946771729435158
2025-05-11 23:00:00,12.077862314763525
2025-05-12 00:00:00,9.832564154732209
2025-05-12 01:00:00,4.683502860808584
2025-05-12 02:00:00,9.163525180730549
2025-05-12 03:00:00,12.125043573294914
2025-05-12 04:00:00,14.820904017582057
2025-05-12 05:00:00,6.770533479819976
2025-05-12 06:00:00,14.886157513322848
2025-05-12 07:00:00,5.470164533909088
2025-05-12 08:00:00,7.425856919862793
2025-05-12 09:00:00,2.5992231621162936
2025-05-12 10:00:00,4.595902299775664
2025-05-12 11:00:00,11.235013584708309
2025-05-12 12:00:00,18.737692342391515
2025-05-12 13:00:00,28.45699875326471
2025-05-12 14:00:00,31.051880598009845
2025-05-12 15:00:00,31.714519122515522
2025-05-12 16:00:00,35.63458341515078
2025-05-12 17:00:00,34.74630713292522
2025-05-12 18:00:00,28.567494379657983
2025-05-12 19:00:00,27.589022996736905
2025-05-12 20:00:00,30.753925790022436
2025-05-12 21:00:00,25.143385772501787
2025-05-12 22:00:00,29.044804868713836
2025-05-12 23:00:00,35.716499955651486
2025-05-13 00:00:00,23.695475415844193
2025-05-13 01:00:00,23.6431121884511
2025-05-13 02:00:00,20.295252081752377
2025-05-13 03:00:00,14.024047138727974
2025-05-13 04:00:00,19.95505592167139
2025-05-13 05:00:00,18.414847780791824
2025-05-13 06:00:00,18.790540902314422
2025-05-13 07:00:00,20.984296131995052
2025-05-13 08:00:00,24.95650799447093
2025-05-13 09:00:00,23.372135615823204
2025-05-13 10:00:00,30.019471278848922
2025-05-13 11:00:00,44.02257000251481
2025-05-13 12:00:00,47.63273678724001
2025-05-13 13:00:00,49.71028406054501
2025-05-13 14:00:00,46.36938050239006
2025-05-13 15:00:00,35.330286454296036
2025-05-13 16:00:00,33.55014274409211
2025-05-13 17:00:00,28.419480002740006
2025-05-13 18:00:00,20.454434129424033
2025-05-13 19:00:00,7.043514285258391
2025-05-13 20:00:00,8.469531273598587
2025-05-13 21:00:00,6.257995399373885
2025-05-13 22:00:00,5.839312558181628
2025-05-13 23:00:00,3.3585654855021505
2025-05-14 00:00:00,8.536592206072763
2025-05-14 01:00:00,4.4613092817121505
2025-05-14 02:00:00,8.326056661258256
2025-05-14 03:00:00,4.818815073741211
2025-05-14 04:00:00,4.646607595753818
2025-05-14 05:00:00,5.680254521169289
2025-05-14 06:00:00,5.170755923420496
2025-05-14 07:00:00,3.901003399733295
2025-05-14 08:00:00,4.137199921578771
2025-05-14 09:00:00,3.4072172325998284
2025-05-14 10:00:00,4.0223043909638445
2025-05-14 11:00:00,6.699338893507235
2025-05-14 12:00:00,15.929859324909362
2025-05-14 13:00:00,24.3853578268925
2025-05-14 14:00:00,26.537129564101697
2025-05-14 15:00:00,33.50451894358887
2025-05-14 16:00:00,37.996668795622774
2025-05-14 17:00:00,40.66610356145219
2025-05-14 18:00:00,27.108321615300397
2025-05-14 19:00:00,24.214325605948808
2025-05-14 20:00:00,29.88379566899598
2025-05-14 21:00:00,9.479925156221588
2025-05-14 22:00:00,14.372638360927427
2025-05-14 23:00:00,22.607049259185565
2025-05-15 00:00:00,23.545581759935367
2025-05-15 01:00:00,17.283701018297904
2025-05-15 02:00:00,29.070802880055894
2025-05-15 03:00:00,39.3297704475447
2025-05-15 04:00:00,36.34747134045202
2025-05-15 05:00:00,23.953706614805554
2025-05-15 06:00:00,34.482875001392294
2025-05-15 07:00:00,27.793091697561298
2025-05-15 08:00:00,24.42150373013763
2025-05-15 09:00:00,27.62312398111279
2025-05-15 10:00:00,26.48459386010445
2025-05-15 11:00:00,19.296024067137473
2025-05-15 12:00:00,17.235582571107674
2025-05-15 13:00:00,15.031811044523408
2025-05-15 14:00:00,13.30870006849052
2025-05-15 15:00:00,15.576580120679381
2025-05-15 16:00:00,15.574416104275318
2025-05-15 17:00:00,21.465790356565254
2025-05-15 18:00:00,18.937119813944307
2025-05-15 19:00:00,18.238428678976845
2025-05-15 20:00:00,14.306242045909617
2025-05-15 21:00:00,6.960066268237512
2025-05-15 22:00:00,10.980436433568494
2025-05-15 23:00:00,6.8089981232955
2025-05-16 00:00:00,8.771938705568209
2025-05-16 01:00:00,10.78411079961629
2025-05-16 02:00:00,13.025639724371265
2025-05-16 03:00:00,14.501457808464556
2025-05-16 04:00:00,15.349149081008346
2025-05-16 05:00:00,15.4013537831816
2025-05-16 06:00:00,4.251824660718721
2025-05-16 07:00:00,2.279179869708185
2025-05-16 08:00:00,2.9036369897268157
2025-05-16 09:00:00,5.577345439305763
2025-05-16 10:00:00,11.171750639223655
2025-05-16 11:00:00,9.897058528094151
2025-05-16 12:00:00,5.9527526526200205
2025-05-16 13:00:00,13.755336954769163
2025-05-16 14:00:00,4.20074623588401
2025-05-16 15:00:00,21.178710723120158
2025-05-16 16:00:00,8.564001015138809
2025-05-16 17:00:00,18.569458250944596
2025-05-16 18:00:00,14.13377357032191
2025-05-16 19:00:00,13.063845596793342
2025-05-16 20:00:00,11.56218866699621
2025-05-16 21:00:00,16.360953277685454
2025-05-16 22:00:00,9.838248867188273
2025-05-16 23:00:00,14.968356220088923
2025-05-17 00:00:00,12.403779723792777
2025-05-17 01:00:00,11.73537755611878
2025-05-17 02:00:00,9.557439017759016
2025-05-17 03:00:00,8.742448490339136
2025-05-17 04:00:00,7.532269852195271
2025-05-17 05:00:00,7.212334288805568
2025-05-17 06:00:00,10.80943659803303
2025-05-17 07:00:00,6.239438375284972
2025-05-17 08:00:00,9.490497959627834
2025-05-17 09:00:00,13.524476225462882
2025-05-17 10:00:00,11.123346735013627
2025-05-17 11:00:00,3.7763874047243586
2025-05-17 12:00:00,1.0070498647654125
2025-05-17 13:00:00,0.10251880646352861
2025-05-17 14:00:00,1.7517628400629368
2025-05-17 15:00:00,3.158991691542528
2025-05-17 16:00:00,14.890338524078338
2025-05-17 17:00:00,17.771950575066167
2025-05-17 18:00:00,23.612979441470777
2025-05-17 19:00:00,20.4480735102584
2025-05-17 20:00:00,15.572859483992081
2025-05-17 21:00:00,13.89340812100564
2025-05-17 22:00:00,10.091423497179289
2025-05-17 23:00:00,10.379810389066744
2025-05-18 00:00:00,6.554300154131954
2025-05-18 01:00:00,6.227832407241224
2025-05-18 02:00:00,6.136941752097781
2025-05-18 03:00:00,7.791954937997681
2025-05-18 04:00:00,6.219395540236249
2025-05-18 05:00:00,3.996677490707047
2025-05-18 06:00:00,5.6843552601014675
2025-05-18 07:00:00,12.460887399226218
2025-05-18 08:00:00,13.127364888225936
2025-05-18 09:00:00,3.913788306268535
2025-05-18 10:00:00,1.2739482926291281
2025-05-18 11:00:00,1.4821897979198457
2025-05-18 12:00:00,2.3193612425333585
2025-05-18 13:00:00,1.0459130434044395
2025-05-18 14:00:00,2.5907473155918677
2025-05-18 15:00:00,2.6579362804117985
2025-05-18 16:00:00,2.17739976478895
2025-05-18 17:00:00,4.369650023381497
2025-05-18 18:00:00,4.708783642973938
2025-05-18 19:00:00,5.105403101139514
2025-05-18 20:00:00,3.210857223897614
2025-05-18 21:00:00,5.961368549191939
2025-05-18 22:00:00,4.207094516477291
2025-05-18 23:00:00,3.9914004780140857
2025-05-19 00:00:00,1.6033874808836268
2025-05-19 01:00:00,2.5766499833308636
2025-05-19 02:00:00,3.0829410610579515
2025-05-19 03:00:00,3.0268356752536727
2025-05-19 04:00:00,2.318943578079432
2025-05-19 05:00:00,2.1985744240067326
2025-05-19 06:00:00,9.195908067806775
2025-05-19 07:00:00,19.672766027588274
2025-05-19 08:00:00,27.849682443239896
2025-05-19 09:00:00,39.465327525094615
2025-05-19 10:00:00,47.054507048653655
2025-05-19 11:00:00,47.92391349130069
2025-05-19 12:00:00,52.70006496644717
2025-05-19 13:00:00,52.29754294472646
2025-05-19 14:00:00,48.153051638396335
2025-05-19 15:00:00,47.27077722377745
2025-05-19 16:00:00,41.66773160053758
2025-05-19 17:00:00,37.3067265244441
2025-05-19 18:00:00,34.43975858475304
2025-05-19 19:00:00,34.651704448271516
2025-05-19 20:00:00,27.34539621660942
2025-05-19 21:00:00,25.398745760804353
2025-05-19 22:00:00,24.813541104226275
2025-05-19 23:00:00,29.53303462410001
2025-05-20 00:00:00,46.57666535955945
2025-05-20 01:00:00,46.30886200229204
2025-05-20 02:00:00,43.85430448146536
2025-05-20 03:00:00,27.212021402932542
2025-05-20 04:00:00,31.155535054421733
2025-05-20 05:00:00,30.657371212675795
2025-05-20 06:00:00,27.254876357379395
2025-05-20 07:00:00,26.3816186597712
2025-05-20 08:00:00,28.962434749921332
2025-05-20 09:00:00,23.63395930755745
2025-05-20 10:00:00,10.264878694305306
2025-05-20 11:00:00,12.494238339757734
2025-05-20 12:00:00,15.760218750449853
2025-05-20 13:00:00,13.83743305461069
2025-05-20 14:00:00,14.88498201897672
2025-05-20 15:00:00,23.301667792478725
2025-05-20 16:00:00,26.426993922092514
2025-05-20 17:00:00,19.264118096081397
2025-05-20 18:00:00,18.535259979405527
2025-05-20 19:00:00,26.845153750573424
2025-05-20 20:00:00,22.89633930263705
2025-05-20 21:00:00,16.616404287464093
2025-05-20 22:00:00,22.225261413246724
2025-05-20 23:00:00,20.501482747157127
2025-05-21 00:00:00,11.036474764309583
2025-05-21 01:00:00,4.143960972110673
2025-05-21 02:00:00,4.042411801965475
2025-05-21 03:00:00,10.329361535978112
2025-05-21 04:00:00,3.2289285371610887
2025-05-21 05:00:00,2.5949020739136923
2025-05-21 06:00:00,2.9361345831448245
2025-05-21 07:00:00,8.254734677618268
2025-05-21 08:00:00,9.102836932028163
2025-05-21 09:00:00,2.5269931244767077
2025-05-21 10:00:00,1.2893600416997748
2025-05-21 11:00:00,0.9191494551294372
2025-05-21 12:00:00,1.0006603883436047
2025-05-21 13:00:00,0.03674202402810503
2025-05-21 14:00:00,0.0
2025-05-21 15:00:00,0.5481267477672889
2025-05-21 16:00:00,1.0491833104266468
2025-05-21 17:00:00,1.4567291160393967
2025-05-21 18:00:00,1.7118508862798638
2025-05-21 19:00:00,1.3513126491354408
2025-05-21 20:00:00,2.4094626279278257
2025-05-21 21:00:00,4.293557435709547
2025-05-21 22:00:00,4.341182659595417
2025-05-21 23:00:00,3.938050052038261
2025-05-22 00:00:00,5.203374612172642
2025-05-22 01:00:00,5.498880570236569
2025-05-22 02:00:00,4.042972826081448
2025-05-22 03:00:00,4.536393874153452
2025-05-22 04:00:00,3.271471236451153
2025-05-22 05:00:00,3.0031010876810242
2025-05-22 06:00:00,3.3647304323503273
2025-05-22 07:00:00,3.0393569064758754
2025-05-22 08:00:00,1.8126148575009886
2025-05-22 09:00:00,1.8695290996896652
2025-05-22 10:00:00,1.2521596469729306
2025-05-22 11:00:00,0.5591932082613219
2025-05-22 12:00:00,0.861055826016053
2025-05-22 13:00:00,0.8791276071461595
2025-05-22 14:00:00,0.876638538992237
2025-05-22 15:00:00,3.552076028160326
2025-05-22 16:00:00,2.0150070975747076
2025-05-22 17:00:00,1.6731275264843803
2025-05-22 18:00:00,3.558371677810017
2025-05-22 19:00:00,2.3748471501307633
2025-05-22 20:00:00,3.8403655387841744
2025-05-22 21:00:00,4.214153903003817
2025-05-22 22:00:00,6.532420998146808
2025-05-22 23:00:00,9.284376269385438
2025-05-23 00:00:00,4.993929929612193
2025-05-23 01:00:00,4.787081134332161
2025-05-23 02:00:00,3.8845307894100727
2025-05-23 03:00:00,4.695060059325501
2025-05-23 04:00:00,2.951129604397022
2025-05-23 05:00:00,2.483971186252639
2025-05-23 06:00:00,2.9782063019869196
2025-05-23 07:00:00,2.3209409310705453
2025-05-23 08:00:00,1.256704246770054
2025-05-23 09:00:00,1.4804850793117295
2025-05-23 10:00:00,1.231824478939093
2025-05-23 11:00:00,2.3298550824474216
2025-05-23 12:00:00,0.9195026204259422
2025-05-23 13:00:00,0.3636539136509225
2025-05-23 14:00:00,0.999616191391889
2025-05-23 15:00:00,2.5162295521630553
2025-05-23 16:00:00,5.941740728821476
2025-05-23 17:00:00,2.9664566525224827
2025-05-23 18:00:00,2.1637820285188067
2025-05-23 19:00:00,3.0368567509598243
2025-05-23 20:00:00,2.898862134436654
2025-05-23 21:00:00,4.101948754193741
2025-05-23 22:00:00,3.6137462992793297
2025-05-23 23:00:00,3.535865667424587
2025-05-24 00:00:00,4.286197742383678
2025-05-24 01:00:00,6.619518940025898
2025-05-24 02:00:00,4.273802851445408
2025-05-24 03:00:00,5.6311829522097065
2025-05-24 04:00:00,9.824095632611852
2025-05-24 05:00:00,8.463070373068001
2025-05-24 06:00:00,8.514571366911
2025-05-24 07:00:00,7.138305181084834
2025-05-24 08:00:00,5.697504157283172
2025-05-24 09:00:00,1.1975684771089232
2025-05-24 10:00:00,1.3982816868974846
2025-05-24 11:00:00,1.4923308243955744
2025-05-24 12:00:00,0.9328450563027411
2025-05-24 13:00:00,1.8307802451000146
2025-05-24 14:00:00,2.3456598080601476
2025-05-24 15:00:00,2.0691366546904773
2025-05-24 16:00:00,5.32917758909916
2025-05-24 17:00:00,9.469126718637051
2025-05-24 18:00:00,12.061223381185115
2025-05-24 19:00:00,10.87615264980771
2025-05-24 20:00:00,6.85539922807622
2025-05-24 21:00:00,5.973933352486859
2025-05-24 22:00:00,9.793825599396431
2025-05-24 23:00:00,10.91491721482179
2025-05-25 00:00:00,12.839246003558209
2025-05-25 01:00:00,10.467013074661697
2025-05-25 02:00:00,9.338703297119837
2025-05-25 03:00:00,10.917896991843854
2025-05-25 04:00:00,7.120893074207038
2025-05-25 05:00:00,6.993050130458301
2025-05-25 06:00:00,6.328292059884698
2025-05-25 07:00:00,9.51390302610451
2025-05-25 08:00:00,8.11064730605913
2025-05-25 09:00:00,4.569866082274244
2025-05-25 10:00:00,1.8954755695226226
2025-05-25 11:00:00,1.8764164825893217
2025-05-25 12:00:00,1.4591785695628654
2025-05-25 13:00:00,2.4819505342149695
2025-05-25 14:00:00,2.0529261716679263
2025-05-25 15:00:00,10.69437403323945
2025-05-25 16:00:00,5.219230091193055
2025-05-25 17:00:00,2.2238147343242
2025-05-25 18:00:00,5.231381829036352
2025-05-25 19:00:00,5.21466613485914
2025-05-25 20:00:00,1.4226774527232573
2025-05-25 21:00:00,1.1865325626523024
2025-05-25 22:00:00,1.4687761329079048
2025-05-25 23:00:00,1.2824556407979486
2025-05-26 00:00:00,1.0444590521273929
2025-05-26 01:00:00,1.240533814535837
2025-05-26 02:00:00,1.8862390803279596
2025-05-26 03:00:00,2.3884231413910597
2025-05-26 04:00:00,2.426365137082191
2025-05-26 05:00:00,2.6119248365608105
2025-05-26 06:00:00,2.9954784867340245
2025-05-26 07:00:00,1.707665948059171
2025-05-26 08:00:00,2.1349418965885683
2025-05-26 09:00:00,3.1986331514958612
2025-05-26 10:00:00,3.2075533868778345
2025-05-26 11:00:00,6.632416671275037
2025-05-26 12:00:00,4.99426700338085
2025-05-26 13:00:00,2.198456994998184
2025-05-26 14:00:00,3.374988173635171
2025-05-26 15:00:00,2.691122013266071
2025-05-26 16:00:00,1.5837255976552902
2025-05-26 17:00:00,3.844219751948209
2025-05-26 18:00:00,4.540207292701621
2025-05-26 19:00:00,4.760625838677212
2025-05-26 20:00:00,5.743325536537607
2025-05-26 21:00:00,9.014074622441633
2025-05-26 22:00:00,3.587544063023143
2025-05-26 23:00:00,11.6146981029529
2025-05-27 00:00:00,4.5315798123991575
2025-05-27 01:00:00,5.551723282892444
2025-05-27 02:00:00,5.145602907703731
2025-05-27 03:00:00,4.455887295088857
2025-05-27 04:00:00,4.811992553461452
2025-05-27 05:00:00,4.592970228793095
2025-05-27 06:00:00,4.667433710547906
2025-05-27 07:00:00,2.8664002855755357
2025-05-27 08:00:00,3.015289095118925
2025-05-27 09:00:00,0.505350301486893
2025-05-27 10:00:00,0.5346882741408686
2025-05-27 11:00:00,0.9278523800993319
2025-05-27 12:00:00,2.7285030579223037
2025-05-27 13:00:00,2.3914541966068095
2025-05-27 14:00:00,1.5344054112759666
2025-05-27 15:00:00,1.6869966320755183
2025-05-27 16:00:00,1.0462455057562117
2025-05-27 17:00:00,2.3521109606423374
2025-05-27 18:00:00,3.950344883707601
2025-05-27 19:00:00,3.855785773908125
2025-05-27 20:00:00,1.069106358817405
2025-05-27 21:00:00,1.5755397106322766
2025-05-27 22:00:00,2.8753065768457393
2025-05-27 23:00:00,0.84363080466545
2025-05-28 00:00:00,0.55994421521905
2025-05-28 01:00:00,0.6678420223674693
2025-05-28 02:00:00,0.9958900570563212
2025-05-28 03:00:00,3.5212545859452926
2025-05-28 04:00:00,2.0114233291133616
2025-05-28 05:00:00,1.693304566891669
2025-05-28 06:00:00,2.348707204643239
2025-05-28 07:00:00,1.8457376626806552
2025-05-28 08:00:00,3.1207091130186297
2025-05-28 09:00:00,0.938586641210776
2025-05-28 10:00:00,0.6979063594610763
2025-05-28 11:00:00,1.1654070095863236
2025-05-28 12:00:00,2.117994824334628
2025-05-28 13:00:00,4.973808977152959
2025-05-28 14:00:00,10.177432389689368
2025-05-28 15:00:00,10.554451294244947
2025-05-28 16:00:00,6.613534257913951
2025-05-28 17:00:00,10.43208046266598
2025-05-28 18:00:00,8.60060099699031
2025-05-28 19:00:00,8.472794249931269
2025-05-28 20:00:00,6.556107892612386
2025-05-28 21:00:00,5.390632683814774
2025-05-28 22:00:00,3.8463335370550014
2025-05-28 23:00:00,2.3312275543477408
2025-05-29 00:00:00,2.09149168022687
2025-05-29 01:00:00,5.504181185948784
2025-05-29 02:00:00,5.7058235616065165
2025-05-29 03:00:00,2.811473862386809
2025-05-29 04:00:00,3.0493426055590667
2025-05-29 05:00:00,2.2761945500636753
2025-05-29 06:00:00,2.005310231518749
2025-05-29 07:00:00,3.4745442038831897
2025-05-29 08:00:00,4.43448338662307
2025-05-29 09:00:00,1.593330168249026
2025-05-29 10:00:00,0.5611351230005085
2025-05-29 11:00:00,0.0
2025-05-29 12:00:00,6.262153031481526
2025-05-29 13:00:00,8.862646695929335
2025-05-29 14:00:00,26.614295116472906
2025-05-29 15:00:00,24.423288829902415
2025-05-29 16:00:00,19.862406509959406
2025-05-29 17:00:00,17.148716190331022
2025-05-29 18:00:00,7.10737537404016
2025-05-29 19:00:00,5.1513266621082545
2025-05-29 20:00:00,6.675512061408499
2025-05-29 21:00:00,6.586504034444384
2025-05-29 22:00:00,4.932113377089427
2025-05-29 23:00:00,4.011887920702736
2025-05-30 00:00:00,6.791874392257137
2025-05-30 01:00:00,4.629839940601996
2025-05-30 02:00:00,4.009922274565546
2025-05-30 03:00:00,4.659344016865203
2025-05-30 04:00:00,3.073559140776078
2025-05-30 05:00:00,2.5780343885645665
2025-05-30 06:00:00,2.269384951331105
2025-05-30 07:00:00,2.4527844419103673
2025-05-30 08:00:00,4.3781664272909815
2025-05-30 09:00:00,1.0386322237453425
2025-05-30 10:00:00,0.8495250748951174
2025-05-30 11:00:00,1.3907080415466453
2025-05-30 12:00:00,4.442083259771832
2025-05-30 13:00:00,7.961682336164099
2025-05-30 14:00:00,10.678414268137393
2025-05-30 15:00:00,13.540807149859447
2025-05-30 16:00:00,9.8277022424813
2025-05-30 17:00:00,2.9467819135752054
2025-05-30 18:00:00,2.539096670390187
2025-05-30 19:00:00,3.4178603328447696
2025-05-30 20:00:00,2.5366965396320977
2025-05-30 21:00:00,3.220263957623285
2025-05-30 22:00:00,3.717967970699682
2025-05-30 23:00:00,3.6285937888579354
2025-05-31 00:00:00,2.847700425684746
2025-05-31 01:00:00,3.3166874332200744
2025-05-31 02:00:00,4.4244740580005315
2025-05-31 03:00:00,2.854798589458148
2025-05-31 04:00:00,3.4366260275206546
2025-05-31 05:00:00,2.94216474668098
2025-05-31 06:00:00,2.692248992308768
2025-05-31 07:00:00,3.410051242921649
2025-05-31 08:00:00,3.586426135604807
2025-05-31 09:00:00,0.45956901723360716
2025-05-31 10:00:00,0.0698884717914145
2025-05-31 11:00:00,0.39197603502388517
2025-05-31 12:00:00,0.605017785706016
2025-05-31 13:00:00,3.0646748360914695
2025-05-31 14:00:00,3.744534627835978
2025-05-31 15:00:00,5.313579520241315
2025-05-31 16:00:00,3.1629566673662635
2025-05-31 17:00:00,3.665631746999159
2025-05-31 18:00:00,4.234180326814275
2025-05-31 19:00:00,5.315609195520639
2025-05-31 20:00:00,3.7774601347087775
2025-05-31 21:00:00,3.718261939096332
2025-05-31 22:00:00,3.358519371500801
2025-05-31 23:00:00,4.9955697101636725
2025-06-01 00:00:00,0.6254696124979744
2025-06-01 01:00:00,1.8579899441042538
2025-06-01 02:00:00,0.9715040289631448
2025-06-01 03:00:00,2.3466316031591226
2025-06-01 04:00:00,2.435549937412818
2025-06-01 05:00:00,4.143826053237629
2025-06-01 06:00:00,1.8743734402683945
2025-06-01 07:00:00,2.259492304892741
2025-06-01 08:00:00,1.8720723978085747
2025-06-01 09:00:00,0.39508418059489636
2025-06-01 10:00:00,0.0
2025-06-01 11:00:00,0.5342596265241643
2025-06-01 12:00:00,0.4867911753106353
2025-06-01 13:00:00,3.815221361269246
2025-06-01 14:00:00,4.109172909813122
2025-06-01 15:00:00,3.9060059816391313
2025-06-01 16:00:00,1.424060369343287
2025-06-01 17:00:00,3.2170728416464125
2025-06-01 18:00:00,3.7428269318323135
2025-06-01 19:00:00,2.872087713071525
2025-06-01 20:00:00,2.189339597730462
2025-06-01 21:00:00,2.4783601277253746
2025-06-01 22:00:00,2.1617997377392464
2025-06-01 23:00:00,4.563920344307657
2025-06-02 00:00:00,1.6635280188040922
2025-06-02 01:00:00,2.108136419740834
2025-06-02 02:00:00,1.343385183410796
2025-06-02 03:00:00,1.5619183669793444
2025-06-02 04:00:00,1.0074036541985387
2025-06-02 05:00:00,1.9899793519742173
2025-06-02 06:00:00,1.9911957366498805
2025-06-02 07:00:00,1.2321168261747772
2025-06-02 08:00:00,1.2249621794001255
2025-06-02 09:00:00,0.0
2025-06-02 10:00:00,5.579018596248598
2025-06-02 11:00:00,4.7090258299056345
2025-06-02 12:00:00,3.5678887432151147
2025-06-02 13:00:00,0.0
2025-06-02 14:00:00,0.0
2025-06-02 15:00:00,0.0
2025-06-02 16:00:00,2.3009832000436354
2025-06-02 17:00:00,7.012854850851039
2025-06-02 18:00:00,4.342692009047435
2025-06-02 19:00:00,3.571998985627576
2025-06-02 20:00:00,8.148868389383797
2025-06-02 21:00:00,11.22795948014992
2025-06-02 22:00:00,9.235542722965782
2025-06-02 23:00:00,8.301588527989646
2025-06-03 00:00:00,7.521143412033952
2025-06-03 01:00:00,8.249667335840837
2025-06-03 02:00:00,6.948308344679916
2025-06-03 03:00:00,7.1492367695693515
2025-06-03 04:00:00,7.221270479163583
2025-06-03 05:00:00,7.582294459074225
2025-06-03 06:00:00,7.213868500169778
2025-06-03 07:00:00,8.173082464871065
2025-06-03 08:00:00,10.091958400739859
2025-06-03 09:00:00,7.358836227632687
2025-06-03 10:00:00,17.885848791724484
2025-06-03 11:00:00,18.29421988778484
2025-06-03 12:00:00,3.9542411122624306
2025-06-03 13:00:00,16.591646711055713
2025-06-03 14:00:00,13.469265312025458
2025-06-03 15:00:00,9.966304066493665
2025-06-03 16:00:00,9.000931930924347
2025-06-03 17:00:00,3.780295638933402
2025-06-03 18:00:00,4.13778571244936
2025-06-03 19:00:00,7.980828587149386
2025-06-03 20:00:00,10.710131153100122
2025-06-03 21:00:00,15.02113072351636
2025-06-03 22:00:00,15.910366196180266
2025-06-03 23:00:00,18.845828599171732
2025-06-04 00:00:00,22.710796368074007
2025-06-04 01:00:00,26.461893880667912
2025-06-04 02:00:00,28.16115914987548
2025-06-04 03:00:00,36.14424247473182
2025-06-04 04:00:00,23.1099931567226
2025-06-04 05:00:00,33.67756429580766
2025-06-04 06:00:00,27.406578173461995
2025-06-04 07:00:00,26.197283719968723
2025-06-04 08:00:00,33.44971985696472
2025-06-04 09:00:00,19.414748486881237
2025-06-04 10:00:00,18.452069006567058
2025-06-04 11:00:00,19.43282162687712
2025-06-04 12:00:00,7.388334585480491
2025-06-04 13:00:00,5.722332935281296
2025-06-04 14:00:00,13.272196401142539
2025-06-04 15:00:00,13.177375320581342
2025-06-04 16:00:00,14.90685965257324
2025-06-04 17:00:00,14.211958104655599
2025-06-04 18:00:00,11.929793860900672
2025-06-04 19:00:00,6.321566473130366
2025-06-04 20:00:00,4.972122482752449
2025-06-04 21:00:00,6.955777229301594
2025-06-04 22:00:00,5.462729273472944
2025-06-04 23:00:00,4.055168038451605
2025-06-05 00:00:00,4.902422067695177
2025-06-05 01:00:00,6.2532042701165675
2025-06-05 02:00:00,8.170965579814927
2025-06-05 03:00:00,6.364039835756004
2025-06-05 04:00:00,4.084579807725832
2025-06-05 05:00:00,5.541796005444445
2025-06-05 06:00:00,7.113567771025105
2025-06-05 07:00:00,4.922049555387104
2025-06-05 08:00:00,4.165651346142661
2025-06-05 09:00:00,1.067235425673337
2025-06-05 10:00:00,0.9094050710250414
2025-06-05 11:00:00,1.0258096556873
2025-06-05 12:00:00,2.3580610680917435
2025-06-05 13:00:00,3.776749236188558
2025-06-05 14:00:00,6.833846165850541
2025-06-05 15:00:00,10.377643758601327
2025-06-05 16:00:00,13.014622433943511
2025-06-05 17:00:00,18.0112243319694
2025-06-05 18:00:00,15.064705719153618
2025-06-05 19:00:00,22.50784898136207
2025-06-05 20:00:00,30.334857186496166
2025-06-05 21:00:00,34.84253238042799
2025-06-05 22:00:00,38.64446197841367
2025-06-05 23:00:00,35.94931050051493
2025-06-06 00:00:00,34.79626351977233
2025-06-06 01:00:00,22.351049286222814
2025-06-06 02:00:00,33.35876600567802
2025-06-06 03:00:00,33.9018703226298
2025-06-06 04:00:00,30.7644430255533
2025-06-06 05:00:00,19.35940235557582
2025-06-06 06:00:00,26.5130938605117
2025-06-06 07:00:00,26.35439190066324
2025-06-06 08:00:00,27.179873926443904
2025-06-06 09:00:00,31.605560751324735
2025-06-06 10:00:00,25.863226208965326
2025-06-06 11:00:00,27.854421094299873
2025-06-06 12:00:00,20.070531389922504
2025-06-06 13:00:00,10.915085425923868
2025-06-06 14:00:00,4.446909826081048
2025-06-06 15:00:00,13.64077964725753
2025-06-06 16:00:00,12.532617326681715
2025-06-06 17:00:00,14.376252807473566
2025-06-06 18:00:00,17.442120900491737
2025-06-06 19:00:00,4.434878584388125
2025-06-06 20:00:00,5.293530126804815
2025-06-06 21:00:00,13.765865816193902
2025-06-06 22:00:00,7.874379903717557
2025-06-06 23:00:00,3.177785990690268
2025-06-07 00:00:00,31.983720959897994
2025-06-07 01:00:00,19.74385848292748
2025-06-07 02:00:00,5.323237105262392
2025-06-07 03:00:00,7.793886746555857
2025-06-07 04:00:00,14.721944113281863
2025-06-07 05:00:00,11.03121807392605
2025-06-07 06:00:00,14.089612842747723
2025-06-07 07:00:00,7.2678377233243925
2025-06-07 08:00:00,7.919120180007135
2025-06-07 09:00:00,5.62760308600639
2025-06-07 10:00:00,10.216950119199932
2025-06-07 11:00:00,16.725968672643184
2025-06-07 12:00:00,10.951860853514285
2025-06-07 13:00:00,10.006803685973928
2025-06-07 14:00:00,8.71032776630597
2025-06-07 15:00:00,3.3465457774780605
2025-06-07 16:00:00,7.93712426959402
2025-06-07 17:00:00,5.416582781223072
2025-06-07 18:00:00,3.4491745714802664
2025-06-07 19:00:00,3.4779464570584344
2025-06-07 20:00:00,0.832608276897896
2025-06-07 21:00:00,1.1722483412843798
2025-06-07 22:00:00,1.1555678230057862
2025-06-07 23:00:00,1.4232207023797865
2025-06-08 00:00:00,0.8908798227357486
2025-06-08 01:00:00,1.2636368953468036
2025-06-08 02:00:00,1.6595138755994316
2025-06-08 03:00:00,2.6516129972825766
2025-06-08 04:00:00,1.7135043859381156
2025-06-08 05:00:00,2.004791268399587
2025-06-08 06:00:00,2.1312623947892133
2025-06-08 07:00:00,1.3909159191057359
2025-06-08 08:00:00,0.5099629853571326
2025-06-08 09:00:00,0.15009926126160447
2025-06-08 10:00:00,0.0
2025-06-08 11:00:00,0.0
2025-06-08 12:00:00,0.04567915980172922
2025-06-08 13:00:00,0.0
2025-06-08 14:00:00,1.2928484296360663
2025-06-08 15:00:00,4.107455814563457
2025-06-08 16:00:00,8.176086521354412
2025-06-08 17:00:00,1.8961934358591077
2025-06-08 18:00:00,1.8817485290474436
2025-06-08 19:00:00,3.495547636239543
2025-06-08 20:00:00,0.983409122136136
2025-06-08 21:00:00,0.2499189792666257
2025-06-08 22:00:00,0.29958519890671115
2025-06-08 23:00:00,1.0339843049903106
2025-06-09 00:00:00,2.153923813424349
2025-06-09 01:00:00,0.5807239313856798
2025-06-09 02:00:00,0.9404884235009087
2025-06-09 03:00:00,1.2761285346318256
2025-06-09 04:00:00,1.6654092775410236
2025-06-09 05:00:00,1.5442690988510914
2025-06-09 06:00:00,2.099459444381474
2025-06-09 07:00:00,1.6752847513812066
2025-06-09 08:00:00,0.3094711969622931
2025-06-09 09:00:00,0.4884080041716711
2025-06-09 10:00:00,0.0
2025-06-09 11:00:00,0.0
2025-06-09 12:00:00,0.0
2025-06-09 13:00:00,3.104480195835804
2025-06-09 14:00:00,3.6106713178796395
2025-06-09 15:00:00,4.092230667799082
2025-06-09 16:00:00,4.613893457990023
2025-06-09 17:00:00,2.4868838402411275
2025-06-09 18:00:00,6.219881468037743
2025-06-09 19:00:00,4.130139356909805
2025-06-09 20:00:00,1.602390534419185
2025-06-09 21:00:00,0.1595204981081126
2025-06-09 22:00:00,0.20101886724715803
2025-06-09 23:00:00,0.9276472963081926
2025-06-10 00:00:00,0.4188768625984598
2025-06-10 01:00:00,0.5262708803907337
2025-06-10 02:00:00,0.949817897925099
2025-06-10 03:00:00,3.5161351196886756
2025-06-10 04:00:00,3.482737954737356
2025-06-10 05:00:00,3.65977453297926
2025-06-10 06:00:00,1.1608391119322286
2025-06-10 07:00:00,3.8898202991629542
2025-06-10 08:00:00,3.0148220586234773
2025-06-10 09:00:00,0.0
2025-06-10 10:00:00,0.0
2025-06-10 11:00:00,5.653535037986042
2025-06-10 12:00:00,3.2151242726038487
2025-06-10 13:00:00,3.9100614716135675
2025-06-10 14:00:00,1.6508927846125818
2025-06-10 15:00:00,6.974508507932858
2025-06-10 16:00:00,11.403936616010276
2025-06-10 17:00:00,7.886014852832491
2025-06-10 18:00:00,7.538980644400441
2025-06-10 19:00:00,0.7783099904326525
2025-06-10 20:00:00,1.9182899887159452
2025-06-10 21:00:00,2.384725712879448
2025-06-10 22:00:00,2.5522010683616685
2025-06-10 23:00:00,3.4594232167214436
2025-06-11 00:00:00,1.995240048505214
2025-06-11 01:00:00,2.571764460554972
2025-06-11 02:00:00,2.2883240533712237
2025-06-11 03:00:00,3.0155432952112373
2025-06-11 04:00:00,3.5378825143313697
2025-06-11 05:00:00,2.3444963373610967
2025-06-11 06:00:00,2.0491111189306075
2025-06-11 07:00:00,1.5300151727283826
2025-06-11 08:00:00,3.487726041110357
2025-06-11 09:00:00,0.5679970016497455
2025-06-11 10:00:00,0.8510310368417874
2025-06-11 11:00:00,1.1363125497298963
2025-06-11 12:00:00,8.124581876652657
2025-06-11 13:00:00,8.672320067532809
2025-06-11 14:00:00,10.295125205967086
2025-06-11 15:00:00,14.103125209546837
2025-06-11 16:00:00,14.475388578034522
2025-06-11 17:00:00,13.87810825805916
2025-06-11 18:00:00,12.549734775580376
2025-06-11 19:00:00,6.192017746830604
2025-06-11 20:00:00,7.031867209940738
2025-06-11 21:00:00,4.278935664933348
2025-06-11 22:00:00,2.5499714917001435
2025-06-11 23:00:00,2.1133170654983813
2025-06-12 00:00:00,6.135400735574908
2025-06-12 01:00:00,5.4953678545101985
2025-06-12 02:00:00,3.1134795516054106
2025-06-12 03:00:00,6.065720426215534
2025-06-12 04:00:00,4.374030189925526
2025-06-12 05:00:00,2.6000611347365545
2025-06-12 06:00:00,4.249182668461884
2025-06-12 07:00:00,3.2168162894212453
2025-06-12 08:00:00,3.196962048349027
2025-06-12 09:00:00,0.5684732010938853
2025-06-12 10:00:00,0.0
2025-06-12 11:00:00,0.0
2025-06-12 12:00:00,0.0
2025-06-12 13:00:00,0.018951391240850293
2025-06-12 14:00:00,0.0
2025-06-12 15:00:00,4.002925409036744
2025-06-12 16:00:00,8.134534555565297
2025-06-12 17:00:00,5.4428067151875466
2025-06-12 18:00:00,7.198952819036439
2025-06-12 19:00:00,4.972130338086533
2025-06-12 20:00:00,1.5639506382052595
2025-06-12 21:00:00,2.762190450684483
2025-06-12 22:00:00,0.5380332588971968
2025-06-12 23:00:00,0.3072122828317869
2025-06-13 00:00:00,1.0544685113139713
2025-06-13 01:00:00,0.6810324596318704
2025-06-13 02:00:00,0.8452484317584105
2025-06-13 03:00:00,0.5785560779541594
2025-06-13 04:00:00,0.9483939668362185
2025-06-13 05:00:00,2.0933345038283133
2025-06-13 06:00:00,2.920210757242542
2025-06-13 07:00:00,1.825052522181056
2025-06-13 08:00:00,0.2433819950595298
2025-06-13 09:00:00,0.0
2025-06-13 10:00:00,0.0
2025-06-13 11:00:00,0.0
2025-06-13 12:00:00,0.8348884838984416
2025-06-13 13:00:00,2.000687266234139
2025-06-13 14:00:00,0.9595432180930354
2025-06-13 15:00:00,1.646380698539564
2025-06-13 16:00:00,4.315209493097013
2025-06-13 17:00:00,3.4748917509768225
2025-06-13 18:00:00,3.0045492458676866
2025-06-13 19:00:00,4.7232117119850745
2025-06-13 20:00:00,3.425707646442129
2025-06-13 21:00:00,2.551519373253805
2025-06-13 22:00:00,5.375631797943014
2025-06-13 23:00:00,5.556585458883682
2025-06-14 00:00:00,1.5388586777451785
2025-06-14 01:00:00,1.657339593411631
2025-06-14 02:00:00,4.688018301665421
2025-06-14 03:00:00,3.3738444190508474
2025-06-14 04:00:00,14.46004183883225
2025-06-14 05:00:00,15.677765757156669
2025-06-14 06:00:00,18.05690562037422
2025-06-14 07:00:00,13.096781374984756
2025-06-14 08:00:00,10.546316269307082
2025-06-14 09:00:00,4.880621416032742
2025-06-14 10:00:00,7.32476828323857
2025-06-14 11:00:00,6.131665654015298
2025-06-14 12:00:00,6.728113609655654
2025-06-14 13:00:00,5.989717047931053
2025-06-14 14:00:00,5.651840764302954
2025-06-14 15:00:00,11.70243321472672
2025-06-14 16:00:00,7.844072775038656
2025-06-14 17:00:00,5.144909017387273
2025-06-14 18:00:00,5.197295308712691
2025-06-14 19:00:00,4.398448996299811
2025-06-14 20:00:00,5.041317594921664
2025-06-14 21:00:00,3.901856639116764
2025-06-14 22:00:00,3.3275544253334406
2025-06-14 23:00:00,4.66873667464944
2025-06-15 00:00:00,7.286700120380275
2025-06-15 01:00:00,8.115278106613266
2025-06-15 02:00:00,3.571128554137171
2025-06-15 03:00:00,4.448771552799688
2025-06-15 04:00:00,4.3499208607298785
2025-06-15 05:00:00,4.6525961045150375
2025-06-15 06:00:00,4.149287539633743
2025-06-15 07:00:00,4.423835583196383
2025-06-15 08:00:00,1.9207229043553937
2025-06-15 09:00:00,2.5769120337173876
2025-06-15 10:00:00,2.0688458693372067
2025-06-15 11:00:00,4.960587545551033
2025-06-15 12:00:00,18.469847103341984
2025-06-15 13:00:00,19.272797785972713
2025-06-15 14:00:00,26.065642096299232
2025-06-15 15:00:00,36.811779557280275
2025-06-15 16:00:00,33.287812111299736
2025-06-15 17:00:00,37.067616549647724
2025-06-15 18:00:00,38.22151300262018
2025-06-15 19:00:00,35.24502689736894
2025-06-15 20:00:00,36.57615508728114
2025-06-15 21:00:00,30.33905570491409
2025-06-15 22:00:00,36.295512603213716
2025-06-15 23:00:00,30.90080753228579
2025-06-16 00:00:00,32.610897344129214
2025-06-16 01:00:00,33.27509087911606
2025-06-16 02:00:00,31.991202463681823
2025-06-16 03:00:00,35.78412988978396
2025-06-16 04:00:00,34.287317848805074
2025-06-16 05:00:00,29.255229200843086
2025-06-16 06:00:00,21.577800323515262
2025-06-16 07:00:00,26.973553015747985
2025-06-16 08:00:00,27.37089576222512
2025-06-16 09:00:00,29.914448171828933
2025-06-16 10:00:00,26.506550115685904
2025-06-16 11:00:00,38.283026448974226
2025-06-16 12:00:00,33.882981136764485
2025-06-16 13:00:00,37.74393187641587
2025-06-16 14:00:00,37.02955005432567
2025-06-16 15:00:00,37.711380312175045
2025-06-16 16:00:00,43.78282857911256
2025-06-16 17:00:00,45.844462400347304
2025-06-16 18:00:00,47.67101870465131
2025-06-16 19:00:00,41.00707491451124
2025-06-16 20:00:00,32.03818546529926
2025-06-16 21:00:00,29.86199096582337
2025-06-16 22:00:00,28.84887426174984
2025-06-16 23:00:00,29.575649491609045
2025-06-17 00:00:00,26.257839120239897
2025-06-17 01:00:00,28.610320838168636
2025-06-17 02:00:00,31.092679955741822
2025-06-17 03:00:00,33.23233589002094
2025-06-17 04:00:00,38.36034195762919
2025-06-17 05:00:00,38.89461191886778
2025-06-17 06:00:00,35.46856790483949
2025-06-17 07:00:00,34.97646176349066
2025-06-17 08:00:00,37.69865784323213
2025-06-17 09:00:00,37.99559541641488
2025-06-17 10:00:00,44.52740556112658
2025-06-17 11:00:00,41.29877575818169
2025-06-17 12:00:00,35.64011583335734
2025-06-17 13:00:00,33.94788113082958
2025-06-17 14:00:00,39.877500213650094
2025-06-17 15:00:00,37.39240871135088
2025-06-17 16:00:00,35.46968969147093
2025-06-17 17:00:00,35.94725844892235
2025-06-17 18:00:00,37.51406298781717
2025-06-17 19:00:00,33.54175597456892
2025-06-17 20:00:00,23.289436690436407
2025-06-17 21:00:00,22.62228197512381
2025-06-17 22:00:00,14.95075900123556
2025-06-17 23:00:00,10.38262033714569
2025-06-18 00:00:00,12.884108745901171
2025-06-18 01:00:00,20.23600401490151
2025-06-18 02:00:00,17.730870607087667
2025-06-18 03:00:00,8.20470944624006
2025-06-18 04:00:00,4.568283941434439
2025-06-18 05:00:00,2.0163893481680994
2025-06-18 06:00:00,2.231421575980722
2025-06-18 07:00:00,2.091450802922761
2025-06-18 08:00:00,1.014447896956078
2025-06-18 09:00:00,0.7617026382007259
2025-06-18 10:00:00,0.0
2025-06-18 11:00:00,0.0
2025-06-18 12:00:00,0.676045370618881
2025-06-18 13:00:00,0.46922019471363646
2025-06-18 14:00:00,0.6819063883111094
2025-06-18 15:00:00,0.9604101179161902
2025-06-18 16:00:00,1.1978277399473152
2025-06-18 17:00:00,2.1464448768261115
2025-06-18 18:00:00,1.749845565432299
2025-06-18 19:00:00,2.525772299730056
2025-06-18 20:00:00,0.3841539771615407
2025-06-18 21:00:00,1.0750727230666905
2025-06-18 22:00:00,0.8506921151973365
2025-06-18 23:00:00,0.7963372213642183
2025-06-19 00:00:00,1.3839529943301465
2025-06-19 01:00:00,1.7428505517633248
2025-06-19 02:00:00,0.9255608854734539
2025-06-19 03:00:00,1.656173987493964
2025-06-19 04:00:00,1.3900006657956308
2025-06-19 05:00:00,1.2801787875589636
2025-06-19 06:00:00,1.8008096958318651
2025-06-19 07:00:00,1.3060600221714476
2025-06-19 08:00:00,0.6534878201572232
2025-06-19 09:00:00,0.1637454857931676
2025-06-19 10:00:00,0.8259059196266906
2025-06-19 11:00:00,1.0877369459534294
2025-06-19 12:00:00,0.6072062919735486
2025-06-19 13:00:00,3.680465863090907
2025-06-19 14:00:00,4.459259217089727
2025-06-19 15:00:00,11.19627118031539
2025-06-19 16:00:00,13.018142331920448
2025-06-19 17:00:00,19.06946652916144
2025-06-19 18:00:00,16.43135886722357
2025-06-19 19:00:00,18.746106288432312
2025-06-19 20:00:00,24.488149023186306
2025-06-19 21:00:00,24.182291372071727
2025-06-19 22:00:00,20.92159246001937
2025-06-19 23:00:00,15.490789152050878
2025-06-20 00:00:00,30.361046154834675
2025-06-20 01:00:00,32.32398073027337
2025-06-20 02:00:00,35.71534060915337
2025-06-20 03:00:00,32.61105590607388
2025-06-20 04:00:00,26.527271561263028
2025-06-20 05:00:00,16.707694804735457
2025-06-20 06:00:00,24.694441537632024
2025-06-20 07:00:00,36.7140079752651
2025-06-20 08:00:00,39.95290003469476
2025-06-20 09:00:00,46.378160748077136
2025-06-20 10:00:00,47.052455597883664
2025-06-20 11:00:00,46.040782036026236
2025-06-20 12:00:00,45.65840455944172
2025-06-20 13:00:00,42.68214462638038
2025-06-20 14:00:00,48.263415007500136
2025-06-20 15:00:00,50.838855475827714
2025-06-20 16:00:00,54.99705124099058
2025-06-20 17:00:00,50.533942117863134
2025-06-20 18:00:00,48.511823861474696
2025-06-20 19:00:00,48.1993028437434
2025-06-20 20:00:00,48.17855414540162
2025-06-20 21:00:00,49.296182451293035
2025-06-20 22:00:00,49.85851393014612
2025-06-20 23:00:00,49.992536898711094
2025-06-21 00:00:00,39.08658240903323
2025-06-21 01:00:00,35.954804328531004
2025-06-21 02:00:00,38.50196486026994
2025-06-21 03:00:00,38.75715490083671
2025-06-21 04:00:00,37.31253773694551
2025-06-21 05:00:00,34.23858868622504
2025-06-21 06:00:00,39.119432440804694
2025-06-21 07:00:00,40.313233979315235
2025-06-21 08:00:00,43.85368245669629
2025-06-21 09:00:00,38.12005073371246
2025-06-21 10:00:00,38.9052085763058
2025-06-21 11:00:00,25.477284360874922
2025-06-21 12:00:00,18.859982628278843
2025-06-21 13:00:00,18.328034053056676
2025-06-21 14:00:00,22.860650215567016
2025-06-21 15:00:00,36.10312483490519
2025-06-21 16:00:00,37.35989279358764
2025-06-21 17:00:00,18.484192944052516
2025-06-21 18:00:00,8.800646427385377
2025-06-21 19:00:00,5.468624323996771
2025-06-21 20:00:00,1.3204915777490862
2025-06-21 21:00:00,1.664409927924409
2025-06-21 22:00:00,1.2676381324682904
2025-06-21 23:00:00,2.9949541846254184
2025-06-22 00:00:00,2.5666808394494014
2025-06-22 01:00:00,2.6487210497551863
2025-06-22 02:00:00,2.4284082950754007
2025-06-22 03:00:00,2.438112951095413
2025-06-22 04:00:00,1.7585860091091334
2025-06-22 05:00:00,2.130471335788809
2025-06-22 06:00:00,1.7485573729745663
2025-06-22 07:00:00,0.44000695558013886
2025-06-22 08:00:00,0.03197452788213759
2025-06-22 09:00:00,0.28590970837424134
2025-06-22 10:00:00,0.11401406612849085
2025-06-22 11:00:00,0.0
2025-06-22 12:00:00,0.03993864785458635
2025-06-22 13:00:00,0.8304564960148025
2025-06-22 14:00:00,0.9147048212366832
2025-06-22 15:00:00,0.0
2025-06-22 16:00:00,0.3066996930344505
2025-06-22 17:00:00,1.0753937019486313
2025-06-22 18:00:00,1.5669292756055142
2025-06-22 19:00:00,0.3418298430324007
2025-06-22 20:00:00,0.5645312829536887
2025-06-22 21:00:00,0.7803962865160015
2025-06-22 22:00:00,0.5892563371167312
2025-06-22 23:00:00,0.46337340760323825
2025-06-23 00:00:00,0.0
2025-06-23 01:00:00,1.0009080909437407
2025-06-23 02:00:00,1.1603684478792986
2025-06-23 03:00:00,0.8783563366629203
2025-06-23 04:00:00,0.7536561824526117
2025-06-23 05:00:00,1.2087310263075182
2025-06-23 06:00:00,1.5124076779564595
2025-06-23 07:00:00,1.2132650853996274
2025-06-23 08:00:00,0.41082550225582026
2025-06-23 09:00:00,0.23336162575355032
2025-06-23 10:00:00,0.26841831144194733
2025-06-23 11:00:00,1.0917685820035823
2025-06-23 12:00:00,1.1872634394166264
2025-06-23 13:00:00,1.5577690442086496
2025-06-23 14:00:00,0.4898110026457796
2025-06-23 15:00:00,1.3468981827612327
2025-06-23 16:00:00,4.520029149298449
2025-06-23 17:00:00,2.833893474480655
2025-06-23 18:00:00,1.0594998147328707
2025-06-23 19:00:00,1.49949365154971
2025-06-23 20:00:00,3.255460850000568
2025-06-23 21:00:00,7.342161746570798
2025-06-23 22:00:00,4.448020501743651
2025-06-23 23:00:00,1.4004347036843223
2025-06-24 00:00:00,1.3580880007605087
2025-06-24 01:00:00,2.4289762793178227
2025-06-24 02:00:00,2.32571856993569
2025-06-24 03:00:00,1.7005605899098726
2025-06-24 04:00:00,1.6858922481986185
2025-06-24 05:00:00,1.7684506476046484
2025-06-24 06:00:00,2.1509782781050553
2025-06-24 07:00:00,2.7068889306849306
2025-06-24 08:00:00,0.8001064042766795
2025-06-24 09:00:00,0.0
2025-06-24 10:00:00,0.0
2025-06-24 11:00:00,0.0
2025-06-24 12:00:00,0.06891415293319561
2025-06-24 13:00:00,0.0
2025-06-24 14:00:00,0.0
2025-06-24 15:00:00,0.5387499583932287
2025-06-24 16:00:00,1.1160525589928316
2025-06-24 17:00:00,0.76356082580057
2025-06-24 18:00:00,2.376695772279246
2025-06-24 19:00:00,2.630786758450396
2025-06-24 20:00:00,2.3230865127637204
2025-06-24 21:00:00,2.792839650504085
2025-06-24 22:00:00,2.88999487764437
2025-06-24 23:00:00,2.87535103483698
2025-06-25 00:00:00,0.7754800831734008
2025-06-25 01:00:00,1.4108542310778132
2025-06-25 02:00:00,1.8179157135755968
2025-06-25 03:00:00,1.5297650172013395
2025-06-25 04:00:00,2.285687082828657
2025-06-25 05:00:00,1.979456045020053
2025-06-25 06:00:00,2.372754936914337
2025-06-25 07:00:00,9.117757597094224
2025-06-25 08:00:00,13.455509387338825
2025-06-25 09:00:00,7.6252086553405
2025-06-25 10:00:00,7.141181379428746
2025-06-25 11:00:00,6.960001084985301
2025-06-25 12:00:00,7.686952224638392
2025-06-25 13:00:00,8.547878713254153
2025-06-25 14:00:00,8.336470431908507
2025-06-25 15:00:00,5.902239017361279
2025-06-25 16:00:00,11.372986978380377
2025-06-25 17:00:00,18.17012108295338
2025-06-25 18:00:00,18.3759737720244
2025-06-25 19:00:00,22.574226077202553
2025-06-25 20:00:00,22.955029485658883
2025-06-25 21:00:00,19.278131893933235
2025-06-25 22:00:00,9.949025255725699
2025-06-25 23:00:00,10.537849542243583
2025-06-26 00:00:00,5.425626320978243
2025-06-26 01:00:00,6.475049891754449
2025-06-26 02:00:00,10.199702340235898
2025-06-26 03:00:00,3.698064145534383
2025-06-26 04:00:00,6.813821063643018
2025-06-26 05:00:00,8.389588893111709
2025-06-26 06:00:00,7.946375136778653
2025-06-26 07:00:00,9.095830387444304
2025-06-26 08:00:00,8.628991430036413
2025-06-26 09:00:00,3.5835454549349826
2025-06-26 10:00:00,0.12973952153101634
2025-06-26 11:00:00,0.0
2025-06-26 12:00:00,0.0
2025-06-26 13:00:00,0.0
2025-06-26 14:00:00,1.0752761712396885
2025-06-26 15:00:00,1.284260460148667
2025-06-26 16:00:00,0.0
2025-06-26 17:00:00,1.0589865220733
2025-06-26 18:00:00,1.688192235949029
2025-06-26 19:00:00,3.2383902415377124
2025-06-26 20:00:00,1.5154451138453746
2025-06-26 21:00:00,0.7225213672256142
2025-06-26 22:00:00,0.8434640273113552
2025-06-26 23:00:00,1.2835759462037841
2025-06-27 00:00:00,1.826221270255576
2025-06-27 01:00:00,1.1112427447624666
2025-06-27 02:00:00,1.673190263081895
2025-06-27 03:00:00,1.7113384980004067
2025-06-27 04:00:00,1.8759297592603998
2025-06-27 05:00:00,1.4620386892081374
2025-06-27 06:00:00,1.3858609765126322
2025-06-27 07:00:00,1.0841157418824376
2025-06-27 08:00:00,0.25563200506788697
2025-06-27 09:00:00,0.3242679437314216
2025-06-27 10:00:00,0.05119204873302625
2025-06-27 11:00:00,0.5338533414898243
2025-06-27 12:00:00,0.668212092835973
2025-06-27 13:00:00,0.8295799664616195
2025-06-27 14:00:00,0.5216755493125079
2025-06-27 15:00:00,0.14374663278792382
2025-06-27 16:00:00,0.2712232503560472
2025-06-27 17:00:00,2.673768182436151
2025-06-27 18:00:00,2.619259376023883
2025-06-27 19:00:00,4.400995119433658
2025-06-27 20:00:00,2.797452817825941
2025-06-27 21:00:00,0.6887794657414251
2025-06-27 22:00:00,0.18192444144074518
2025-06-27 23:00:00,0.967946649747895
2025-06-28 00:00:00,11.766695610319267
2025-06-28 01:00:00,13.827654465564873
2025-06-28 02:00:00,13.966290247924865
2025-06-28 03:00:00,2.2492915332296257
2025-06-28 04:00:00,1.739985405510654
2025-06-28 05:00:00,1.5558922977683258
2025-06-28 06:00:00,2.4649209435748447
2025-06-28 07:00:00,2.7827264767556126
2025-06-28 08:00:00,3.374559328028558
2025-06-28 09:00:00,12.981388855762212
2025-06-28 10:00:00,11.301988036910453
2025-06-28 11:00:00,7.755668496706773
2025-06-28 12:00:00,7.5336729838515435
2025-06-28 13:00:00,6.825544773108468
2025-06-28 14:00:00,6.3065170307548035
2025-06-28 15:00:00,7.104722468105665
2025-06-28 16:00:00,8.537333556299636
2025-06-28 17:00:00,26.078418013863477
2025-06-28 18:00:00,22.00705364719608
2025-06-28 19:00:00,24.069479201570577
2025-06-28 20:00:00,14.652581923659175
2025-06-28 21:00:00,16.809975977126484
2025-06-28 22:00:00,10.238714054288096
2025-06-28 23:00:00,2.606468037481639
2025-06-29 00:00:00,10.221558014130109
2025-06-29 01:00:00,10.38199630139594
2025-06-29 02:00:00,7.657979399061197
2025-06-29 03:00:00,6.334301109129253
2025-06-29 04:00:00,0.6099871200735915
2025-06-29 05:00:00,1.0473682586588242
2025-06-29 06:00:00,1.6393663509009555
2025-06-29 07:00:00,2.223271814733988
2025-06-29 08:00:00,3.623294011830217
2025-06-29 09:00:00,2.4644724886142857
2025-06-29 10:00:00,3.6328514043986617
2025-06-29 11:00:00,4.578034139336979
2025-06-29 12:00:00,6.033671476921055
2025-06-29 13:00:00,1.4362926096086337
2025-06-29 14:00:00,9.926953032291102
2025-06-29 15:00:00,7.581463681820337
2025-06-29 16:00:00,16.93949734980004
2025-06-29 17:00:00,20.49864069140623
2025-06-29 18:00:00,16.41594221123334
2025-06-29 19:00:00,22.754471749212513
2025-06-29 20:00:00,7.851141107145262
2025-06-29 21:00:00,6.180482064040507
2025-06-29 22:00:00,2.3059813221358127
2025-06-29 23:00:00,1.8215993567094702
2025-06-30 00:00:00,1.4764266652100853
2025-06-30 01:00:00,1.5982120337620058
2025-06-30 02:00:00,1.9530216592585565
2025-06-30 03:00:00,1.1510038583446391
2025-06-30 04:00:00,1.8078381962957446
2025-06-30 05:00:00,1.7070308995868977
2025-06-30 06:00:00,2.1945121707561683
2025-06-30 07:00:00,1.7724858313908918
2025-06-30 08:00:00,2.014829773098492
2025-06-30 09:00:00,1.6306106058597014
2025-06-30 10:00:00,1.0535479531347987
2025-06-30 11:00:00,0.40434697280938053
2025-06-30 12:00:00,4.8076673263214404
2025-06-30 13:00:00,6.688590457145633
2025-06-30 14:00:00,3.960744403111866
2025-06-30 15:00:00,3.2001617463425833
2025-06-30 16:00:00,10.604585363498332
2025-06-30 17:00:00,15.91302251802542
2025-06-30 18:00:00,14.818517691170134
2025-06-30 19:00:00,5.947181898768105
2025-06-30 20:00:00,5.264910930714699
2025-06-30 21:00:00,3.849775676376108
2025-06-30 22:00:00,3.541161626898482
2025-06-30 23:00:00,3.25207833062973
2025-07-01 00:00:00,2.815145165280974
2025-07-01 01:00:00,2.555159122361463
2025-07-01 02:00:00,2.358386600901636
2025-07-01 03:00:00,2.6755449894062138
2025-07-01 04:00:00,4.373733222754733
2025-07-01 05:00:00,3.658187878488418
2025-07-01 06:00:00,2.926219216038973
2025-07-01 07:00:00,2.353986408394459
2025-07-01 08:00:00,3.867959245938229
2025-07-01 09:00:00,0.024317089304340407
2025-07-01 10:00:00,2.81722613726468
2025-07-01 11:00:00,1.0901969309062818
2025-07-01 12:00:00,0.617662137168856
2025-07-01 13:00:00,0.9640969352125665
2025-07-01 14:00:00,0.0
2025-07-01 15:00:00,0.04265308012102005
2025-07-01 16:00:00,1.9209841128757195
2025-07-01 17:00:00,0.7202802170682191
2025-07-01 18:00:00,3.3539152528985583
2025-07-01 19:00:00,4.419985771662341
2025-07-01 20:00:00,2.185953940616058
2025-07-01 21:00:00,2.285607686912243
2025-07-01 22:00:00,3.8924029949576617
2025-07-01 23:00:00,2.183303233824715
2025-07-02 00:00:00,3.514415850922641
2025-07-02 01:00:00,2.507253572280646
2025-07-02 02:00:00,4.306816921952371
2025-07-02 03:00:00,2.946553937041155
2025-07-02 04:00:00,3.0049595150976476
2025-07-02 05:00:00,2.4733456176606614
2025-07-02 06:00:00,2.1766673410993866
2025-07-02 07:00:00,4.7420485098206315
2025-07-02 08:00:00,2.701650097226074
2025-07-02 09:00:00,2.223996540346017
2025-07-02 10:00:00,4.003260571748427
2025-07-02 11:00:00,0.04046027172784772
2025-07-02 12:00:00,1.6068113104260522
2025-07-02 13:00:00,3.337852004941568
2025-07-02 14:00:00,5.458597566770516
2025-07-02 15:00:00,2.9036045200986034
2025-07-02 16:00:00,1.856303191081859
2025-07-02 17:00:00,4.838966483489413
2025-07-02 18:00:00,2.6274679450975835
2025-07-02 19:00:00,5.34938453693754
2025-07-02 20:00:00,2.2209824758958403
2025-07-02 21:00:00,1.6950971434936737
2025-07-02 22:00:00,1.9549313654502953
2025-07-02 23:00:00,2.026312556784468
2025-07-03 00:00:00,1.584841068752426
2025-07-03 01:00:00,1.8231976123570934
2025-07-03 02:00:00,2.4685092843635967
2025-07-03 03:00:00,2.52117927756067
2025-07-03 04:00:00,5.429876691120542
2025-07-03 05:00:00,5.664679394923128
2025-07-03 06:00:00,6.158880987351949
2025-07-03 07:00:00,3.5460513618149796
2025-07-03 08:00:00,5.446331735353996
2025-07-03 09:00:00,0.0
2025-07-03 10:00:00,6.3636340182722115
2025-07-03 11:00:00,6.341896441143312
2025-07-03 12:00:00,5.443395819951182
2025-07-03 13:00:00,6.2740525937700315
2025-07-03 14:00:00,6.054273568141808
2025-07-03 15:00:00,6.155781922157068
2025-07-03 16:00:00,8.307889726271497
2025-07-03 17:00:00,14.474353629927178
2025-07-03 18:00:00,15.614799013709053
2025-07-03 19:00:00,20.491537432031897
2025-07-03 20:00:00,5.869778776370747
2025-07-03 21:00:00,11.167483651828928
2025-07-03 22:00:00,4.388627513890877
2025-07-03 23:00:00,4.681261276774669
2025-07-04 00:00:00,6.11463609920504
2025-07-04 01:00:00,14.742260468571528
2025-07-04 02:00:00,18.966223275245007
2025-07-04 03:00:00,18.987883027731694
2025-07-04 04:00:00,18.26373852447409
2025-07-04 05:00:00,19.402645646230525
2025-07-04 06:00:00,15.634881224068025
2025-07-04 07:00:00,20.276049432281457
2025-07-04 08:00:00,25.46899774760804
2025-07-04 09:00:00,22.944502335537226
2025-07-04 10:00:00,13.388977835906278
2025-07-04 11:00:00,11.900230710630137
2025-07-04 12:00:00,26.22115991602382
2025-07-04 13:00:00,15.75866394182387
2025-07-04 14:00:00,9.249189638239114
2025-07-04 15:00:00,12.82968239892507
2025-07-04 16:00:00,23.04769323228431
2025-07-04 17:00:00,21.982008452471504
2025-07-04 18:00:00,24.121061074626724
2025-07-04 19:00:00,24.310310931467804
2025-07-04 20:00:00,25.443864222192698
2025-07-04 21:00:00,14.719444382938324
2025-07-04 22:00:00,15.667839564792665
2025-07-04 23:00:00,7.884416650782635
2025-07-05 00:00:00,8.030501047417346
2025-07-05 01:00:00,12.164082914465876
2025-07-05 02:00:00,12.220250075482351
2025-07-05 03:00:00,13.65663486497374
2025-07-05 04:00:00,8.146333135250392
2025-07-05 05:00:00,7.64232204592768
2025-07-05 06:00:00,7.235972550662809
2025-07-05 07:00:00,14.719361970100971
2025-07-05 08:00:00,21.119205658548736
2025-07-05 09:00:00,17.572166144665612
2025-07-05 10:00:00,12.74661666740284
2025-07-05 11:00:00,7.301360121755812
2025-07-05 12:00:00,10.966167484445485
2025-07-05 13:00:00,19.18450504118098
2025-07-05 14:00:00,14.87479920972379
2025-07-05 15:00:00,14.068136199788285
2025-07-05 16:00:00,14.119732582698738
2025-07-05 17:00:00,16.74755525730365
2025-07-05 18:00:00,19.457561876526064
2025-07-05 19:00:00,23.048004142298893
2025-07-05 20:00:00,19.198740727640264
2025-07-05 21:00:00,8.807994186759277
2025-07-05 22:00:00,5.651089621671848
2025-07-05 23:00:00,14.516655772115046
2025-07-06 00:00:00,4.626543672820501
2025-07-06 01:00:00,8.906879613516036
2025-07-06 02:00:00,14.812726640569931
2025-07-06 03:00:00,13.120312853736298
2025-07-06 04:00:00,4.76620740064735
2025-07-06 05:00:00,5.630988181581703
2025-07-06 06:00:00,4.238612658717707
2025-07-06 07:00:00,11.958069005063022
2025-07-06 08:00:00,11.638405777845493
2025-07-06 09:00:00,7.5014977066366875
2025-07-06 10:00:00,0.18179069779687934
2025-07-06 11:00:00,0.832451562386209
2025-07-06 12:00:00,0.5328093680668425
2025-07-06 13:00:00,5.26531901810445
2025-07-06 14:00:00,5.349738046733678
2025-07-06 15:00:00,4.416151866764596
2025-07-06 16:00:00,7.301889757524186
2025-07-06 17:00:00,4.002251112415508
2025-07-06 18:00:00,7.0605960895905175
2025-07-06 19:00:00,22.247297902978477
2025-07-06 20:00:00,14.079794150057612
2025-07-06 21:00:00,8.706562140472178
2025-07-06 22:00:00,8.03314416705992
2025-07-06 23:00:00,5.656869640208413
2025-07-07 00:00:00,8.934994250036711
2025-07-07 01:00:00,5.1562786214609275
2025-07-07 02:00:00,2.5573544177768115
2025-07-07 03:00:00,5.921937811400952
2025-07-07 04:00:00,1.7853831769907622
2025-07-07 05:00:00,2.075916084296513
2025-07-07 06:00:00,2.247441625717789
2025-07-07 07:00:00,1.671126644915329
2025-07-07 08:00:00,1.1118081372816213
2025-07-07 09:00:00,0.0
2025-07-07 10:00:00,0.0
2025-07-07 11:00:00,0.0
2025-07-07 12:00:00,0.0
2025-07-07 13:00:00,0.0
2025-07-07 14:00:00,0.43153578985565644
2025-07-07 15:00:00,1.7362227525077172
2025-07-07 16:00:00,2.1763846641916538
2025-07-07 17:00:00,1.0818574188704102
2025-07-07 18:00:00,2.1714453119070174
2025-07-07 19:00:00,2.4356699562768838
2025-07-07 20:00:00,2.171821675377967
2025-07-07 21:00:00,1.359072576543314
2025-07-07 22:00:00,3.1280479529022913
2025-07-07 23:00:00,3.493642131071005
2025-07-08 00:00:00,3.345195839677202
2025-07-08 01:00:00,2.68173412329553
2025-07-08 02:00:00,2.263223893418754
2025-07-08 03:00:00,2.0344332001648278
2025-07-08 04:00:00,2.414621297135111
2025-07-08 05:00:00,2.0274394452517854
2025-07-08 06:00:00,2.804924037663062
2025-07-08 07:00:00,2.434815157422877
2025-07-08 08:00:00,0.2791983177108729
2025-07-08 09:00:00,0.2568487355854686
2025-07-08 10:00:00,0.0
2025-07-08 11:00:00,0.0
2025-07-08 12:00:00,0.0
2025-07-08 13:00:00,0.7472607787596434
2025-07-08 14:00:00,1.539582401241989
2025-07-08 15:00:00,1.0517849567106243
2025-07-08 16:00:00,1.9787214982869468
2025-07-08 17:00:00,1.0969665590123856
2025-07-08 18:00:00,3.656501406595645
2025-07-08 19:00:00,3.0741146544461717
2025-07-08 20:00:00,3.937610620353505
2025-07-08 21:00:00,4.6144011606441815
2025-07-08 22:00:00,4.830844392953013
2025-07-08 23:00:00,2.6826476903389733
2025-07-09 00:00:00,2.8530695575124074
2025-07-09 01:00:00,3.714896969424503
2025-07-09 02:00:00,2.5415355072047023
2025-07-09 03:00:00,2.2537598329826016
2025-07-09 04:00:00,2.541067371153883
2025-07-09 05:00:00,3.253123750076876
2025-07-09 06:00:00,2.7116711098137545
2025-07-09 07:00:00,2.947751089010237
2025-07-09 08:00:00,2.9007118995463763
2025-07-09 09:00:00,0.12991632613870033
2025-07-09 10:00:00,0.007913185159665149
2025-07-09 11:00:00,0.0
2025-07-09 12:00:00,0.0
2025-07-09 13:00:00,0.0
2025-07-09 14:00:00,0.0
2025-07-09 15:00:00,3.756505964917657
2025-07-09 16:00:00,3.099361849761663
2025-07-09 17:00:00,3.3084025057433446
2025-07-09 18:00:00,4.925975122706748
2025-07-09 19:00:00,4.23124512025504
2025-07-09 20:00:00,2.144136295523342
2025-07-09 21:00:00,2.7663446881762135
2025-07-09 22:00:00,3.505113908721179
2025-07-09 23:00:00,3.7307194213770445
2025-07-10 00:00:00,2.3370209965668387
2025-07-10 01:00:00,2.7727383140936714
2025-07-10 02:00:00,1.7784526837975416
2025-07-10 03:00:00,1.5331449532618697
2025-07-10 04:00:00,1.9690269464728385
2025-07-10 05:00:00,5.073754165658252
2025-07-10 06:00:00,4.414047098123571
2025-07-10 07:00:00,3.619330782883634
2025-07-10 08:00:00,3.8360285866904587
2025-07-10 09:00:00,2.372564225457981
2025-07-10 10:00:00,0.019078838995334635
2025-07-10 11:00:00,0.017640803731079572
2025-07-10 12:00:00,0.0
2025-07-10 13:00:00,0.0
2025-07-10 14:00:00,4.697325548061585
2025-07-10 15:00:00,6.484728589334078
2025-07-10 16:00:00,6.775940103366375
2025-07-10 17:00:00,6.628692531348679
2025-07-10 18:00:00,4.6980562005057305
2025-07-10 19:00:00,5.750804021098456
2025-07-10 20:00:00,7.171772990267384
2025-07-10 21:00:00,8.858509910695425
2025-07-10 22:00:00,7.825947037349604
2025-07-10 23:00:00,6.491227827475643
2025-07-11 00:00:00,7.347905753555271
2025-07-11 01:00:00,5.504937135544115
2025-07-11 02:00:00,6.543108137378573
2025-07-11 03:00:00,5.340291734595722
2025-07-11 04:00:00,6.124375687133326
2025-07-11 05:00:00,5.851651095762594
2025-07-11 06:00:00,4.920455268792335
2025-07-11 07:00:00,7.290826060258403
2025-07-11 08:00:00,7.161796839406383
2025-07-11 09:00:00,4.089180455730273
2025-07-11 10:00:00,1.4815490607472035
2025-07-11 11:00:00,0.6777953229957963
2025-07-11 12:00:00,1.5106254616698096
2025-07-11 13:00:00,1.607350835775834
2025-07-11 14:00:00,0.7610980077980457
2025-07-11 15:00:00,1.2980883864337247
2025-07-11 16:00:00,6.1148997679016075
2025-07-11 17:00:00,7.205538715777313
2025-07-11 18:00:00,7.994235837246727
2025-07-11 19:00:00,6.150105445773374
2025-07-11 20:00:00,6.602250618614545
2025-07-11 21:00:00,12.253489524461306
2025-07-11 22:00:00,7.7537061153559605
2025-07-11 23:00:00,7.535117556526136
2025-07-12 00:00:00,6.718960783234786
2025-07-12 01:00:00,5.681187096144788
2025-07-12 02:00:00,3.1207676211871256
2025-07-12 03:00:00,3.9547988836389467
2025-07-12 04:00:00,4.014809557035305
2025-07-12 05:00:00,4.1100431320360205
2025-07-12 06:00:00,4.259460562911039
2025-07-12 07:00:00,4.327398491853051
2025-07-12 08:00:00,2.9596347961035567
2025-07-12 09:00:00,0.6937192627052817
2025-07-12 10:00:00,0.0
2025-07-12 11:00:00,0.0
2025-07-12 12:00:00,0.0
2025-07-12 13:00:00,0.0
2025-07-12 14:00:00,1.1924905863402233
2025-07-12 15:00:00,1.5777664022625189
2025-07-12 16:00:00,4.101450987058392
2025-07-12 17:00:00,3.1653443251307274
2025-07-12 18:00:00,2.6398230582514346
2025-07-12 19:00:00,5.119619673113191
2025-07-12 20:00:00,4.453468838001829
2025-07-12 21:00:00,4.00970691095728
2025-07-12 22:00:00,3.1752544890569525
2025-07-12 23:00:00,3.613906629147682
2025-07-13 00:00:00,4.975631084907919
2025-07-13 01:00:00,4.160592447112635
2025-07-13 02:00:00,3.3055128849663635
2025-07-13 03:00:00,2.6734077173027697
2025-07-13 04:00:00,2.4223288211130094
2025-07-13 05:00:00,2.824685550304758
2025-07-13 06:00:00,2.735024164800203
2025-07-13 07:00:00,2.132713505187149
2025-07-13 08:00:00,1.9476740977415363
2025-07-13 09:00:00,0.0
2025-07-13 10:00:00,0.0
2025-07-13 11:00:00,0.0
2025-07-13 12:00:00,0.0
2025-07-13 13:00:00,0.0
2025-07-13 14:00:00,0.22663102732094922
2025-07-13 15:00:00,0.22535241108585866
2025-07-13 16:00:00,3.099690220060678
2025-07-13 17:00:00,2.172559593516371
2025-07-13 18:00:00,2.8724308485432126
2025-07-13 19:00:00,2.1938609350624088
2025-07-13 20:00:00,1.8026064870850598
2025-07-13 21:00:00,3.3829005277543174
2025-07-13 22:00:00,9.944162876643267
2025-07-13 23:00:00,10.032038492175904
2025-07-14 00:00:00,8.582704396293321
2025-07-14 01:00:00,7.496436951913336
2025-07-14 02:00:00,8.519318098810347
2025-07-14 03:00:00,7.467112768461002
2025-07-14 04:00:00,5.171300386802449
2025-07-14 05:00:00,4.689442374395564
2025-07-14 06:00:00,3.822871646350224
2025-07-14 07:00:00,3.061815273403021
2025-07-14 08:00:00,2.0124849248797183
2025-07-14 09:00:00,4.351276023959508
2025-07-14 10:00:00,6.189713909917418
2025-07-14 11:00:00,7.768900047201933
2025-07-14 12:00:00,6.511755165704949
2025-07-14 13:00:00,7.844766458954098
2025-07-14 14:00:00,15.227262523099983
2025-07-14 15:00:00,13.782928697626
2025-07-14 16:00:00,10.4474357593162
2025-07-14 17:00:00,14.573934677969959
2025-07-14 18:00:00,8.972425744403532
2025-07-14 19:00:00,8.711573357609117
2025-07-14 20:00:00,7.873997982804502
2025-07-14 21:00:00,11.39488418807954
2025-07-14 22:00:00,29.545992515505727
2025-07-14 23:00:00,11.669560755634791
2025-07-15 00:00:00,7.158888330899161
2025-07-15 01:00:00,10.870490893468954
2025-07-15 02:00:00,10.323751426273702
2025-07-15 03:00:00,14.600712542093467
2025-07-15 04:00:00,7.392638572576861
2025-07-15 05:00:00,6.59704187550158
2025-07-15 06:00:00,12.108237804563416
2025-07-15 07:00:00,10.324816052382253
2025-07-15 08:00:00,19.633321401148216
2025-07-15 09:00:00,17.517082005427145
2025-07-15 10:00:00,15.956120858064212
2025-07-15 11:00:00,12.070711292094177
2025-07-15 12:00:00,15.84661307807581
2025-07-15 13:00:00,14.583517949005357
2025-07-15 14:00:00,15.802497134399148
2025-07-15 15:00:00,19.313411140838472
2025-07-15 16:00:00,28.97996946000088
2025-07-15 17:00:00,21.881115252598043
2025-07-15 18:00:00,20.894437428374495
2025-07-15 19:00:00,13.998923330182778
2025-07-15 20:00:00,15.106998054008159
2025-07-15 21:00:00,28.79257439804273
2025-07-15 22:00:00,24.683502578242617
2025-07-15 23:00:00,30.311886203414282
2025-07-16 00:00:00,20.162674557638276
2025-07-16 01:00:00,22.988292145034183
2025-07-16 02:00:00,24.06019040363734
2025-07-16 03:00:00,22.519922553105474
2025-07-16 04:00:00,20.904458292355898
2025-07-16 05:00:00,18.06898115124709
2025-07-16 06:00:00,21.03994773973067
2025-07-16 07:00:00,12.195074355451831
2025-07-16 08:00:00,14.305911546440672
2025-07-16 09:00:00,21.194890705102743
2025-07-16 10:00:00,24.597429717570087
2025-07-16 11:00:00,18.660589665924892
2025-07-16 12:00:00,23.213783558156962
2025-07-16 13:00:00,24.988465429066572
2025-07-16 14:00:00,31.68989466379334
2025-07-16 15:00:00,20.99847225576214
2025-07-16 16:00:00,29.163364475549894
2025-07-16 17:00:00,36.09035628031655
2025-07-16 18:00:00,37.08665626454508
2025-07-16 19:00:00,33.60735796678256
2025-07-16 20:00:00,26.6887538020819
2025-07-16 21:00:00,39.40522803170138
2025-07-16 22:00:00,40.31210046221657
2025-07-16 23:00:00,38.65403518095869
2025-07-17 00:00:00,51.348838343479215
2025-07-17 01:00:00,50.268505971259216
2025-07-17 02:00:00,52.03923879473129
2025-07-17 03:00:00,50.188322946189714
2025-07-17 04:00:00,42.05296062572234
2025-07-17 05:00:00,48.029172278720594
2025-07-17 06:00:00,42.77360745097005
2025-07-17 07:00:00,38.423119102748565
2025-07-17 08:00:00,32.15909170458924
2025-07-17 09:00:00,41.00618522329278
2025-07-17 10:00:00,27.592075961577784
2025-07-17 11:00:00,25.621110476430577
2025-07-17 12:00:00,21.283241192904136
2025-07-17 13:00:00,28.2861944182069
2025-07-17 14:00:00,27.306484095783393
2025-07-17 15:00:00,25.625451953586797
2025-07-17 16:00:00,33.0523586813395
2025-07-17 17:00:00,39.13252431908141
2025-07-17 18:00:00,31.27751996267989
2025-07-17 19:00:00,36.9792107064701
2025-07-17 20:00:00,39.05867832877492
2025-07-17 21:00:00,45.45665383489827
2025-07-17 22:00:00,42.99098282222532
2025-07-17 23:00:00,45.00391447840433
2025-07-18 00:00:00,37.20601954267814
2025-07-18 01:00:00,41.092799548442294
2025-07-18 02:00:00,40.91292309550003
2025-07-18 03:00:00,34.42020075526849
2025-07-18 04:00:00,37.68976738747562
2025-07-18 05:00:00,31.6019734606853
2025-07-18 06:00:00,29.85190853011846
2025-07-18 07:00:00,24.461234595670266
2025-07-18 08:00:00,23.303108178412085
2025-07-18 09:00:00,17.161019767824932
2025-07-18 10:00:00,18.803959122967267
2025-07-18 11:00:00,12.557915702159386
2025-07-18 12:00:00,2.6646995980158135
2025-07-18 13:00:00,15.186235089056343
2025-07-18 14:00:00,8.304686125565121
2025-07-18 15:00:00,3.894894723490686
2025-07-18 16:00:00,5.901299443751297
2025-07-18 17:00:00,8.249303599551766
2025-07-18 18:00:00,7.204754460992863
2025-07-18 19:00:00,5.961257153537656
2025-07-18 20:00:00,6.981806187746253
2025-07-18 21:00:00,7.1865355536961895
2025-07-18 22:00:00,7.3107562099757155
2025-07-18 23:00:00,4.521035519889651
2025-07-19 00:00:00,26.22748467246827
2025-07-19 01:00:00,27.46247993931234
2025-07-19 02:00:00,26.24857752918767
2025-07-19 03:00:00,27.576519889634742
2025-07-19 04:00:00,17.934329706993537
2025-07-19 05:00:00,27.04365929564234
2025-07-19 06:00:00,25.53005090103845
2025-07-19 07:00:00,22.284524662739642
2025-07-19 08:00:00,33.0110644807797
2025-07-19 09:00:00,24.04501548429876
2025-07-19 10:00:00,14.899307276755364
2025-07-19 11:00:00,20.72358145246575
2025-07-19 12:00:00,30.901070719049528
2025-07-19 13:00:00,40.65049135287296
2025-07-19 14:00:00,36.88174935019976
2025-07-19 15:00:00,21.526286051348738
2025-07-19 16:00:00,27.144132400695074
2025-07-19 17:00:00,33.231324952712576
2025-07-19 18:00:00,34.78973676269357
2025-07-19 19:00:00,31.57222751028473
2025-07-19 20:00:00,31.891055764837887
2025-07-19 21:00:00,18.761901759163475
2025-07-19 22:00:00,22.640499858304388
2025-07-19 23:00:00,15.592803723922055
2025-07-20 00:00:00,21.030301114626685
2025-07-20 01:00:00,8.340183839057882
2025-07-20 02:00:00,4.946570154039826
2025-07-20 03:00:00,8.641394184772803
2025-07-20 04:00:00,17.602288667372513
2025-07-20 05:00:00,9.277324454285328
2025-07-20 06:00:00,8.530917447236368
2025-07-20 07:00:00,18.980225762473026
2025-07-20 08:00:00,16.40504161874079
2025-07-20 09:00:00,15.978508255274901
2025-07-20 10:00:00,12.218096305784513
2025-07-20 11:00:00,6.924156063335532
2025-07-20 12:00:00,11.218247597850787
2025-07-20 13:00:00,14.793956650855058
2025-07-20 14:00:00,14.56049638692963
2025-07-20 15:00:00,14.124686869687155
2025-07-20 16:00:00,11.091418395453182
2025-07-20 17:00:00,22.05359172975014
2025-07-20 18:00:00,20.191640253322706
2025-07-20 19:00:00,23.759980735635747
2025-07-20 20:00:00,26.8584407554105
2025-07-20 21:00:00,13.344339786546048
2025-07-20 22:00:00,14.281289724373089
2025-07-20 23:00:00,18.967800194825003
2025-07-21 00:00:00,6.08461400935824
2025-07-21 01:00:00,20.70673728123708
2025-07-21 02:00:00,13.48016838942912
2025-07-21 03:00:00,15.162905435160061
2025-07-21 04:00:00,7.470818544434716
2025-07-21 05:00:00,7.143399345903989
2025-07-21 06:00:00,6.632090208913599
2025-07-21 07:00:00,6.2016065895152135
2025-07-21 08:00:00,8.725953900706832
2025-07-21 09:00:00,4.776463309214646
2025-07-21 10:00:00,6.748785108470543
2025-07-21 11:00:00,8.894912308719864
2025-07-21 12:00:00,13.227000178235715
2025-07-21 13:00:00,7.022923204422734
2025-07-21 14:00:00,2.9163803629994702
2025-07-21 15:00:00,1.6818974466454795
2025-07-21 16:00:00,1.1762925920224914
2025-07-21 17:00:00,2.2961970545460435
2025-07-21 18:00:00,1.9772706495432784
2025-07-21 19:00:00,3.6430310695068884
2025-07-21 20:00:00,5.69945112116431
2025-07-21 21:00:00,3.130024344578923
2025-07-21 22:00:00,3.6742637809610206
2025-07-21 23:00:00,2.6134106376300354
2025-07-22 00:00:00,1.537975261121658
2025-07-22 01:00:00,3.4247604642408214
2025-07-22 02:00:00,3.0168861667833626
2025-07-22 03:00:00,2.6437246734273603
2025-07-22 04:00:00,1.5440480055766312
2025-07-22 05:00:00,1.5400983287950278
2025-07-22 06:00:00,1.8475242929089477
2025-07-22 07:00:00,2.3292698725481356
2025-07-22 08:00:00,2.0569909062713267
2025-07-22 09:00:00,0.0
2025-07-22 10:00:00,0.0
2025-07-22 11:00:00,3.6197817275274446
2025-07-22 12:00:00,2.536946224826855
2025-07-22 13:00:00,1.2711731145166938
2025-07-22 14:00:00,1.1640719819455876
2025-07-22 15:00:00,1.2791127857181555
2025-07-22 16:00:00,1.7705302481652523
2025-07-22 17:00:00,0.99770807656785
2025-07-22 18:00:00,0.868235846260673
2025-07-22 19:00:00,0.6375029310520599
2025-07-22 20:00:00,0.9232835740861407
2025-07-22 21:00:00,0.7932262933368845
2025-07-22 22:00:00,1.2340134919407904
2025-07-22 23:00:00,1.2411240527512304
2025-07-23 00:00:00,0.8422607820282608
2025-07-23 01:00:00,1.1184402502803157
2025-07-23 02:00:00,1.5162700119323052
2025-07-23 03:00:00,1.9246542507578097
2025-07-23 04:00:00,1.6786643197808502
2025-07-23 05:00:00,2.0234385115477296
2025-07-23 06:00:00,2.0166008076013604
2025-07-23 07:00:00,1.5601188450426131
2025-07-23 08:00:00,0.632908328153632
2025-07-23 09:00:00,0.0
2025-07-23 10:00:00,0.0
2025-07-23 11:00:00,0.0
2025-07-23 12:00:00,0.0
2025-07-23 13:00:00,1.0241279166184938
2025-07-23 14:00:00,2.7354106605859516
2025-07-23 15:00:00,4.3208741141289755
2025-07-23 16:00:00,2.604193750247681
2025-07-23 17:00:00,2.413789636229836
2025-07-23 18:00:00,1.9998456143763157
2025-07-23 19:00:00,1.2329174513121832
2025-07-23 20:00:00,1.3615157179590034
2025-07-23 21:00:00,0.8444851925020098
2025-07-23 22:00:00,2.0108664293733254
2025-07-23 23:00:00,2.102947152308914
2025-07-24 00:00:00,2.25172604515419
2025-07-24 01:00:00,2.243655092231727
2025-07-24 02:00:00,2.3161333964920754
2025-07-24 03:00:00,2.3767535811586837
2025-07-24 04:00:00,2.905054647572292
2025-07-24 05:00:00,3.2515437654425514
2025-07-24 06:00:00,2.336368994784659
2025-07-24 07:00:00,2.3937579319424303
2025-07-24 08:00:00,1.0180190086130585
2025-07-24 09:00:00,0.359053047230712
2025-07-24 10:00:00,0.0
2025-07-24 11:00:00,0.0
2025-07-24 12:00:00,0.0
2025-07-24 13:00:00,0.4985285312208708
2025-07-24 14:00:00,1.8224236114864814
2025-07-24 15:00:00,3.1016303398967486
2025-07-24 16:00:00,2.7121302311889224
2025-07-24 17:00:00,1.237553358518815
2025-07-24 18:00:00,4.109690673524108
2025-07-24 19:00:00,2.216466679197757
2025-07-24 20:00:00,2.548896755236279
2025-07-24 21:00:00,2.3564576711261833
2025-07-24 22:00:00,2.9251468772403353
2025-07-24 23:00:00,2.8236164087359605
2025-07-25 00:00:00,3.71948674061416
2025-07-25 01:00:00,3.2818182666083655
2025-07-25 02:00:00,2.546187679918911
2025-07-25 03:00:00,2.069376129050427
2025-07-25 04:00:00,1.7317035822982496
2025-07-25 05:00:00,2.298986026129175
2025-07-25 06:00:00,2.2998277245691816
2025-07-25 07:00:00,1.648553236723038
2025-07-25 08:00:00,1.0560453435048307
2025-07-25 09:00:00,0.0
2025-07-25 10:00:00,0.0
2025-07-25 11:00:00,0.0
2025-07-25 12:00:00,0.0
2025-07-25 13:00:00,0.0
2025-07-25 14:00:00,0.0
2025-07-25 15:00:00,0.18709622374626234
2025-07-25 16:00:00,3.0889496645212473
2025-07-25 17:00:00,3.0176290754643738
2025-07-25 18:00:00,1.8352818354649756
2025-07-25 19:00:00,5.345784524000574
2025-07-25 20:00:00,2.4985963373913784
2025-07-25 21:00:00,1.8632053484399784
2025-07-25 22:00:00,1.508174383189315
2025-07-25 23:00:00,1.292882090949905
2025-07-26 00:00:00,2.118154113399814
2025-07-26 01:00:00,2.0482795050701847
2025-07-26 02:00:00,2.3188120309983278
2025-07-26 03:00:00,2.761341095693437
2025-07-26 04:00:00,3.7934889334607846
2025-07-26 05:00:00,2.483971844167138
2025-07-26 06:00:00,2.7619667031680124
2025-07-26 07:00:00,2.187946401120814
2025-07-26 08:00:00,2.6424164614298324
2025-07-26 09:00:00,2.4885421010653874
2025-07-26 10:00:00,0.6162468490893135
2025-07-26 11:00:00,1.3408577386829144
2025-07-26 12:00:00,0.0
2025-07-26 13:00:00,4.878860275082053
2025-07-26 14:00:00,3.945104411722631
2025-07-26 15:00:00,0.0
2025-07-26 16:00:00,4.174943332166899
2025-07-26 17:00:00,4.227268837851944
2025-07-26 18:00:00,2.3517320565031254
2025-07-26 19:00:00,3.8714173701431807
2025-07-26 20:00:00,6.229208421451305
2025-07-26 21:00:00,7.426293287086362
2025-07-26 22:00:00,11.950460581931438
2025-07-26 23:00:00,4.097961667895689
2025-07-27 00:00:00,5.002859316930466
2025-07-27 01:00:00,1.9836478591622018
2025-07-27 02:00:00,5.0664467029609535
2025-07-27 03:00:00,3.714004344228494
2025-07-27 04:00:00,4.319756895999122
2025-07-27 05:00:00,4.8245257207159575
2025-07-27 06:00:00,3.249241342114861
2025-07-27 07:00:00,1.8207109215042134
2025-07-27 08:00:00,3.1833800419796487
2025-07-27 09:00:00,0.0
2025-07-27 10:00:00,0.0
2025-07-27 11:00:00,0.0
2025-07-27 12:00:00,0.16707087374057286
2025-07-27 13:00:00,0.28444343411885253
2025-07-27 14:00:00,0.041488699599107115
2025-07-27 15:00:00,0.12255090775000084
2025-07-27 16:00:00,0.0
2025-07-27 17:00:00,0.6984698762675964
2025-07-27 18:00:00,3.0512268038301626
2025-07-27 19:00:00,1.1093298616162466
2025-07-27 20:00:00,2.5153303028723015
2025-07-27 21:00:00,2.6150701332204456
2025-07-27 22:00:00,2.690449466234775
2025-07-27 23:00:00,2.2973728141083027
2025-07-28 00:00:00,3.2380981827062616
2025-07-28 01:00:00,2.713918160509161
2025-07-28 02:00:00,4.499449557176899
2025-07-28 03:00:00,2.8488937093239364
2025-07-28 04:00:00,3.065059771578045
2025-07-28 05:00:00,1.978998918915127
2025-07-28 06:00:00,2.62691106553773
2025-07-28 07:00:00,1.1458560902828732
2025-07-28 08:00:00,1.5342685237179399
2025-07-28 09:00:00,0.0
2025-07-28 10:00:00,0.0
2025-07-28 11:00:00,0.0
2025-07-28 12:00:00,0.4881355112355391
2025-07-28 13:00:00,2.83133095844062
2025-07-28 14:00:00,1.9567982462788474
2025-07-28 15:00:00,1.9434013092617248
2025-07-28 16:00:00,2.0804425134173106
2025-07-28 17:00:00,2.3781071551902864
2025-07-28 18:00:00,3.7899957720325554
2025-07-28 19:00:00,4.401365468655988
2025-07-28 20:00:00,4.044041887002722
2025-07-28 21:00:00,3.171578080963058
2025-07-28 22:00:00,6.802695722707098
2025-07-28 23:00:00,3.755855872715349
2025-07-29 00:00:00,3.874091029187128
2025-07-29 01:00:00,3.3220804528564387
2025-07-29 02:00:00,3.0216177057568516
2025-07-29 03:00:00,2.603383951889723
2025-07-29 04:00:00,3.7478840127156814
2025-07-29 05:00:00,4.220162103526151
2025-07-29 06:00:00,3.680815797627939
2025-07-29 07:00:00,2.0500603607494865
2025-07-29 08:00:00,0.848068118925427
2025-07-29 09:00:00,0.4110281149119855
2025-07-29 10:00:00,1.1202566407998407
2025-07-29 11:00:00,0.9641026359551877
2025-07-29 12:00:00,0.7351048508579822
2025-07-29 13:00:00,1.1495419131809874
2025-07-29 14:00:00,2.226522090690613
2025-07-29 15:00:00,3.069866956424274
2025-07-29 16:00:00,3.5960495699783688
2025-07-29 17:00:00,3.446647652846172
2025-07-29 18:00:00,3.915097095404996
2025-07-29 19:00:00,3.470963585025515
2025-07-29 20:00:00,1.9952520536460474
2025-07-29 21:00:00,1.8272050926157424
2025-07-29 22:00:00,2.436048085860475
2025-07-29 23:00:00,2.7046799901097085
2025-07-30 00:00:00,1.3605768171557664
2025-07-30 01:00:00,3.4431203681123055
2025-07-30 02:00:00,3.8417367361350427
2025-07-30 03:00:00,3.9071232583793183
2025-07-30 04:00:00,3.9444170157632423
2025-07-30 05:00:00,3.702400434977838
2025-07-30 06:00:00,3.7648914732057164
2025-07-30 07:00:00,2.0857792485505255
2025-07-30 08:00:00,1.8834863430866013
2025-07-30 09:00:00,0.6637822025914342
2025-07-30 10:00:00,0.43892508673950764
2025-07-30 11:00:00,0.4825574479005462
2025-07-30 12:00:00,2.0076543840496965
2025-07-30 13:00:00,1.4357488407793586
2025-07-30 14:00:00,2.3832065605880715
2025-07-30 15:00:00,2.4691484211224473
2025-07-30 16:00:00,3.5397138731556406
2025-07-30 17:00:00,3.1446017432097397
2025-07-30 18:00:00,4.730704507054228
2025-07-30 19:00:00,12.072386576924421
2025-07-30 20:00:00,26.579567446472424
2025-07-30 21:00:00,10.567909582244628
2025-07-30 22:00:00,8.035662852757364
2025-07-30 23:00:00,3.425537389979084
2025-07-31 00:00:00,25.50996480474309
2025-07-31 01:00:00,15.020520630456204
2025-07-31 02:00:00,9.256453842879331
2025-07-31 03:00:00,4.6262936498453575
2025-07-31 04:00:00,5.151493765175035
2025-07-31 05:00:00,5.54267632195744
2025-07-31 06:00:00,3.3418445680749453
2025-07-31 07:00:00,2.1655555855051998
2025-07-31 08:00:00,2.770925264657143
2025-07-31 09:00:00,0.05138570281110452
2025-07-31 10:00:00,0.0
2025-07-31 11:00:00,0.3568222144499466
2025-07-31 12:00:00,1.411893609089328
2025-07-31 13:00:00,1.103460878007914
2025-07-31 14:00:00,0.37292665783421114
2025-07-31 15:00:00,1.3039299829131934
2025-07-31 16:00:00,7.865467242368907
2025-07-31 17:00:00,3.4593069688774722
2025-07-31 18:00:00,3.6831963864796293
2025-07-31 19:00:00,6.418314509544384
2025-07-31 20:00:00,4.985190885822956
2025-07-31 21:00:00,4.858803850538461
2025-07-31 22:00:00,1.941468148356096
2025-07-31 23:00:00,3.054867872510459
2025-08-01 00:00:00,3.9432954599051935
2025-08-01 01:00:00,3.4629859307506523
2025-08-01 02:00:00,3.1972699988675313
2025-08-01 03:00:00,3.1864442661620025
2025-08-01 04:00:00,3.42055968817469
2025-08-01 05:00:00,2.600430918592103
2025-08-01 06:00:00,2.750338656578337
2025-08-01 07:00:00,1.7938427108941801
2025-08-01 08:00:00,0.4350478147306886
2025-08-01 09:00:00,0.0
2025-08-01 10:00:00,0.0
2025-08-01 11:00:00,0.0
2025-08-01 12:00:00,0.0
2025-08-01 13:00:00,1.670434687269118
2025-08-01 14:00:00,1.361119444313826
2025-08-01 15:00:00,3.3989527899587633
2025-08-01 16:00:00,5.292372197551782
2025-08-01 17:00:00,4.640677440320673
2025-08-01 18:00:00,5.013451406198401
2025-08-01 19:00:00,4.374489174087271
2025-08-01 20:00:00,2.9092337193531588
2025-08-01 21:00:00,2.6548825626747727
2025-08-01 22:00:00,1.7507099551583343
2025-08-01 23:00:00,1.9152455175219805
2025-08-02 00:00:00,3.1245256020691716
2025-08-02 01:00:00,4.076683866146752
2025-08-02 02:00:00,5.299600044079337
2025-08-02 03:00:00,4.14895712073908
2025-08-02 04:00:00,3.666293697945225
2025-08-02 05:00:00,2.9580987893387496
2025-08-02 06:00:00,3.1761255389375003
2025-08-02 07:00:00,2.535018108110818
2025-08-02 08:00:00,3.945976057437813
2025-08-02 09:00:00,0.0
2025-08-02 10:00:00,0.0
2025-08-02 11:00:00,1.0440197188953333
2025-08-02 12:00:00,1.2575812155919028
2025-08-02 13:00:00,2.204439630847542
2025-08-02 14:00:00,3.9526628973376274
2025-08-02 15:00:00,4.299407932969851
2025-08-02 16:00:00,4.982612972672708
2025-08-02 17:00:00,5.015699627967304
2025-08-02 18:00:00,4.149920975159873
2025-08-02 19:00:00,4.024390186504013
2025-08-02 20:00:00,1.7637013849876153
2025-08-02 21:00:00,2.31340264721669
2025-08-02 22:00:00,1.782813419992482
2025-08-02 23:00:00,1.9466810608114788
2025-08-03 00:00:00,3.8028062840353853
2025-08-03 01:00:00,3.458113527913036
2025-08-03 02:00:00,4.016393735584652
2025-08-03 03:00:00,4.38775202302719
2025-08-03 04:00:00,4.142533646226071
2025-08-03 05:00:00,3.0595557209023414
2025-08-03 06:00:00,2.777699899794642
2025-08-03 07:00:00,1.4129306668406976
2025-08-03 08:00:00,0.271483570217495
2025-08-03 09:00:00,0.0
2025-08-03 10:00:00,0.016673539980409255
2025-08-03 11:00:00,0.8792522493515502
2025-08-03 12:00:00,2.1543548463631166
2025-08-03 13:00:00,7.433514158938113
2025-08-03 14:00:00,9.449682862099223
2025-08-03 15:00:00,6.526398244719613
2025-08-03 16:00:00,10.741382687790088
2025-08-03 17:00:00,8.568866241414383
2025-08-03 18:00:00,4.0236772132467555
2025-08-03 19:00:00,2.4184951944792443
2025-08-03 20:00:00,4.154237861320427
2025-08-03 21:00:00,4.005386266191404
2025-08-03 22:00:00,12.049472557772802
2025-08-03 23:00:00,12.47396181260449
2025-08-04 00:00:00,42.5560924439961
2025-08-04 01:00:00,38.63061164636045
2025-08-04 02:00:00,38.51217862287309
2025-08-04 03:00:00,37.49430147611152
2025-08-04 04:00:00,33.40855815301761
2025-08-04 05:00:00,28.333766164551523
2025-08-04 06:00:00,37.12697069897728
2025-08-04 07:00:00,22.71471950891659
2025-08-04 08:00:00,26.2518569164757
2025-08-04 09:00:00,26.144047867272963
2025-08-04 10:00:00,26.201207316165455
2025-08-04 11:00:00,20.21630863684263
2025-08-04 12:00:00,24.678306816757726
2025-08-04 13:00:00,25.035775417002107
2025-08-04 14:00:00,30.684976125498892
2025-08-04 15:00:00,35.58793917620188
2025-08-04 16:00:00,37.638158825208585
2025-08-04 17:00:00,35.53536842708752
2025-08-04 18:00:00,29.5584315007229
2025-08-04 19:00:00,32.54246276651116
2025-08-04 20:00:00,31.668615413331537
2025-08-04 21:00:00,32.19886178313848
2025-08-04 22:00:00,34.70300920532784
2025-08-04 23:00:00,28.411215863838137
2025-08-05 00:00:00,4.648435219165902
2025-08-05 01:00:00,2.753450207862458
2025-08-05 02:00:00,2.905817645975388
2025-08-05 03:00:00,4.057789349559304
2025-08-05 04:00:00,2.9184245962966755
2025-08-05 05:00:00,1.9674541132549659
2025-08-05 06:00:00,3.001936771806369
2025-08-05 07:00:00,1.7312120446413777
2025-08-05 08:00:00,1.7927032795067608
2025-08-05 09:00:00,0.955846909854497
2025-08-05 10:00:00,8.641432763376399
2025-08-05 11:00:00,7.294927347302468
2025-08-05 12:00:00,4.271366577371272
2025-08-05 13:00:00,7.007622622024088
2025-08-05 14:00:00,14.04245612896509
2025-08-05 15:00:00,18.893492418404517
2025-08-05 16:00:00,24.12623430160983
2025-08-05 17:00:00,28.076568441385746
2025-08-05 18:00:00,28.8794330293799
2025-08-05 19:00:00,32.781075359279214
2025-08-05 20:00:00,27.270441361003968
2025-08-05 21:00:00,32.68557863808216
2025-08-05 22:00:00,40.7232548108918
2025-08-05 23:00:00,42.877571676449705
2025-08-06 00:00:00,32.46219888536681
2025-08-06 01:00:00,31.09511404876797
2025-08-06 02:00:00,28.4977658409628
2025-08-06 03:00:00,31.27308761517864
2025-08-06 04:00:00,22.70526444685102
2025-08-06 05:00:00,23.7120200551052
2025-08-06 06:00:00,23.531641012000637
2025-08-06 07:00:00,26.11514383609308
2025-08-06 08:00:00,31.39658592549112
2025-08-06 09:00:00,31.964040883057116
2025-08-06 10:00:00,31.81098365577981
2025-08-06 11:00:00,31.627785683213578
2025-08-06 12:00:00,30.245518866521344
2025-08-06 13:00:00,39.27061155929742
2025-08-06 14:00:00,39.34703922600541
2025-08-06 15:00:00,39.13175840543703
2025-08-06 16:00:00,36.07216505035698
2025-08-06 17:00:00,39.64892278125107
2025-08-06 18:00:00,36.871463626747406
2025-08-06 19:00:00,35.45819822146409
2025-08-06 20:00:00,30.314363217809635
2025-08-06 21:00:00,26.967031454144458
2025-08-06 22:00:00,23.692119892935974
2025-08-06 23:00:00,15.836078664670605
2025-08-07 00:00:00,5.706646366250242
2025-08-07 01:00:00,4.707230960505433
2025-08-07 02:00:00,6.03365392141458
2025-08-07 03:00:00,5.651286913400032
2025-08-07 04:00:00,6.854067387194421
2025-08-07 05:00:00,5.281404605740795
2025-08-07 06:00:00,3.233280824385411
2025-08-07 07:00:00,2.3168686892664354
2025-08-07 08:00:00,4.95326954924622
2025-08-07 09:00:00,1.05727469590652
2025-08-07 10:00:00,2.1099481761917795
2025-08-07 11:00:00,4.195979083658198
2025-08-07 12:00:00,4.622591102372508
2025-08-07 13:00:00,4.742159823685393
2025-08-07 14:00:00,4.105751081768253
2025-08-07 15:00:00,4.121125497960412
2025-08-07 16:00:00,1.8140340552633332
2025-08-07 17:00:00,2.3242745713231434
2025-08-07 18:00:00,3.5490291880244773
2025-08-07 19:00:00,3.467132246622679
2025-08-07 20:00:00,3.4202836948763267
2025-08-07 21:00:00,4.117080672167269
2025-08-07 22:00:00,2.71470574249092
2025-08-07 23:00:00,4.320193391627685
2025-08-08 00:00:00,5.8088532556764525
2025-08-08 01:00:00,5.4660312916361
2025-08-08 02:00:00,3.6941952647278855
2025-08-08 03:00:00,3.9587272519359145
2025-08-08 04:00:00,4.342771032597283
2025-08-08 05:00:00,2.9348196445668098
2025-08-08 06:00:00,2.024176662435168
2025-08-08 07:00:00,1.1237573280315731
2025-08-08 08:00:00,0.6848697807708233
2025-08-08 09:00:00,0.12202239654381705
2025-08-08 10:00:00,0.0
2025-08-08 11:00:00,0.1591386962716412
2025-08-08 12:00:00,0.08142358316047864
2025-08-08 13:00:00,0.0
2025-08-08 14:00:00,0.848869617820507
2025-08-08 15:00:00,0.6775891800703432
2025-08-08 16:00:00,2.447280460376881
2025-08-08 17:00:00,2.4357532193852465
2025-08-08 18:00:00,3.0928676243990316
2025-08-08 19:00:00,2.7293027271534864
2025-08-08 20:00:00,2.118121670953011
2025-08-08 21:00:00,3.3254635688215095
2025-08-08 22:00:00,2.2320765465392314
2025-08-08 23:00:00,1.8897412088773673
2025-08-09 00:00:00,3.7617268336303216
2025-08-09 01:00:00,2.1953775590819373
2025-08-09 02:00:00,2.245388328380209
2025-08-09 03:00:00,2.33924463883204
2025-08-09 04:00:00,2.9806160084448536
2025-08-09 05:00:00,3.379310328407956
2025-08-09 06:00:00,2.5885825020519952
2025-08-09 07:00:00,1.7070294887770776
2025-08-09 08:00:00,0.9061800395716445
2025-08-09 09:00:00,1.41449392681051
2025-08-09 10:00:00,0.14048169314153144
2025-08-09 11:00:00,0.028781579581311285
2025-08-09 12:00:00,2.1759682988443823
2025-08-09 13:00:00,0.21701670044933158
2025-08-09 14:00:00,9.297613431119027
2025-08-09 15:00:00,6.634388371276996
2025-08-09 16:00:00,7.935135196620508
2025-08-09 17:00:00,13.572663939876099
2025-08-09 18:00:00,14.734902925174046
2025-08-09 19:00:00,12.370938215494958
2025-08-09 20:00:00,13.714515758074675
2025-08-09 21:00:00,8.667762470026304
2025-08-09 22:00:00,14.60314463550852
2025-08-09 23:00:00,16.2936954354474
2025-08-10 00:00:00,5.249139337150992
2025-08-10 01:00:00,10.953024082996887
2025-08-10 02:00:00,7.886902559357073
2025-08-10 03:00:00,15.648729377351533
2025-08-10 04:00:00,14.38918554734385
2025-08-10 05:00:00,15.872951059898792
2025-08-10 06:00:00,24.500431868019966
2025-08-10 07:00:00,24.543108695168666
2025-08-10 08:00:00,26.9862328396544
2025-08-10 09:00:00,11.648027364508232
2025-08-10 10:00:00,9.640928613116767
2025-08-10 11:00:00,9.146951618329894
2025-08-10 12:00:00,11.327479982401725
2025-08-10 13:00:00,11.306265521552893
2025-08-10 14:00:00,10.05031411417845
2025-08-10 15:00:00,13.009804693089313
2025-08-10 16:00:00,18.106314719506248
2025-08-10 17:00:00,12.59590076360199
2025-08-10 18:00:00,5.764417474255212
2025-08-10 19:00:00,3.336092647331108
2025-08-10 20:00:00,6.703569266901492
2025-08-10 21:00:00,6.147709902145696
2025-08-10 22:00:00,6.402946267239149
2025-08-10 23:00:00,5.35883707959643
2025-08-11 00:00:00,10.173513589435537
2025-08-11 01:00:00,7.140400979130939
2025-08-11 02:00:00,2.986725593939514
2025-08-11 03:00:00,4.37791310079144
2025-08-11 04:00:00,3.363164029497849
2025-08-11 05:00:00,2.725011456063764
2025-08-11 06:00:00,2.1578711674097097
2025-08-11 07:00:00,1.757018844811659
2025-08-11 08:00:00,1.249225524544914
2025-08-11 09:00:00,1.7952542527714068
2025-08-11 10:00:00,1.3732292898359768
2025-08-11 11:00:00,1.012755505386963
2025-08-11 12:00:00,1.5630350795589985
2025-08-11 13:00:00,3.8511292440925287
2025-08-11 14:00:00,2.941498467653783
2025-08-11 15:00:00,5.533318891017491
2025-08-11 16:00:00,5.753002225053735
2025-08-11 17:00:00,6.63572746806553
2025-08-11 18:00:00,2.9213447703561277
2025-08-11 19:00:00,3.360479453482985
2025-08-11 20:00:00,2.842894860712307
2025-08-11 21:00:00,3.2350504102355546
2025-08-11 22:00:00,3.730027605461304
2025-08-11 23:00:00,3.531576485549538
2025-08-12 00:00:00,3.1264326615463607
2025-08-12 01:00:00,2.6411206726563403
2025-08-12 02:00:00,3.2741803868496935
2025-08-12 03:00:00,3.5431802620496877
2025-08-12 04:00:00,2.04294807275976
2025-08-12 05:00:00,2.6579823713360886
2025-08-12 06:00:00,1.9598542032391835
2025-08-12 07:00:00,1.5669489536233863
2025-08-12 08:00:00,1.1818306743185227
2025-08-12 09:00:00,0.4787965878934955
2025-08-12 10:00:00,2.700109959248455
2025-08-12 11:00:00,4.530645974428467
2025-08-12 12:00:00,1.8299125303435475
2025-08-12 13:00:00,0.6455609432413785
2025-08-12 14:00:00,1.138398461822602
2025-08-12 15:00:00,3.641215652370569
2025-08-12 16:00:00,4.565646769999483
2025-08-12 17:00:00,5.042585056598536
2025-08-12 18:00:00,9.73947024689146
2025-08-12 19:00:00,8.673279587819163
2025-08-12 20:00:00,7.578365654082114
2025-08-12 21:00:00,3.054162014583709
2025-08-12 22:00:00,5.4922687443295946
2025-08-12 23:00:00,2.227651376601925
2025-08-13 00:00:00,15.289420022916442
2025-08-13 01:00:00,12.062992956064408
2025-08-13 02:00:00,12.173712260051275
2025-08-13 03:00:00,9.798688740056283
2025-08-13 04:00:00,8.135195209505827
2025-08-13 05:00:00,16.11880603341926
2025-08-13 06:00:00,24.682263807809143
2025-08-13 07:00:00,28.24395873265146
2025-08-13 08:00:00,28.824097590140948
2025-08-13 09:00:00,29.886895424239263
2025-08-13 10:00:00,25.50047549853887
2025-08-13 11:00:00,26.875961512381913
2025-08-13 12:00:00,32.53524427051372
2025-08-13 13:00:00,28.71603574348021
2025-08-13 14:00:00,35.98471136087866
2025-08-13 15:00:00,26.367433151166455
2025-08-13 16:00:00,18.42574435142255
2025-08-13 17:00:00,31.165583889630273
2025-08-13 18:00:00,27.890667829115944
2025-08-13 19:00:00,22.332204347235404
2025-08-13 20:00:00,15.637086302574403
2025-08-13 21:00:00,8.36479737598045
2025-08-13 22:00:00,7.44633361620372
2025-08-13 23:00:00,12.050294539691699
2025-08-14 00:00:00,19.14828474270648
2025-08-14 01:00:00,19.54432791505846
2025-08-14 02:00:00,10.746837190972622
2025-08-14 03:00:00,5.325199775333521
2025-08-14 04:00:00,7.24701831678241
2025-08-14 05:00:00,5.013857851032273
2025-08-14 06:00:00,3.577000181136725
2025-08-14 07:00:00,5.157029610410516
2025-08-14 08:00:00,11.642928989598362
2025-08-14 09:00:00,2.4109609321492806
2025-08-14 10:00:00,4.5292554002232075
2025-08-14 11:00:00,0.0
2025-08-14 12:00:00,4.649316130159522
2025-08-14 13:00:00,0.0
2025-08-14 14:00:00,1.8375864366415815
2025-08-14 15:00:00,0.674710015958454
2025-08-14 16:00:00,1.5176941582114298
2025-08-14 17:00:00,2.5689055531019247
2025-08-14 18:00:00,6.273279658035593
2025-08-14 19:00:00,3.464190704204043
2025-08-14 20:00:00,4.2416798804290305
2025-08-14 21:00:00,2.627021439456735
2025-08-14 22:00:00,0.8240198917736709
2025-08-14 23:00:00,1.3201328457312869
2025-08-15 00:00:00,1.0508817958178454
2025-08-15 01:00:00,0.37587200400452125
2025-08-15 02:00:00,0.4760273183776504
2025-08-15 03:00:00,0.6193404009749369
2025-08-15 04:00:00,0.663448936513393
2025-08-15 05:00:00,0.939298882443362
2025-08-15 06:00:00,0.4143355707694377
2025-08-15 07:00:00,1.1918005004320915
2025-08-15 08:00:00,1.278045282154875
2025-08-15 09:00:00,0.2325549889504071
2025-08-15 10:00:00,0.0
2025-08-15 11:00:00,0.0
2025-08-15 12:00:00,0.0
2025-08-15 13:00:00,1.8478373562345087
2025-08-15 14:00:00,0.0
2025-08-15 15:00:00,0.3901335259654662
2025-08-15 16:00:00,0.0476946620996861
2025-08-15 17:00:00,2.432413588582809
2025-08-15 18:00:00,3.10999679943193
2025-08-15 19:00:00,1.5852815918726548
2025-08-15 20:00:00,1.9685737482607348
2025-08-15 21:00:00,1.1207664201814895
2025-08-15 22:00:00,0.975728749079673
2025-08-15 23:00:00,1.0239214816468167
2025-08-16 00:00:00,1.8869590728656063
2025-08-16 01:00:00,1.1426824514649805
2025-08-16 02:00:00,2.5430631507125185
2025-08-16 03:00:00,1.5573174233131968
2025-08-16 04:00:00,1.501151358535963
2025-08-16 05:00:00,1.7164555227697913
2025-08-16 06:00:00,0.5402379366059187
2025-08-16 07:00:00,0.6183682357050034
2025-08-16 08:00:00,0.6536453062092124
2025-08-16 09:00:00,0.2522194356138131
2025-08-16 10:00:00,0.0
2025-08-16 11:00:00,0.0
2025-08-16 12:00:00,0.0
2025-08-16 13:00:00,0.0
2025-08-16 14:00:00,0.0
2025-08-16 15:00:00,0.24262101267477842
2025-08-16 16:00:00,1.557078300122665
2025-08-16 17:00:00,2.1873696567566623
2025-08-16 18:00:00,2.357503710635686
2025-08-16 19:00:00,1.7175344667341954
2025-08-16 20:00:00,1.5259103284704814
2025-08-16 21:00:00,1.516233064328446
2025-08-16 22:00:00,1.333397647141285
2025-08-16 23:00:00,1.4781981982332988
2025-08-17 00:00:00,1.5257830677375275
2025-08-17 01:00:00,1.8289048812437994
2025-08-17 02:00:00,1.9361889681574382
2025-08-17 03:00:00,1.7310952105861133
2025-08-17 04:00:00,1.408701991696677
2025-08-17 05:00:00,0.8915403845605027
2025-08-17 06:00:00,0.0
2025-08-17 07:00:00,1.4864316466149594
2025-08-17 08:00:00,2.9026708936361785
2025-08-17 09:00:00,0.0
2025-08-17 10:00:00,0.0
2025-08-17 11:00:00,0.0
2025-08-17 12:00:00,0.0
2025-08-17 13:00:00,0.0
2025-08-17 14:00:00,0.0
2025-08-17 15:00:00,2.2955515406872293
2025-08-17 16:00:00,2.1538880544225147
2025-08-17 17:00:00,1.7246198532618424
2025-08-17 18:00:00,2.3606661471526906
2025-08-17 19:00:00,2.0794172740831383
2025-08-17 20:00:00,2.205373454551134
2025-08-17 21:00:00,2.466168862669194
2025-08-17 22:00:00,1.4434373691162112
2025-08-17 23:00:00,1.0570675004250032
2025-08-18 00:00:00,1.4062624962642574
2025-08-18 01:00:00,0.8745190165157948
2025-08-18 02:00:00,0.8989955923377538
2025-08-18 03:00:00,1.355555942926685
2025-08-18 04:00:00,1.4276050895501213
2025-08-18 05:00:00,2.303271502053526
2025-08-18 06:00:00,1.6167713145519564
2025-08-18 07:00:00,1.06931388902814
2025-08-18 08:00:00,1.7683141475234727
2025-08-18 09:00:00,1.7840689526456042
2025-08-18 10:00:00,0.0
2025-08-18 11:00:00,0.0
2025-08-18 12:00:00,0.0
2025-08-18 13:00:00,0.0
2025-08-18 14:00:00,0.0
2025-08-18 15:00:00,0.0
2025-08-18 16:00:00,0.9644258457568939
2025-08-18 17:00:00,1.8153611936250613
2025-08-18 18:00:00,3.8437195895596954
2025-08-18 19:00:00,2.530484154277224
2025-08-18 20:00:00,1.246027707940819
2025-08-18 21:00:00,1.0710527369378755
2025-08-18 22:00:00,1.1082830656825884
2025-08-18 23:00:00,1.670737406445032
2025-08-19 00:00:00,1.951750339649305
2025-08-19 01:00:00,5.548157744586733
2025-08-19 02:00:00,4.523684715756726
2025-08-19 03:00:00,8.857367531994017
2025-08-19 04:00:00,5.426264915722097
2025-08-19 05:00:00,4.278854626518107
2025-08-19 06:00:00,2.4163821073548917
2025-08-19 07:00:00,3.2980309316377805
2025-08-19 08:00:00,3.595616750686988
2025-08-19 09:00:00,1.716308377747008
2025-08-19 10:00:00,0.0
2025-08-19 11:00:00,0.23150846709557393
2025-08-19 12:00:00,0.0
2025-08-19 13:00:00,0.0
2025-08-19 14:00:00,0.8153607897311902
2025-08-19 15:00:00,0.2387035180450877
2025-08-19 16:00:00,1.2694101911372253
2025-08-19 17:00:00,6.272649078472493
2025-08-19 18:00:00,3.3291202384393843
2025-08-19 19:00:00,4.364606494315047
2025-08-19 20:00:00,2.570912998122317
2025-08-19 21:00:00,2.185777867674784
2025-08-19 22:00:00,1.8867415922572819
2025-08-19 23:00:00,1.770863885724124
2025-08-20 00:00:00,2.320417140619403
2025-08-20 01:00:00,3.560152245580221
2025-08-20 02:00:00,4.768361450584043
2025-08-20 03:00:00,2.6185014948486978
2025-08-20 04:00:00,3.691786381365341
2025-08-20 05:00:00,2.3906091926311825
2025-08-20 06:00:00,3.7044975805842433
2025-08-20 07:00:00,5.643834987258852
2025-08-20 08:00:00,7.184463893672482
2025-08-20 09:00:00,4.87196065015072
2025-08-20 10:00:00,0.0
2025-08-20 11:00:00,2.6303234918230345
2025-08-20 12:00:00,4.241939284090518
2025-08-20 13:00:00,2.5763933927871823
2025-08-20 14:00:00,0.7002091929852919
2025-08-20 15:00:00,1.3814903393441071
2025-08-20 16:00:00,2.079281180279546
2025-08-20 17:00:00,4.5230532509265995
2025-08-20 18:00:00,5.378363169858883
2025-08-20 19:00:00,4.2387210835691125
2025-08-20 20:00:00,1.8634846235056721
2025-08-20 21:00:00,1.4310070028859123
2025-08-20 22:00:00,1.6218643263400645
2025-08-20 23:00:00,2.0234901846792637
2025-08-21 00:00:00,3.124858891320366
2025-08-21 01:00:00,3.0850464643973043
2025-08-21 02:00:00,3.0325704738124215
2025-08-21 03:00:00,1.9853899285298373
2025-08-21 04:00:00,1.6585499998048077
2025-08-21 05:00:00,1.8847801686874477
2025-08-21 06:00:00,2.0822174099939295
2025-08-21 07:00:00,1.6743770067570825
2025-08-21 08:00:00,1.0485052915971425
2025-08-21 09:00:00,0.15955413765383614
2025-08-21 10:00:00,0.15506409865738
2025-08-21 11:00:00,0.0
2025-08-21 12:00:00,0.0
2025-08-21 13:00:00,0.0
2025-08-21 14:00:00,0.129625764268084
2025-08-21 15:00:00,0.03901912521356525
2025-08-21 16:00:00,3.1435859137264095
2025-08-21 17:00:00,3.3790078285254643
2025-08-21 18:00:00,2.4534707373664495
2025-08-21 19:00:00,2.9736796356568065
2025-08-21 20:00:00,2.6766168583124963
2025-08-21 21:00:00,3.073793527213476
2025-08-21 22:00:00,2.0306802997909017
2025-08-21 23:00:00,1.9574972218302904
2025-08-22 00:00:00,1.9356423820563096
2025-08-22 01:00:00,2.5576196090931225
2025-08-22 02:00:00,2.7694462247456877
2025-08-22 03:00:00,3.249471551123618
2025-08-22 04:00:00,1.5591673264170087
2025-08-22 05:00:00,1.828457802425257
2025-08-22 06:00:00,1.7256969157941775
2025-08-22 07:00:00,2.3897799598000207
2025-08-22 08:00:00,0.5610282164403604
2025-08-22 09:00:00,0.5178067212753303
2025-08-22 10:00:00,0.0
2025-08-22 11:00:00,0.1264485812767569
2025-08-22 12:00:00,0.6824276760664875
2025-08-22 13:00:00,0.0
2025-08-22 14:00:00,0.0
2025-08-22 15:00:00,0.0
2025-08-22 16:00:00,1.4599720629314714
2025-08-22 17:00:00,2.4942146572896626
2025-08-22 18:00:00,3.7426216478953287
2025-08-22 19:00:00,1.916993798151592
2025-08-22 20:00:00,1.5196393199843834
2025-08-22 21:00:00,0.9422865836672643
2025-08-22 22:00:00,2.0729343767359762
2025-08-22 23:00:00,2.3128087950972462
2025-08-23 00:00:00,1.2186049804882042
2025-08-23 01:00:00,3.188622593514599
2025-08-23 02:00:00,1.6618854401822238
2025-08-23 03:00:00,1.626636074888918
2025-08-23 04:00:00,1.663400842127807
2025-08-23 05:00:00,2.115451868487716
2025-08-23 06:00:00,2.3241661154698523
2025-08-23 07:00:00,1.8469350523335475
2025-08-23 08:00:00,0.9524104288257565
2025-08-23 09:00:00,0.0
2025-08-23 10:00:00,0.0
2025-08-23 11:00:00,0.0
2025-08-23 12:00:00,0.0
2025-08-23 13:00:00,0.0
2025-08-23 14:00:00,0.0
2025-08-23 15:00:00,0.5375714948437241
2025-08-23 16:00:00,1.5104938814548077
2025-08-23 17:00:00,2.09456226566544
2025-08-23 18:00:00,2.1221727886371293
2025-08-23 19:00:00,1.8264793578721785
2025-08-23 20:00:00,2.067939049956957
2025-08-23 21:00:00,3.0701634099697475
2025-08-23 22:00:00,1.3593242190069963
2025-08-23 23:00:00,1.719821710057816
2025-08-24 00:00:00,2.3937933807448712
2025-08-24 01:00:00,2.4008019629500037
2025-08-24 02:00:00,1.5601560353084405
2025-08-24 03:00:00,2.3293556591278493
2025-08-24 04:00:00,2.211732927473806
2025-08-24 05:00:00,3.0017954641828366
2025-08-24 06:00:00,2.0683202776251046
2025-08-24 07:00:00,3.6645949310680987
2025-08-24 08:00:00,0.8919960792195512
2025-08-24 09:00:00,0.4315542020148893
2025-08-24 10:00:00,0.0
2025-08-24 11:00:00,0.0
2025-08-24 12:00:00,0.5572181623605185
2025-08-24 13:00:00,2.9347424405790985
2025-08-24 14:00:00,1.801999661522648
2025-08-24 15:00:00,3.776423017000497
2025-08-24 16:00:00,1.3547503671110845
2025-08-24 17:00:00,3.3209164520378405
2025-08-24 18:00:00,2.6701122870002427
2025-08-24 19:00:00,1.8724544491479171
2025-08-24 20:00:00,2.191340054256256
2025-08-24 21:00:00,1.3684696992914895
2025-08-24 22:00:00,1.1758319028516884
2025-08-24 23:00:00,2.9436022715671726
2025-08-25 00:00:00,2.2868265945754414
2025-08-25 01:00:00,3.551944145944044
2025-08-25 02:00:00,1.9521982637382995
2025-08-25 03:00:00,3.532920601036083
2025-08-25 04:00:00,4.788181090874582
2025-08-25 05:00:00,3.0847166224199825
2025-08-25 06:00:00,2.8620078518405285
2025-08-25 07:00:00,2.4822853848138404
2025-08-25 08:00:00,3.092913891510388
2025-08-25 09:00:00,3.549466002183205
2025-08-25 10:00:00,0.6812992265396823
2025-08-25 11:00:00,0.0
2025-08-25 12:00:00,0.0
2025-08-25 13:00:00,5.196934019859121
2025-08-25 14:00:00,6.331334371826362
2025-08-25 15:00:00,9.078505543917291
2025-08-25 16:00:00,17.227990812044574
2025-08-25 17:00:00,18.626087532389835
2025-08-25 18:00:00,18.387518663149077
2025-08-25 19:00:00,22.548488309239215
2025-08-25 20:00:00,20.640269319327682
2025-08-25 21:00:00,17.40815592302313
2025-08-25 22:00:00,26.04896894212381
2025-08-25 23:00:00,23.605056956009374
2025-08-26 00:00:00,23.47889460852382
2025-08-26 01:00:00,23.049369052684423
2025-08-26 02:00:00,29.25074417633862
2025-08-26 03:00:00,29.62305543979736
2025-08-26 04:00:00,32.08317606232268
2025-08-26 05:00:00,37.84029680687684
2025-08-26 06:00:00,40.105093978262545
2025-08-26 07:00:00,31.407078204127664
2025-08-26 08:00:00,26.715866530227718
2025-08-26 09:00:00,17.358554725071087
2025-08-26 10:00:00,15.997317210443326
2025-08-26 11:00:00,33.82986356698657
2025-08-26 12:00:00,24.121734159177354
2025-08-26 13:00:00,10.090870106494863
2025-08-26 14:00:00,6.359177437022925
2025-08-26 15:00:00,9.236785684672167
2025-08-26 16:00:00,1.7119277986797736
2025-08-26 17:00:00,4.245821293747498
2025-08-26 18:00:00,8.685778812578162
2025-08-26 19:00:00,3.2516949291258617
2025-08-26 20:00:00,4.454805482857383
2025-08-26 21:00:00,5.54093570490429
2025-08-26 22:00:00,4.805878538989664
2025-08-26 23:00:00,3.871182630273778
2025-08-27 00:00:00,2.7298536288299946
2025-08-27 01:00:00,2.310729289569658
2025-08-27 02:00:00,3.337949219149011
2025-08-27 03:00:00,3.5337246042248736
2025-08-27 04:00:00,2.272014522834402
2025-08-27 05:00:00,1.803908019087681
2025-08-27 06:00:00,1.5590584407303412
2025-08-27 07:00:00,1.5023464795451604
2025-08-27 08:00:00,1.1583240585585866
2025-08-27 09:00:00,0.0
2025-08-27 10:00:00,0.0
2025-08-27 11:00:00,1.323699174152816
2025-08-27 12:00:00,0.3707534146587493
2025-08-27 13:00:00,0.0741485497176832
2025-08-27 14:00:00,1.4122499649901084
2025-08-27 15:00:00,0.8357045199373676
2025-08-27 16:00:00,1.6725066578786822
2025-08-27 17:00:00,2.728828472095952
2025-08-27 18:00:00,3.5494873632969135
2025-08-27 19:00:00,2.728242276206521
2025-08-27 20:00:00,3.9909823027530327
2025-08-27 21:00:00,2.594274985976827
2025-08-27 22:00:00,3.0713984198183932
2025-08-27 23:00:00,1.9983426277951084
2025-08-28 00:00:00,2.655280989553557
2025-08-28 01:00:00,3.4313182905187856
2025-08-28 02:00:00,2.718275430737385
2025-08-28 03:00:00,3.101932595942808
2025-08-28 04:00:00,3.530394985899011
2025-08-28 05:00:00,6.783780646078553
2025-08-28 06:00:00,7.532541354345267
2025-08-28 07:00:00,6.8168970458862805
2025-08-28 08:00:00,4.666625208102115
2025-08-28 09:00:00,9.867307554570775
2025-08-28 10:00:00,4.322015840463163
2025-08-28 11:00:00,3.1722969148390585
2025-08-28 12:00:00,3.040145172566161
2025-08-28 13:00:00,3.2322045364321754
2025-08-28 14:00:00,4.177130536563983
2025-08-28 15:00:00,0.7399377584996707
2025-08-28 16:00:00,10.347901638907096
2025-08-28 17:00:00,11.579624041663882
2025-08-28 18:00:00,13.506141057353469
2025-08-28 19:00:00,9.185882635421718
2025-08-28 20:00:00,3.492421233109342
2025-08-28 21:00:00,5.24590271569801
2025-08-28 22:00:00,3.1631872112741775
2025-08-28 23:00:00,6.236465989228613
2025-08-29 00:00:00,7.800155543993199
2025-08-29 01:00:00,7.817839987594567
2025-08-29 02:00:00,6.1310582579037955
2025-08-29 03:00:00,5.717931691786319
2025-08-29 04:00:00,8.19451286693005
2025-08-29 05:00:00,7.323612474551905
2025-08-29 06:00:00,3.1342118200166125
2025-08-29 07:00:00,3.5827195172941773
2025-08-29 08:00:00,2.161169367392378
2025-08-29 09:00:00,0.0
2025-08-29 10:00:00,0.0
2025-08-29 11:00:00,0.0
2025-08-29 12:00:00,0.0
2025-08-29 13:00:00,0.0
2025-08-29 14:00:00,0.3340949662473167
2025-08-29 15:00:00,0.9589212051752447
2025-08-29 16:00:00,1.0409951459998963
2025-08-29 17:00:00,2.6490468746264235
2025-08-29 18:00:00,2.5105419070113895
2025-08-29 19:00:00,2.2253616311006987
2025-08-29 20:00:00,1.7638564895853024
2025-08-29 21:00:00,1.0517865466270828
2025-08-29 22:00:00,1.599159812234623
2025-08-29 23:00:00,1.7783583015787987
2025-08-30 00:00:00,2.3700566961960194
2025-08-30 01:00:00,1.63104034400423
2025-08-30 02:00:00,1.196678033493032
2025-08-30 03:00:00,1.9727206742443701
2025-08-30 04:00:00,1.5416996960965903
2025-08-30 05:00:00,1.797775716491431
2025-08-30 06:00:00,1.7106809797545035
2025-08-30 07:00:00,2.073730503649
2025-08-30 08:00:00,1.2785225631166994
2025-08-30 09:00:00,0.0
2025-08-30 10:00:00,0.0
2025-08-30 11:00:00,0.0
2025-08-30 12:00:00,0.0
2025-08-30 13:00:00,0.0
2025-08-30 14:00:00,0.3689191936675814
2025-08-30 15:00:00,0.30633351497339273
2025-08-30 16:00:00,1.5285786991512524
2025-08-30 17:00:00,2.127517437667779
2025-08-30 18:00:00,1.8200510384203896
2025-08-30 19:00:00,1.0411682143250616
2025-08-30 20:00:00,1.9083821277480275
2025-08-30 21:00:00,1.9455603996602489
2025-08-30 22:00:00,1.914024647897514
2025-08-30 23:00:00,2.060585962366176
2025-08-31 00:00:00,2.064782367186425
2025-08-31 01:00:00,2.152533404843147
2025-08-31 02:00:00,2.212373001115201
2025-08-31 03:00:00,1.9622000032762106
2025-08-31 04:00:00,1.6837034926185077
2025-08-31 05:00:00,2.582977688065455
2025-08-31 06:00:00,2.9714465761026427
2025-08-31 07:00:00,3.1526141090226227
2025-08-31 08:00:00,2.5245554702837016
2025-08-31 09:00:00,0.9377167006722236
2025-08-31 10:00:00,0.0
2025-08-31 11:00:00,0.09816812130618549
2025-08-31 12:00:00,3.2021632978743124
2025-08-31 13:00:00,3.319971642068564
2025-08-31 14:00:00,8.885945241594749
2025-08-31 15:00:00,6.744953677356866
2025-08-31 16:00:00,2.3182756153946813
2025-08-31 17:00:00,3.54501384117028
2025-08-31 18:00:00,5.52397839187477
2025-08-31 19:00:00,8.991824478673625
2025-08-31 20:00:00,17.6855356958132
2025-08-31 21:00:00,15.872434335371
2025-08-31 22:00:00,18.63999521208141
2025-08-31 23:00:00,20.625621652717236
2025-09-01 00:00:00,6.579995400608728
2025-09-01 01:00:00,8.119986079793582
2025-09-01 02:00:00,7.277000725850808
2025-09-01 03:00:00,6.066977483960473
2025-09-01 04:00:00,4.848374536629576
2025-09-01 05:00:00,12.50034432379666
2025-09-01 06:00:00,18.281426469652185
2025-09-01 07:00:00,9.156454634184847
2025-09-01 08:00:00,22.47300140663415
2025-09-01 09:00:00,15.075369346827971
2025-09-01 10:00:00,16.37236777504588
2025-09-01 11:00:00,16.45440840558778
2025-09-01 12:00:00,24.20260122565374
2025-09-01 13:00:00,28.59214326999736
2025-09-01 14:00:00,37.51912950823663
2025-09-01 15:00:00,31.23384852867264
2025-09-01 16:00:00,36.516661346110624
2025-09-01 17:00:00,38.453430319815574
2025-09-01 18:00:00,25.049812790076384
2025-09-01 19:00:00,33.42350340127703
2025-09-01 20:00:00,31.012872208580212
2025-09-01 21:00:00,24.9036572992275
2025-09-01 22:00:00,17.200012226983777
2025-09-01 23:00:00,18.260291761189432
2025-09-02 00:00:00,3.1454547920536085
2025-09-02 01:00:00,2.4063191794504277
2025-09-02 02:00:00,3.7630262613304963
2025-09-02 03:00:00,4.148674560394005
2025-09-02 04:00:00,3.778491561233935
2025-09-02 05:00:00,3.8174632367364056
2025-09-02 06:00:00,3.0042424377168735
2025-09-02 07:00:00,3.418856325413318
2025-09-02 08:00:00,2.688211615833344
2025-09-02 09:00:00,1.8087956074058396
2025-09-02 10:00:00,0.48271238517755166
2025-09-02 11:00:00,0.2828744306522371
2025-09-02 12:00:00,0.0
2025-09-02 13:00:00,0.05428842737956174
2025-09-02 14:00:00,0.224892681123077
2025-09-02 15:00:00,0.0
2025-09-02 16:00:00,0.9125810739649188
2025-09-02 17:00:00,1.7488579505266946
2025-09-02 18:00:00,2.214217023260938
2025-09-02 19:00:00,2.9146239663486067
2025-09-02 20:00:00,4.4415666998241585
2025-09-02 21:00:00,3.662513947597808
2025-09-02 22:00:00,3.213022466517766
2025-09-02 23:00:00,4.304340752686919
2025-09-03 00:00:00,3.0785018011656384
2025-09-03 01:00:00,3.5915143977281967
2025-09-03 02:00:00,3.1443637678223326
2025-09-03 03:00:00,2.770043083637839
2025-09-03 04:00:00,2.9159016281196983
2025-09-03 05:00:00,4.216218356350946
2025-09-03 06:00:00,3.3616099689992134
2025-09-03 07:00:00,2.115012369921735
2025-09-03 08:00:00,1.3927871976717532
2025-09-03 09:00:00,0.9239782431793846
2025-09-03 10:00:00,0.0
2025-09-03 11:00:00,0.0
2025-09-03 12:00:00,0.0
2025-09-03 13:00:00,0.0
2025-09-03 14:00:00,0.0
2025-09-03 15:00:00,0.0
2025-09-03 16:00:00,1.2436950675623424
2025-09-03 17:00:00,2.1160954484484287
2025-09-03 18:00:00,1.8591059683884956
2025-09-03 19:00:00,2.5625611156377444
2025-09-03 20:00:00,2.9403623246450414
2025-09-03 21:00:00,3.10047422354093
2025-09-03 22:00:00,3.2805718313835084
2025-09-03 23:00:00,2.692234883072611
2025-09-04 00:00:00,2.834188704463869
2025-09-04 01:00:00,2.4959758182842013
2025-09-04 02:00:00,2.622054017487389
2025-09-04 03:00:00,4.584204555908902
2025-09-04 04:00:00,2.3190437281937353
2025-09-04 05:00:00,2.3725742522864848
2025-09-04 06:00:00,3.1784743706974536
2025-09-04 07:00:00,2.9252764960676023
2025-09-04 08:00:00,2.0280563806711744
2025-09-04 09:00:00,0.4751444377466508
2025-09-04 10:00:00,0.0
2025-09-04 11:00:00,0.41580456247274594
2025-09-04 12:00:00,1.5742359058768953
2025-09-04 13:00:00,1.2331043258849548
2025-09-04 14:00:00,2.191174324356093
2025-09-04 15:00:00,5.5794407665010555
2025-09-04 16:00:00,2.8310118929963766
2025-09-04 17:00:00,4.947778083814737
2025-09-04 18:00:00,3.1467713250308353
2025-09-04 19:00:00,6.104861724035395
2025-09-04 20:00:00,4.927517247890737
2025-09-04 21:00:00,4.214843589196814
2025-09-04 22:00:00,5.355030590811429
2025-09-04 23:00:00,4.8573275171822505
2025-09-05 00:00:00,3.600078395725361
2025-09-05 01:00:00,4.429806034992209
2025-09-05 02:00:00,4.34969147924703
2025-09-05 03:00:00,3.7747800671269687
2025-09-05 04:00:00,4.814821934334125
2025-09-05 05:00:00,5.124198192058838
2025-09-05 06:00:00,4.387560627625961
2025-09-05 07:00:00,3.67734310662394
2025-09-05 08:00:00,1.1088131836595063
2025-09-05 09:00:00,0.6954551151630675
2025-09-05 10:00:00,0.0
2025-09-05 11:00:00,0.0
2025-09-05 12:00:00,0.0
2025-09-05 13:00:00,0.0
2025-09-05 14:00:00,1.3760770067180415
2025-09-05 15:00:00,1.9632719845225834
2025-09-05 16:00:00,1.1284243361908983
2025-09-05 17:00:00,2.401966220477001
2025-09-05 18:00:00,1.2025315403067767
2025-09-05 19:00:00,2.112614455535175
2025-09-05 20:00:00,2.6353401255026765
2025-09-05 21:00:00,2.250607956538443
2025-09-05 22:00:00,2.3944451185429636
2025-09-05 23:00:00,3.5072845090622624
2025-09-06 00:00:00,7.847851665128929
2025-09-06 01:00:00,7.652119908133799
2025-09-06 02:00:00,11.075073757720858
2025-09-06 03:00:00,7.440601281265342
2025-09-06 04:00:00,11.043244719466992
2025-09-06 05:00:00,6.396051773621022
2025-09-06 06:00:00,6.150435253740172
2025-09-06 07:00:00,18.77057603804931
2025-09-06 08:00:00,15.928397439347327
2025-09-06 09:00:00,13.026947625461487
2025-09-06 10:00:00,16.515041293617493
2025-09-06 11:00:00,7.653235972196265
2025-09-06 12:00:00,20.53092004011352
2025-09-06 13:00:00,13.317168975240051
2025-09-06 14:00:00,21.035160667046014
2025-09-06 15:00:00,16.29209553784258
2025-09-06 16:00:00,16.58141281585027
2025-09-06 17:00:00,21.981211384595596
2025-09-06 18:00:00,21.09361246248189
2025-09-06 19:00:00,21.953973071901668
2025-09-06 20:00:00,24.81738567279531
2025-09-06 21:00:00,21.74363772545861
2025-09-06 22:00:00,17.237548862063285
2025-09-06 23:00:00,25.867484377537657
2025-09-07 00:00:00,21.50151022360351
2025-09-07 01:00:00,27.999941070092632
2025-09-07 02:00:00,34.38909773771878
2025-09-07 03:00:00,26.665455611134934
2025-09-07 04:00:00,20.424889925401274
2025-09-07 05:00:00,18.34838251281386
2025-09-07 06:00:00,5.755500826519505
2025-09-07 07:00:00,5.398159127259802
2025-09-07 08:00:00,4.291657737793976
2025-09-07 09:00:00,2.1828041180203317
2025-09-07 10:00:00,2.0239542056617332
2025-09-07 11:00:00,0.9734096986834255
2025-09-07 12:00:00,2.175300390856601
2025-09-07 13:00:00,0.0
2025-09-07 14:00:00,0.0
2025-09-07 15:00:00,0.5575894171539714
2025-09-07 16:00:00,0.6072762790078511
2025-09-07 17:00:00,2.9666501927000404
2025-09-07 18:00:00,3.162052525346929
2025-09-07 19:00:00,3.6677939701560254
2025-09-07 20:00:00,6.243459998527108
2025-09-07 21:00:00,6.452418180445438
2025-09-07 22:00:00,6.983455677145585
2025-09-07 23:00:00,5.629854732513328
2025-09-08 00:00:00,10.464191070568985
2025-09-08 01:00:00,5.556379194993433
2025-09-08 02:00:00,7.017416663290194
2025-09-08 03:00:00,7.220590648441099
2025-09-08 04:00:00,3.005835957676137
2025-09-08 05:00:00,3.2673021305461276
2025-09-08 06:00:00,3.5977389596914433
2025-09-08 07:00:00,2.7988091167974534
2025-09-08 08:00:00,1.8592725806537524
2025-09-08 09:00:00,0.07852806374178711
2025-09-08 10:00:00,0.4399730062764122
2025-09-08 11:00:00,0.0
2025-09-08 12:00:00,0.2824063983673558
2025-09-08 13:00:00,1.6254924031925948
2025-09-08 14:00:00,5.860485728590673
2025-09-08 15:00:00,0.12458756286884273
2025-09-08 16:00:00,0.44048208513177844
2025-09-08 17:00:00,1.2458210560739886
2025-09-08 18:00:00,2.2166677796509426
2025-09-08 19:00:00,2.6644557715224106
2025-09-08 20:00:00,2.2008888906749835
2025-09-08 21:00:00,3.763737820485009
2025-09-08 22:00:00,3.8742635774935095
2025-09-08 23:00:00,4.507598391797311
2025-09-09 00:00:00,8.16639323119257
2025-09-09 01:00:00,5.631246124887843
2025-09-09 02:00:00,5.085974490769638
2025-09-09 03:00:00,4.258209641597637
2025-09-09 04:00:00,4.740931112279828
2025-09-09 05:00:00,6.451102475202233
2025-09-09 06:00:00,6.441449534237887
2025-09-09 07:00:00,4.1443556451277805
2025-09-09 08:00:00,6.516799325378619
2025-09-09 09:00:00,1.9996322522592334
2025-09-09 10:00:00,1.8552307266861399
2025-09-09 11:00:00,1.0134639118308904
2025-09-09 12:00:00,1.867678268085635
2025-09-09 13:00:00,3.788129081591062
2025-09-09 14:00:00,2.8368548730952656
2025-09-09 15:00:00,3.124366046633676
2025-09-09 16:00:00,9.249213057160018
2025-09-09 17:00:00,12.205154264967176
2025-09-09 18:00:00,3.747877488612238
2025-09-09 19:00:00,6.873448112001267
2025-09-09 20:00:00,3.503990040274226
2025-09-09 21:00:00,4.207631397555614
2025-09-09 22:00:00,3.811681093843866
2025-09-09 23:00:00,4.070109151695247
2025-09-10 00:00:00,3.716379726329352
2025-09-10 01:00:00,4.259680295831288
2025-09-10 02:00:00,8.839731557514277
2025-09-10 03:00:00,9.094303250414143
2025-09-10 04:00:00,7.801974189431814
2025-09-10 05:00:00,5.283282933101756
2025-09-10 06:00:00,3.440661512612197
2025-09-10 07:00:00,2.79037386578658
2025-09-10 08:00:00,3.2243075472931175
2025-09-10 09:00:00,2.449394533563745
2025-09-10 10:00:00,2.8719870071335234
2025-09-10 11:00:00,2.827974856069333
2025-09-10 12:00:00,3.2345089985596904
2025-09-10 13:00:00,1.9166185522010812
2025-09-10 14:00:00,3.4861635255350447
2025-09-10 15:00:00,3.8568885433728544
2025-09-10 16:00:00,5.993415987822887
2025-09-10 17:00:00,5.526980454583508
2025-09-10 18:00:00,6.334199302294524
2025-09-10 19:00:00,5.338602693041267
2025-09-10 20:00:00,9.534011535506624
2025-09-10 21:00:00,8.747951604222417
2025-09-10 22:00:00,6.136736323209936
2025-09-10 23:00:00,7.207029231286562
2025-09-11 00:00:00,3.628246922688503
2025-09-11 01:00:00,1.9412722319402165
2025-09-11 02:00:00,2.403628107413605
2025-09-11 03:00:00,3.006620308003819
2025-09-11 04:00:00,2.7685442265663656
2025-09-11 05:00:00,3.1537284047288656
2025-09-11 06:00:00,3.7342271741577977
2025-09-11 07:00:00,2.9865134810071043
2025-09-11 08:00:00,1.4080224322352708
2025-09-11 09:00:00,0.7583986009414749
2025-09-11 10:00:00,0.15856349800124941
2025-09-11 11:00:00,0.0
2025-09-11 12:00:00,0.0
2025-09-11 13:00:00,0.0
2025-09-11 14:00:00,0.0
2025-09-11 15:00:00,0.0
2025-09-11 16:00:00,2.917751325094154
2025-09-11 17:00:00,2.9940030283153463
2025-09-11 18:00:00,3.092235751374048
2025-09-11 19:00:00,4.420512806542818
2025-09-11 20:00:00,5.393743508955741
2025-09-11 21:00:00,7.767584736789547
2025-09-11 22:00:00,3.737067013257243
2025-09-11 23:00:00,3.4951309215116466
2025-09-12 00:00:00,3.2052051447705714
2025-09-12 01:00:00,3.926368376157021
2025-09-12 02:00:00,4.068049341667661
2025-09-12 03:00:00,5.907436585058078
2025-09-12 04:00:00,4.455689969587339
2025-09-12 05:00:00,4.993357012482524
2025-09-12 06:00:00,5.245558603767539
2025-09-12 07:00:00,3.5871946015209955
2025-09-12 08:00:00,1.50804166880139
2025-09-12 09:00:00,2.060568977731942
2025-09-12 10:00:00,1.2847910599736627
2025-09-12 11:00:00,0.0
2025-09-12 12:00:00,0.7778863916829754
2025-09-12 13:00:00,1.1777998936301135
2025-09-12 14:00:00,1.4384557127418338
2025-09-12 15:00:00,1.1862559415699008
2025-09-12 16:00:00,2.606102556299213
2025-09-12 17:00:00,2.4938042277006587
2025-09-12 18:00:00,2.0528808936327256
2025-09-12 19:00:00,4.23443231577501
2025-09-12 20:00:00,3.0075062027644863
2025-09-12 21:00:00,3.4766587083724656
2025-09-12 22:00:00,5.154611778016257
2025-09-12 23:00:00,5.665991086886078
2025-09-13 00:00:00,32.476704979256866
2025-09-13 01:00:00,37.33651660829244
2025-09-13 02:00:00,39.224536499000195
2025-09-13 03:00:00,49.72465854393522
2025-09-13 04:00:00,48.63957004116423
2025-09-13 05:00:00,50.64624904617737
2025-09-13 06:00:00,51.94039662769886
2025-09-13 07:00:00,49.07819151997566
2025-09-13 08:00:00,49.03328658902473
2025-09-13 09:00:00,46.11824453641489
2025-09-13 10:00:00,37.17745431304824
2025-09-13 11:00:00,30.093084238257166
2025-09-13 12:00:00,15.004787542815809
2025-09-13 13:00:00,9.625671175356079
2025-09-13 14:00:00,7.6010349057618285
2025-09-13 15:00:00,6.008325915354284
2025-09-13 16:00:00,5.546412482392367
2025-09-13 17:00:00,5.128762627363864
2025-09-13 18:00:00,5.108731065502459
2025-09-13 19:00:00,5.489074467298808
2025-09-13 20:00:00,3.3711895481593666
2025-09-13 21:00:00,3.4320225394547346
2025-09-13 22:00:00,2.0055462176627574
2025-09-13 23:00:00,2.2557880024571024
2025-09-14 00:00:00,4.865030424920547
2025-09-14 01:00:00,6.121672071695219
2025-09-14 02:00:00,7.618863950947035
2025-09-14 03:00:00,8.67505101061009
2025-09-14 04:00:00,8.827545917491324
2025-09-14 05:00:00,3.8613429288446066
2025-09-14 06:00:00,4.643922721674011
2025-09-14 07:00:00,3.0497528726787806
2025-09-14 08:00:00,3.2180403516239213
2025-09-14 09:00:00,1.7180794702319488
2025-09-14 10:00:00,0.0
2025-09-14 11:00:00,0.1494099258675158
2025-09-14 12:00:00,0.0
2025-09-14 13:00:00,0.0
2025-09-14 14:00:00,0.0
2025-09-14 15:00:00,0.4084458958782905
2025-09-14 16:00:00,1.2666168577799364
2025-09-14 17:00:00,1.258596642420219
2025-09-14 18:00:00,2.526871569025521
2025-09-14 19:00:00,2.610927927884425
2025-09-14 20:00:00,2.628439962464468
2025-09-14 21:00:00,2.8341574123893234
2025-09-14 22:00:00,3.7078582863668936
2025-09-14 23:00:00,1.7727256202760853
2025-09-15 00:00:00,2.510845574739567
2025-09-15 01:00:00,2.7480918467565068
2025-09-15 02:00:00,1.883659549857403
2025-09-15 03:00:00,1.342743305907186
2025-09-15 04:00:00,1.028400497707715
2025-09-15 05:00:00,1.3476975639672661
2025-09-15 06:00:00,1.6527305742762717
2025-09-15 07:00:00,1.1869048469083503
2025-09-15 08:00:00,0.7427046241507013
2025-09-15 09:00:00,1.0472460028932231
2025-09-15 10:00:00,1.002308594131839
2025-09-15 11:00:00,0.0
2025-09-15 12:00:00,0.0
2025-09-15 13:00:00,0.0
2025-09-15 14:00:00,0.0
2025-09-15 15:00:00,0.0
2025-09-15 16:00:00,0.7192347332321369
2025-09-15 17:00:00,1.1156425776530998
2025-09-15 18:00:00,1.4677646648760934
2025-09-15 19:00:00,1.0598569283101211
2025-09-15 20:00:00,1.7265177590946827
2025-09-15 21:00:00,1.9963521838407658
2025-09-15 22:00:00,1.7027020310864265
2025-09-15 23:00:00,1.8071001189199403
2025-09-16 00:00:00,2.0276124300731904
2025-09-16 01:00:00,1.460287314117182
2025-09-16 02:00:00,2.807097433787525
2025-09-16 03:00:00,0.8472327504148296
2025-09-16 04:00:00,1.3959643377060789
2025-09-16 05:00:00,1.6165460602994604
2025-09-16 06:00:00,3.1844882779050416
2025-09-16 07:00:00,1.4636799404676457
2025-09-16 08:00:00,2.6158469812287293
2025-09-16 09:00:00,1.8067631319455033
2025-09-16 10:00:00,0.288942265775039
2025-09-16 11:00:00,0.0
2025-09-16 12:00:00,1.011308993353638
2025-09-16 13:00:00,4.209402499075061
2025-09-16 14:00:00,6.35079367417252
2025-09-16 15:00:00,9.966390873898623
2025-09-16 16:00:00,12.141558693409474
2025-09-16 17:00:00,17.113740958365405
2025-09-16 18:00:00,22.485757742175682
2025-09-16 19:00:00,16.312859831670313
2025-09-16 20:00:00,19.58282424968705
2025-09-16 21:00:00,19.056514855541458
2025-09-16 22:00:00,19.04105421436402
2025-09-16 23:00:00,22.460019629374713
2025-09-17 00:00:00,28.00424697109067
2025-09-17 01:00:00,22.764025886188932
2025-09-17 02:00:00,27.83177404232021
2025-09-17 03:00:00,28.60940150799527
2025-09-17 04:00:00,25.12130518127958
2025-09-17 05:00:00,18.9189426100084
2025-09-17 06:00:00,22.571048940015334
2025-09-17 07:00:00,22.785282990286543
2025-09-17 08:00:00,26.74030295270222
2025-09-17 09:00:00,21.39607111417125
2025-09-17 10:00:00,15.422061360420036
2025-09-17 11:00:00,16.923455844697788
2025-09-17 12:00:00,24.805584839949812
2025-09-17 13:00:00,11.99227601804802
2025-09-17 14:00:00,13.231841227611529
2025-09-17 15:00:00,15.768138860734208
2025-09-17 16:00:00,7.262614274629192
2025-09-17 17:00:00,3.0558754044979937
2025-09-17 18:00:00,2.8324890599891352
2025-09-17 19:00:00,7.018030862862831
2025-09-17 20:00:00,9.42836180910601
2025-09-17 21:00:00,15.093807436792716
2025-09-17 22:00:00,18.449053923781896
2025-09-17 23:00:00,14.73681717413445
2025-09-18 00:00:00,7.78205573094712
2025-09-18 01:00:00,8.34754395579545
2025-09-18 02:00:00,9.180451536932116
2025-09-18 03:00:00,9.656597361734894
2025-09-18 04:00:00,12.19266425480937
2025-09-18 05:00:00,9.262258254669122
2025-09-18 06:00:00,11.525490089030056
2025-09-18 07:00:00,6.455589192301244
2025-09-18 08:00:00,5.163086136027719
2025-09-18 09:00:00,3.0099446889176007
2025-09-18 10:00:00,1.6154642511188058
2025-09-18 11:00:00,1.3748214145365913
2025-09-18 12:00:00,2.6025285700066227
2025-09-18 13:00:00,0.7692804303052908
2025-09-18 14:00:00,0.45463891510622084
2025-09-18 15:00:00,0.8290721523707424
2025-09-18 16:00:00,0.763255584019251
2025-09-18 17:00:00,1.1370547886656774
2025-09-18 18:00:00,0.9288959265483576
2025-09-18 19:00:00,1.9777013429885268
2025-09-18 20:00:00,2.6967632195034117
2025-09-18 21:00:00,4.867743373954646
2025-09-18 22:00:00,2.3136495950103577
2025-09-18 23:00:00,2.302452111930379
2025-09-19 00:00:00,3.5601108655100413
2025-09-19 01:00:00,4.151094942854275
2025-09-19 02:00:00,3.7218740246451807
2025-09-19 03:00:00,3.6924766778703177
2025-09-19 04:00:00,3.7497059481235064
2025-09-19 05:00:00,3.7882390305922895
2025-09-19 06:00:00,3.3374777794043693
2025-09-19 07:00:00,3.592766039438048
2025-09-19 08:00:00,2.4808937851742
2025-09-19 09:00:00,2.039695102923072
2025-09-19 10:00:00,1.0871858809462727
2025-09-19 11:00:00,0.0
2025-09-19 12:00:00,0.0
2025-09-19 13:00:00,0.0
2025-09-19 14:00:00,0.06342754870512061
2025-09-19 15:00:00,0.7460210621946997
2025-09-19 16:00:00,2.1535017335115754
2025-09-19 17:00:00,3.280028648154488
2025-09-19 18:00:00,7.3008646081799515
2025-09-19 19:00:00,11.672315028955234
2025-09-19 20:00:00,6.794300096052836
2025-09-19 21:00:00,24.583554260279968
2025-09-19 22:00:00,24.570146947044478
2025-09-19 23:00:00,23.658857261790736
2025-09-20 00:00:00,35.77632644456225
2025-09-20 01:00:00,40.72997897861928
2025-09-20 02:00:00,34.614129268896995
2025-09-20 03:00:00,45.35140384317861
2025-09-20 04:00:00,49.184119708831204
2025-09-20 05:00:00,50.859709273401876
2025-09-20 06:00:00,35.84820594773686
2025-09-20 07:00:00,25.93315019705071
2025-09-20 08:00:00,10.989267221322685
2025-09-20 09:00:00,15.313208171294363
2025-09-20 10:00:00,9.686400867545213
2025-09-20 11:00:00,11.556620494976256
2025-09-20 12:00:00,4.137300643195233
2025-09-20 13:00:00,8.964753521739318
2025-09-20 14:00:00,6.207966572470388
2025-09-20 15:00:00,4.480241866195809
2025-09-20 16:00:00,6.11489636487461
2025-09-20 17:00:00,10.602389825341328
2025-09-20 18:00:00,17.766787334003162
2025-09-20 19:00:00,11.559435586350972
2025-09-20 20:00:00,16.13286552660563
2025-09-20 21:00:00,11.683789435072683
2025-09-20 22:00:00,12.1216023633733
2025-09-20 23:00:00,11.352423902609043
2025-09-21 00:00:00,6.878955618870394
2025-09-21 01:00:00,5.775841044011411
2025-09-21 02:00:00,6.154288634764194
2025-09-21 03:00:00,7.3595603156824385
2025-09-21 04:00:00,6.243192712579633
2025-09-21 05:00:00,5.514923698610369
2025-09-21 06:00:00,4.429723186641222
2025-09-21 07:00:00,3.701956710695792
2025-09-21 08:00:00,4.742060073340651
2025-09-21 09:00:00,2.5614577789549102
2025-09-21 10:00:00,1.2197144820069163
2025-09-21 11:00:00,0.0
2025-09-21 12:00:00,1.294585016721117
2025-09-21 13:00:00,1.2980018848916741
2025-09-21 14:00:00,3.0857921509206103
2025-09-21 15:00:00,4.299154814234615
2025-09-21 16:00:00,9.287375124813407
2025-09-21 17:00:00,10.078706957662906
2025-09-21 18:00:00,10.278357275095045
2025-09-21 19:00:00,8.344497337998288
2025-09-21 20:00:00,8.248963813227672
2025-09-21 21:00:00,6.585818262624127
2025-09-21 22:00:00,3.8826719070416416
2025-09-21 23:00:00,3.909335220569921
2025-09-22 00:00:00,4.3254143845259145
2025-09-22 01:00:00,3.5822462670892086
2025-09-22 02:00:00,4.361909478962343
2025-09-22 03:00:00,4.290122063646471
2025-09-22 04:00:00,4.491696419016589
2025-09-22 05:00:00,4.787546765284404
2025-09-22 06:00:00,3.512261503736474
2025-09-22 07:00:00,2.6078079546857045
2025-09-22 08:00:00,2.6598522759174004
2025-09-22 09:00:00,1.7873702364568667
2025-09-22 10:00:00,0.9055892910134864
2025-09-22 11:00:00,0.0
2025-09-22 12:00:00,0.0
2025-09-22 13:00:00,0.0
2025-09-22 14:00:00,0.0
2025-09-22 15:00:00,0.0
2025-09-22 16:00:00,2.6371724569648483
2025-09-22 17:00:00,1.6364689388613176
2025-09-22 18:00:00,2.8706338372498754
2025-09-22 19:00:00,6.423475551939789
2025-09-22 20:00:00,7.31071487149532
2025-09-22 21:00:00,9.490530608229577
2025-09-22 22:00:00,12.120580444194765
2025-09-22 23:00:00,9.847713175171426
2025-09-23 00:00:00,3.276092504139076
2025-09-23 01:00:00,3.7276090802469373
2025-09-23 02:00:00,5.433798010496418
2025-09-23 03:00:00,5.448354222441903
2025-09-23 04:00:00,5.613822309042847
2025-09-23 05:00:00,5.266610041822631
2025-09-23 06:00:00,4.530991114007031
2025-09-23 07:00:00,3.0228454252124064
2025-09-23 08:00:00,2.187574294478031
2025-09-23 09:00:00,0.8239649703073888
2025-09-23 10:00:00,0.6619779295383064
2025-09-23 11:00:00,0.9682018390431133
2025-09-23 12:00:00,1.3266040274181108
2025-09-23 13:00:00,0.9222458035545945
2025-09-23 14:00:00,1.741795966311063
2025-09-23 15:00:00,1.2947119135260245
2025-09-23 16:00:00,1.472771724279557
2025-09-23 17:00:00,3.9731181494707086
2025-09-23 18:00:00,3.8973807754231857
2025-09-23 19:00:00,3.659723172011582
2025-09-23 20:00:00,4.855414314313986
2025-09-23 21:00:00,4.7953082047138285
2025-09-23 22:00:00,5.1495674734534145
2025-09-23 23:00:00,5.935818452723721
2025-09-24 00:00:00,1.7441116717689333
2025-09-24 01:00:00,2.4562133027525785
2025-09-24 02:00:00,4.937861503777407
2025-09-24 03:00:00,4.808103321517308
2025-09-24 04:00:00,4.2622196472441924
2025-09-24 05:00:00,4.464674280399953
2025-09-24 06:00:00,3.372291077167164
2025-09-24 07:00:00,3.2492767340668705
2025-09-24 08:00:00,5.89514541965544
2025-09-24 09:00:00,3.4384185452938842
2025-09-24 10:00:00,11.366032926044232
2025-09-24 11:00:00,13.90720416440701
2025-09-24 12:00:00,19.947788482006416
2025-09-24 13:00:00,25.694075715824855
2025-09-24 14:00:00,16.625579609628545
2025-09-24 15:00:00,20.94690676685766
2025-09-24 16:00:00,23.538762544243177
2025-09-24 17:00:00,22.49461202569509
2025-09-24 18:00:00,17.7916344058339
2025-09-24 19:00:00,16.20400324026065
2025-09-24 20:00:00,20.84669524811769
2025-09-24 21:00:00,21.964235662477396
2025-09-24 22:00:00,11.594042790168247
2025-09-24 23:00:00,6.300772990524348
2025-09-25 00:00:00,7.7492678974250655
2025-09-25 01:00:00,7.482303358445156
2025-09-25 02:00:00,9.117125771326897
2025-09-25 03:00:00,5.334885966971717
2025-09-25 04:00:00,3.151146702426682
2025-09-25 05:00:00,2.3899217120400182
2025-09-25 06:00:00,2.6659267161177524
2025-09-25 07:00:00,3.962592343537426
2025-09-25 08:00:00,10.16310947655781
2025-09-25 09:00:00,8.32267602450609
2025-09-25 10:00:00,6.1837586047046615
2025-09-25 11:00:00,2.610564264604282
2025-09-25 12:00:00,2.220198424799241
2025-09-25 13:00:00,3.5544172165438277
2025-09-25 14:00:00,2.3386244296715746
2025-09-25 15:00:00,1.5121611685792717
2025-09-25 16:00:00,1.8368730999940026
2025-09-25 17:00:00,4.08734934021119
2025-09-25 18:00:00,4.885933600335809
2025-09-25 19:00:00,5.736256180668631
2025-09-25 20:00:00,3.4540835405242105
2025-09-25 21:00:00,2.881918247256426
2025-09-25 22:00:00,2.7721515414168545
2025-09-25 23:00:00,3.1491718447750334
2025-09-26 00:00:00,1.76964530988714
2025-09-26 01:00:00,2.648138235771412
2025-09-26 02:00:00,4.990538231384668
2025-09-26 03:00:00,4.892791934501959
2025-09-26 04:00:00,5.228723462712862
2025-09-26 05:00:00,6.900764156803429
2025-09-26 06:00:00,6.140760583550967
2025-09-26 07:00:00,4.543630984048369
2025-09-26 08:00:00,3.813996259761949
2025-09-26 09:00:00,2.3929295367106955
2025-09-26 10:00:00,1.3961250661775393
2025-09-26 11:00:00,0.0
2025-09-26 12:00:00,0.12898558220751763
2025-09-26 13:00:00,0.15309092121978257
2025-09-26 14:00:00,2.3463391870114356
2025-09-26 15:00:00,1.8977087609532035
2025-09-26 16:00:00,0.9647934907198027
2025-09-26 17:00:00,2.9838503943115007
2025-09-26 18:00:00,2.341028334833233
2025-09-26 19:00:00,4.20479585502495
2025-09-26 20:00:00,8.258989917291547
2025-09-26 21:00:00,7.456119484921963
2025-09-26 22:00:00,5.6580539439896125
2025-09-26 23:00:00,5.658235538746245
2025-09-27 00:00:00,3.01587880011406
2025-09-27 01:00:00,2.4387482221189836
2025-09-27 02:00:00,4.853617214853172
2025-09-27 03:00:00,4.861424060917283
2025-09-27 04:00:00,4.320536020476932
2025-09-27 05:00:00,2.3327809333976464
2025-09-27 06:00:00,3.8791548212604092
2025-09-27 07:00:00,2.501361095156433
2025-09-27 08:00:00,1.418579750816012
2025-09-27 09:00:00,3.3367609169281667
2025-09-27 10:00:00,2.1594854294075403
2025-09-27 11:00:00,2.5457387663964886
2025-09-27 12:00:00,0.8026209914141839
2025-09-27 13:00:00,0.0
2025-09-27 14:00:00,0.0
2025-09-27 15:00:00,1.2366665476978747
2025-09-27 16:00:00,0.797838710938221
2025-09-27 17:00:00,2.5322772172953685
2025-09-27 18:00:00,0.8823674978924911
2025-09-27 19:00:00,1.118922985510121
2025-09-27 20:00:00,1.9106391786543067
2025-09-27 21:00:00,1.4301071480263818
2025-09-27 22:00:00,3.0508425546851665
2025-09-27 23:00:00,2.2408643874800034
2025-09-28 00:00:00,3.086943486116502
2025-09-28 01:00:00,1.5586146143189419
2025-09-28 02:00:00,2.8685612508053224
2025-09-28 03:00:00,3.0107442745335415
2025-09-28 04:00:00,2.7724284289530483
2025-09-28 05:00:00,6.595716338407189
2025-09-28 06:00:00,4.655960178044021
2025-09-28 07:00:00,11.807652232489096
2025-09-28 08:00:00,17.54264286065058
2025-09-28 09:00:00,16.29551224576535
2025-09-28 10:00:00,22.19361230717725
2025-09-28 11:00:00,7.656268614667346
2025-09-28 12:00:00,18.887018847521862
2025-09-28 13:00:00,15.76424781489997
2025-09-28 14:00:00,14.380566364714573
2025-09-28 15:00:00,10.404048671645183
2025-09-28 16:00:00,6.319216383891292
2025-09-28 17:00:00,4.881885889116602
2025-09-28 18:00:00,7.743171375444882
2025-09-28 19:00:00,6.596855535063455
2025-09-28 20:00:00,8.81178869501823
2025-09-28 21:00:00,10.997744609553957
2025-09-28 22:00:00,15.078724503808075
2025-09-28 23:00:00,13.669808119477555
2025-09-29 00:00:00,4.4912648434922655
2025-09-29 01:00:00,5.27265769253236
2025-09-29 02:00:00,7.159613266346215
2025-09-29 03:00:00,12.995531791275152
2025-09-29 04:00:00,14.378316421072512
2025-09-29 05:00:00,16.000975313959735
2025-09-29 06:00:00,10.321443702029473
2025-09-29 07:00:00,6.799038291891579
2025-09-29 08:00:00,3.6134979584510574
2025-09-29 09:00:00,4.337706064409289
2025-09-29 10:00:00,1.9445333777855294
2025-09-29 11:00:00,1.4494252985099003
2025-09-29 12:00:00,1.2713308661939278
2025-09-29 13:00:00,1.7805003412326523
2025-09-29 14:00:00,1.7931848585299113
2025-09-29 15:00:00,1.7949399204700331
2025-09-29 16:00:00,3.338085501010327
2025-09-29 17:00:00,4.177139732794604
2025-09-29 18:00:00,5.639267342523627
2025-09-29 19:00:00,6.637040151439118
2025-09-29 20:00:00,6.330119807399696
2025-09-29 21:00:00,6.438179161768574
2025-09-29 22:00:00,5.567315705373135
2025-09-29 23:00:00,3.4766894510709636
2025-09-30 00:00:00,2.755352341885824
2025-09-30 01:00:00,1.9980602718803517
2025-09-30 02:00:00,3.0772639559600705
2025-09-30 03:00:00,3.102122312961898
2025-09-30 04:00:00,3.3765723869744395
2025-09-30 05:00:00,3.183144557333647
2025-09-30 06:00:00,3.509487156026218
2025-09-30 07:00:00,4.317217286274063
2025-09-30 08:00:00,1.3069689359047103
2025-09-30 09:00:00,1.980818744479625
2025-09-30 10:00:00,0.5837631022892174
2025-09-30 11:00:00,0.4123863538798043
2025-09-30 12:00:00,0.3846531025708265
2025-09-30 13:00:00,0.0
2025-09-30 14:00:00,0.6483505570085971
2025-09-30 15:00:00,3.6856473476896827
2025-09-30 16:00:00,5.191824753507499
2025-09-30 17:00:00,6.328894726266815
2025-09-30 18:00:00,6.476664691606274
2025-09-30 19:00:00,9.688815355278576
2025-09-30 20:00:00,9.422343874182657
2025-09-30 21:00:00,8.6559802031972
2025-09-30 22:00:00,7.455372404542704
2025-09-30 23:00:00,5.967684830888355
2025-10-01 00:00:00,7.360562422397539
2025-10-01 01:00:00,8.290831192835407
2025-10-01 02:00:00,7.67113130928857
2025-10-01 03:00:00,9.453824482679
2025-10-01 04:00:00,12.149825111230786
2025-10-01 05:00:00,7.235066530203468
2025-10-01 06:00:00,6.64323988448184
2025-10-01 07:00:00,5.5526302589887875
2025-10-01 08:00:00,5.225196468556573
2025-10-01 09:00:00,4.9104941600387235
2025-10-01 10:00:00,4.500552048747651
2025-10-01 11:00:00,2.17371886161379
2025-10-01 12:00:00,2.010422003036848
2025-10-01 13:00:00,1.430457843622354
2025-10-01 14:00:00,1.9557754806582444
2025-10-01 15:00:00,2.395412702810962
2025-10-01 16:00:00,3.786380512403127
2025-10-01 17:00:00,7.851173339062927
2025-10-01 18:00:00,6.828758576985902
2025-10-01 19:00:00,9.436689654393362
2025-10-01 20:00:00,11.368111284415292
2025-10-01 21:00:00,10.337301738737734
2025-10-01 22:00:00,6.167748855637382
2025-10-01 23:00:00,5.521123303648907
2025-10-02 00:00:00,6.331891558337364
2025-10-02 01:00:00,4.217354144996816
2025-10-02 02:00:00,6.976289464274635
2025-10-02 03:00:00,6.3115592052967875
2025-10-02 04:00:00,5.74266416235561
2025-10-02 05:00:00,4.869435278818656
2025-10-02 06:00:00,4.857421831885522
2025-10-02 07:00:00,5.214415298644121
2025-10-02 08:00:00,7.815627523449151
2025-10-02 09:00:00,4.317661813041583
2025-10-02 10:00:00,4.471867959549014
2025-10-02 11:00:00,3.107684885177874
2025-10-02 12:00:00,2.835392635888342
2025-10-02 13:00:00,1.256651915837944
2025-10-02 14:00:00,1.269808708488892
2025-10-02 15:00:00,2.667105648636444
2025-10-02 16:00:00,3.2965114797558277
2025-10-02 17:00:00,3.0629657034610784
2025-10-02 18:00:00,3.731903621600144
2025-10-02 19:00:00,3.6942264362498105
2025-10-02 20:00:00,4.038953490496198
2025-10-02 21:00:00,5.219249493385973
2025-10-02 22:00:00,7.024651250348449
2025-10-02 23:00:00,5.739819854764982
2025-10-03 00:00:00,6.570321898455206
2025-10-03 01:00:00,5.248997553363826
2025-10-03 02:00:00,5.280849877164703
2025-10-03 03:00:00,6.075816509682107
2025-10-03 04:00:00,6.6845042106763914
2025-10-03 05:00:00,7.35946022405706
2025-10-03 06:00:00,4.9202342420068454
2025-10-03 07:00:00,4.613838894357288
2025-10-03 08:00:00,4.8708191808120835
2025-10-03 09:00:00,4.192437541259324
2025-10-03 10:00:00,7.182081754073189
2025-10-03 11:00:00,5.003033661476621
2025-10-03 12:00:00,4.319971311343199
2025-10-03 13:00:00,3.7349159091981874
2025-10-03 14:00:00,4.937585119988458
2025-10-03 15:00:00,5.681808880234544
2025-10-03 16:00:00,5.871252114342119
2025-10-03 17:00:00,7.433628931632682
2025-10-03 18:00:00,9.995266250546608
2025-10-03 19:00:00,10.224175482197166
2025-10-03 20:00:00,11.034984698217745
2025-10-03 21:00:00,27.192580863350152
2025-10-03 22:00:00,18.720105262926765
2025-10-03 23:00:00,12.857317600156367
2025-10-04 00:00:00,8.765243920786176
2025-10-04 01:00:00,6.357332051729005
2025-10-04 02:00:00,8.016450716319426
2025-10-04 03:00:00,7.594241260860676
2025-10-04 04:00:00,7.584386309544242
2025-10-04 05:00:00,6.661699876101233
2025-10-04 06:00:00,5.9744615933912995
2025-10-04 07:00:00,5.729443397006072
2025-10-04 08:00:00,5.671803777494615
2025-10-04 09:00:00,7.1233737565787365
2025-10-04 10:00:00,9.202294706107674
2025-10-04 11:00:00,9.054907347714044
2025-10-04 12:00:00,5.837020859251539
2025-10-04 13:00:00,2.2904671623556583
2025-10-04 14:00:00,3.5155075385562684
2025-10-04 15:00:00,4.329416633429075
2025-10-04 16:00:00,5.927061419393234
2025-10-04 17:00:00,8.882472956743621
2025-10-04 18:00:00,7.129448249237932
2025-10-04 19:00:00,6.147557116652879
2025-10-04 20:00:00,5.93151677297729
2025-10-04 21:00:00,7.480565435044791
2025-10-04 22:00:00,6.344294987708297
2025-10-04 23:00:00,5.851498300811916
2025-10-05 00:00:00,5.624193511078613
2025-10-05 01:00:00,5.807000235473112
2025-10-05 02:00:00,6.514347685237163
2025-10-05 03:00:00,5.327392257056402
2025-10-05 04:00:00,5.797108024554734
2025-10-05 05:00:00,6.812838744625339
2025-10-05 06:00:00,7.269156389136378
2025-10-05 07:00:00,6.098263278229138
2025-10-05 08:00:00,4.211283922824597
2025-10-05 09:00:00,3.699053378273579
2025-10-05 10:00:00,3.518246392662762
2025-10-05 11:00:00,2.9669862632468633
2025-10-05 12:00:00,2.7618336210576606
2025-10-05 13:00:00,3.621717450994576
2025-10-05 14:00:00,3.981631302452634
2025-10-05 15:00:00,3.685396415629961
2025-10-05 16:00:00,5.0408007922248155
2025-10-05 17:00:00,6.365199676676246
2025-10-05 18:00:00,5.349268302177655
2025-10-05 19:00:00,5.3163856926896935
2025-10-05 20:00:00,3.6271868447292164
2025-10-05 21:00:00,4.452520546241899
2025-10-05 22:00:00,3.451297466733412
2025-10-05 23:00:00,3.741979451367264
2025-10-06 00:00:00,5.06840163381831
2025-10-06 01:00:00,5.214923220765666
2025-10-06 02:00:00,4.694288858196881
2025-10-06 03:00:00,4.497418638668023
2025-10-06 04:00:00,5.042273552816778
2025-10-06 05:00:00,6.435736013898167
2025-10-06 06:00:00,3.4387797744855035
2025-10-06 07:00:00,3.645774256196171
2025-10-06 08:00:00,4.261712447507007
2025-10-06 09:00:00,5.14899573976445
2025-10-06 10:00:00,18.93705329429798
2025-10-06 11:00:00,16.261634422400544
2025-10-06 12:00:00,15.722314877815293
2025-10-06 13:00:00,14.708394430582386
2025-10-06 14:00:00,12.288869468374392
2025-10-06 15:00:00,6.485128032096796
2025-10-06 16:00:00,7.126600200053078
2025-10-06 17:00:00,12.876062547108171
2025-10-06 18:00:00,14.105766990551446
2025-10-06 19:00:00,22.65995724691629
2025-10-06 20:00:00,22.109051604719408
2025-10-06 21:00:00,38.59921605769463
2025-10-06 22:00:00,34.041946145662344
2025-10-06 23:00:00,29.52836242826967
2025-10-07 00:00:00,33.200714078171266
2025-10-07 01:00:00,35.264683839317875
2025-10-07 02:00:00,41.098642028355926
2025-10-07 03:00:00,36.255512578679316
2025-10-07 04:00:00,30.203226060504264
2025-10-07 05:00:00,26.918032727052445
2025-10-07 06:00:00,28.300537853833237
2025-10-07 07:00:00,15.305766436384864
2025-10-07 08:00:00,6.374329876320576
2025-10-07 09:00:00,5.494560487090104
2025-10-07 10:00:00,7.047813101834972
2025-10-07 11:00:00,4.0646875686906245
2025-10-07 12:00:00,3.3193621192642824
2025-10-07 13:00:00,3.382806962063819
2025-10-07 14:00:00,5.486036817837388
2025-10-07 15:00:00,5.3588465274021635
2025-10-07 16:00:00,5.365729091253405
2025-10-07 17:00:00,6.882561747433895
2025-10-07 18:00:00,6.994143567125143
2025-10-07 19:00:00,11.679709284107439
2025-10-07 20:00:00,7.94652680577145
2025-10-07 21:00:00,4.967511279730688
2025-10-07 22:00:00,4.481631175522626
2025-10-07 23:00:00,3.8908133685450954
2025-10-08 00:00:00,6.220313727166657
2025-10-08 01:00:00,6.743924519082726
2025-10-08 02:00:00,8.574812247256684
2025-10-08 03:00:00,9.121883379068423
2025-10-08 04:00:00,8.25818311374533
2025-10-08 05:00:00,9.421185257139308
2025-10-08 06:00:00,9.771786744462242
2025-10-08 07:00:00,8.640327711143646
2025-10-08 08:00:00,11.758397090218876
2025-10-08 09:00:00,8.73354421812009
2025-10-08 10:00:00,5.776725799471599
2025-10-08 11:00:00,3.0836841952499388
2025-10-08 12:00:00,1.916220769019159
2025-10-08 13:00:00,5.29215604382061
2025-10-08 14:00:00,5.909276819835533
2025-10-08 15:00:00,6.039184000291731
2025-10-08 16:00:00,7.721423425113033
2025-10-08 17:00:00,7.795611383014772
2025-10-08 18:00:00,7.309041659665343
2025-10-08 19:00:00,7.106669129732598
2025-10-08 20:00:00,7.50656434120266
2025-10-08 21:00:00,8.078690964610688
2025-10-08 22:00:00,4.374210864465051
2025-10-08 23:00:00,4.713160464662287
2025-10-09 00:00:00,7.5752065675465285
2025-10-09 01:00:00,5.995480477262032
2025-10-09 02:00:00,5.25765777725176
2025-10-09 03:00:00,5.200437994452221
2025-10-09 04:00:00,7.839082718359019
2025-10-09 05:00:00,6.028159100755735
2025-10-09 06:00:00,7.048637652862043
2025-10-09 07:00:00,5.6044077376915595
2025-10-09 08:00:00,4.110115415827928
2025-10-09 09:00:00,5.350498541918636
2025-10-09 10:00:00,2.8195323432020256
2025-10-09 11:00:00,0.7887330194088071
2025-10-09 12:00:00,0.1893824236827114
2025-10-09 13:00:00,0.26933747912400613
2025-10-09 14:00:00,0.8113896905837252
2025-10-09 15:00:00,1.0429188962089455
2025-10-09 16:00:00,2.3420806327131984
2025-10-09 17:00:00,5.465483456976745
2025-10-09 18:00:00,5.050554914066913
2025-10-09 19:00:00,5.772964538044709
2025-10-09 20:00:00,16.92964739273061
2025-10-09 21:00:00,12.996525354379164
2025-10-09 22:00:00,9.305327114907833
2025-10-09 23:00:00,7.487287866029071
2025-10-10 00:00:00,10.756629737098796
2025-10-10 01:00:00,9.126615249930815
2025-10-10 02:00:00,12.680191800787501
2025-10-10 03:00:00,9.417520327102594
2025-10-10 04:00:00,5.978900807572149
2025-10-10 05:00:00,5.433262067616679
2025-10-10 06:00:00,7.633738128129539
2025-10-10 07:00:00,4.468626388475489
2025-10-10 08:00:00,5.231864565500781
2025-10-10 09:00:00,3.8367095894572083
2025-10-10 10:00:00,4.251568380408656
2025-10-10 11:00:00,0.8918978265111305
2025-10-10 12:00:00,0.1292119542321825
2025-10-10 13:00:00,0.28846002057156134
2025-10-10 14:00:00,1.952468608698702
2025-10-10 15:00:00,0.4532042955106481
2025-10-10 16:00:00,3.936286266010293
2025-10-10 17:00:00,5.218444172437648
2025-10-10 18:00:00,5.003555632029407
2025-10-10 19:00:00,4.35499546735618
2025-10-10 20:00:00,5.243189058672469
2025-10-10 21:00:00,4.409145961311878
2025-10-10 22:00:00,6.098051918707266
2025-10-10 23:00:00,4.349064731109075
2025-10-11 00:00:00,4.808938898567829
2025-10-11 01:00:00,3.988531938720048
2025-10-11 02:00:00,4.740976892026949
2025-10-11 03:00:00,4.331710347368136
2025-10-11 04:00:00,5.276833398523141
2025-10-11 05:00:00,4.151925280754634
2025-10-11 06:00:00,4.750786068619672
2025-10-11 07:00:00,3.706687880531619
2025-10-11 08:00:00,4.7867880356080414
2025-10-11 09:00:00,1.7682944778461738
2025-10-11 10:00:00,2.640084274820135
2025-10-11 11:00:00,1.447554586628328
2025-10-11 12:00:00,2.288557995369647
2025-10-11 13:00:00,2.6458217717342336
2025-10-11 14:00:00,2.3447026156008524
2025-10-11 15:00:00,3.579764148989946
2025-10-11 16:00:00,3.7259656233269243
2025-10-11 17:00:00,6.4715339028478525
2025-10-11 18:00:00,8.722078858752656
2025-10-11 19:00:00,7.110047531215528
2025-10-11 20:00:00,6.235623121540348
2025-10-11 21:00:00,7.1896905680396666
2025-10-11 22:00:00,6.13123815658773
2025-10-11 23:00:00,6.47946319201991
2025-10-12 00:00:00,6.303777621048916
2025-10-12 01:00:00,6.581098962243838
2025-10-12 02:00:00,6.6247925577802595
2025-10-12 03:00:00,10.584124582870556
2025-10-12 04:00:00,6.730869612709052
2025-10-12 05:00:00,8.877248695124136
2025-10-12 06:00:00,10.128050166116347
2025-10-12 07:00:00,8.768714477575454
2025-10-12 08:00:00,11.117482246755635
2025-10-12 09:00:00,8.698216483663437
2025-10-12 10:00:00,6.995861633868605
2025-10-12 11:00:00,7.040721131381962
2025-10-12 12:00:00,6.55371196076074
2025-10-12 13:00:00,4.944687592531945
2025-10-12 14:00:00,4.07303326986778
2025-10-12 15:00:00,4.32239394875875
2025-10-12 16:00:00,6.544680731634104
2025-10-12 17:00:00,10.721323855621527
2025-10-12 18:00:00,8.632846908528403
2025-10-12 19:00:00,10.514291580216762
2025-10-12 20:00:00,8.406996106971967
2025-10-12 21:00:00,6.352430572572356
2025-10-12 22:00:00,5.550345431026595
2025-10-12 23:00:00,6.445204569643093
2025-10-13 00:00:00,9.568454282932201
2025-10-13 01:00:00,10.150486304045758
2025-10-13 02:00:00,9.088970593269705
2025-10-13 03:00:00,5.598466452269219
2025-10-13 04:00:00,7.32063582969934
2025-10-13 05:00:00,6.219248672215101
2025-10-13 06:00:00,6.163251810524078
2025-10-13 07:00:00,4.635327815868124
2025-10-13 08:00:00,6.5440237919398605
2025-10-13 09:00:00,4.049680514735509
2025-10-13 10:00:00,5.016235507794453
2025-10-13 11:00:00,7.436832534676285
2025-10-13 12:00:00,7.299501401420103
2025-10-13 13:00:00,12.957681376909322
2025-10-13 14:00:00,20.211910508427763
2025-10-13 15:00:00,20.739707470793988
2025-10-13 16:00:00,36.87321186466962
2025-10-13 17:00:00,33.499150745293406
2025-10-13 18:00:00,33.92227630071831
2025-10-13 19:00:00,22.51067004849863
2025-10-13 20:00:00,11.346346975451018
2025-10-13 21:00:00,10.275237177091546
2025-10-13 22:00:00,10.446380035116542
2025-10-13 23:00:00,10.642310297244052
2025-10-14 00:00:00,9.157965869567592
2025-10-14 01:00:00,10.910726210838838
2025-10-14 02:00:00,12.73787671850544
2025-10-14 03:00:00,16.35301053829025
2025-10-14 04:00:00,15.583986763653009
2025-10-14 05:00:00,11.848248325364299
2025-10-14 06:00:00,12.209294823975613
2025-10-14 07:00:00,11.028790541160413
2025-10-14 08:00:00,10.099429351736166
2025-10-14 09:00:00,7.630006227034724
2025-10-14 10:00:00,6.983954793431627
2025-10-14 11:00:00,4.101130766838442
2025-10-14 12:00:00,4.433979342780972
2025-10-14 13:00:00,2.9810299506195097
2025-10-14 14:00:00,3.0283773049929903
2025-10-14 15:00:00,2.870313656679525
2025-10-14 16:00:00,2.7657972562996087
2025-10-14 17:00:00,2.81706164443056
2025-10-14 18:00:00,3.3134953077844567
2025-10-14 19:00:00,3.950262298880469
2025-10-14 20:00:00,4.394011956286445
2025-10-14 21:00:00,4.448326846822513
2025-10-14 22:00:00,4.4768737761866255
2025-10-14 23:00:00,5.608329910089777
2025-10-15 00:00:00,5.4572517337480315
2025-10-15 01:00:00,5.863579047933853
2025-10-15 02:00:00,5.406500568602049
2025-10-15 03:00:00,5.2550064135096
2025-10-15 04:00:00,4.917401908905861
2025-10-15 05:00:00,9.336766867809443
2025-10-15 06:00:00,6.933226230101611
2025-10-15 07:00:00,4.852449339043722
2025-10-15 08:00:00,4.573502881970507
2025-10-15 09:00:00,3.4290293795059235
2025-10-15 10:00:00,3.251628605604887
2025-10-15 11:00:00,3.513437933363827
2025-10-15 12:00:00,2.8367535048482315
2025-10-15 13:00:00,3.123538668682168
2025-10-15 14:00:00,2.687548539902296
2025-10-15 15:00:00,3.781455392145855
2025-10-15 16:00:00,5.17049924762565
2025-10-15 17:00:00,3.6994828422843136
2025-10-15 18:00:00,5.3503865492949245
2025-10-15 19:00:00,5.327701539761069
2025-10-15 20:00:00,7.489511025705745
2025-10-15 21:00:00,7.449168486357754
2025-10-15 22:00:00,5.80977784710767
2025-10-15 23:00:00,6.828896221989698
2025-10-16 00:00:00,27.2812705583982
2025-10-16 01:00:00,35.68618875901656
2025-10-16 02:00:00,36.019988159361084
2025-10-16 03:00:00,29.76662205114437
2025-10-16 04:00:00,34.50693983420644
2025-10-16 05:00:00,39.658889657769144
2025-10-16 06:00:00,25.122567185023126
2025-10-16 07:00:00,12.99276258078094
2025-10-16 08:00:00,7.921396327920702
2025-10-16 09:00:00,8.452678670929227
2025-10-16 10:00:00,12.646016602427473
2025-10-16 11:00:00,9.548015018483813
2025-10-16 12:00:00,8.85105902670278
2025-10-16 13:00:00,13.459451156593545
2025-10-16 14:00:00,7.578395178453464
2025-10-16 15:00:00,7.690031551950524
2025-10-16 16:00:00,9.161777873856916
2025-10-16 17:00:00,7.1620257981103554
2025-10-16 18:00:00,7.309378877718815
2025-10-16 19:00:00,7.428098985860952
2025-10-16 20:00:00,7.400308612992752
2025-10-16 21:00:00,8.177334969567696
2025-10-16 22:00:00,6.191290704819105
2025-10-16 23:00:00,5.97049123786368
2025-10-17 00:00:00,5.065748178375286
2025-10-17 01:00:00,5.044274796185073
2025-10-17 02:00:00,6.519564219084858
2025-10-17 03:00:00,5.699789469306878
2025-10-17 04:00:00,5.885085463176983
2025-10-17 05:00:00,5.9099369656021965
2025-10-17 06:00:00,4.911198529565392
2025-10-17 07:00:00,4.497098379873961
2025-10-17 08:00:00,4.684795185903907
2025-10-17 09:00:00,4.442382147627453
2025-10-17 10:00:00,3.620806785701483
2025-10-17 11:00:00,0.7826021100031009
2025-10-17 12:00:00,1.1402728194902996
2025-10-17 13:00:00,0.1752676035977272
2025-10-17 14:00:00,0.08056047372163144
2025-10-17 15:00:00,0.5727860615048076
2025-10-17 16:00:00,2.050580791271049
2025-10-17 17:00:00,3.5856843517287174
2025-10-17 18:00:00,6.869326928145837
2025-10-17 19:00:00,9.385574395982335
2025-10-17 20:00:00,11.280489026169734
2025-10-17 21:00:00,12.108600222925967
2025-10-17 22:00:00,30.43474524598261
2025-10-17 23:00:00,22.783732895014236
2025-10-18 00:00:00,3.672749671079617
2025-10-18 01:00:00,8.008581617940395
2025-10-18 02:00:00,11.474728225063945
2025-10-18 03:00:00,17.239899224636112
2025-10-18 04:00:00,16.708848220053444
2025-10-18 05:00:00,13.581226048468052
2025-10-18 06:00:00,16.274464424940547
2025-10-18 07:00:00,21.703770598058956
2025-10-18 08:00:00,17.86175024563099
2025-10-18 09:00:00,11.35423400523446
2025-10-18 10:00:00,13.40218625940914
2025-10-18 11:00:00,12.173568547661244
2025-10-18 12:00:00,25.976515403038636
2025-10-18 13:00:00,22.97874745308206
2025-10-18 14:00:00,22.46236903678438
2025-10-18 15:00:00,12.741715843038032
2025-10-18 16:00:00,12.844534028445857
2025-10-18 17:00:00,9.281430532908994
2025-10-18 18:00:00,12.510221837187757
2025-10-18 19:00:00,18.532669566135826
2025-10-18 20:00:00,17.106782861334793
2025-10-18 21:00:00,15.603144808984844
2025-10-18 22:00:00,14.855094938810609
2025-10-18 23:00:00,12.314280073991464
2025-10-19 00:00:00,12.998526146815065
2025-10-19 01:00:00,6.992860298862367
2025-10-19 02:00:00,7.9481272874152715
2025-10-19 03:00:00,9.886090433173152
2025-10-19 04:00:00,9.894312387826991
2025-10-19 05:00:00,10.70615626620111
2025-10-19 06:00:00,8.881573593959184
2025-10-19 07:00:00,8.767224571694284
2025-10-19 08:00:00,4.894089893193793
2025-10-19 09:00:00,3.6776385034499026
2025-10-19 10:00:00,3.097786092677145
2025-10-19 11:00:00,4.061552547165078
2025-10-19 12:00:00,2.99003782737205
2025-10-19 13:00:00,3.0731116388018394
2025-10-19 14:00:00,7.834115266688675
2025-10-19 15:00:00,8.661967412362184
2025-10-19 16:00:00,14.771703210028084
2025-10-19 17:00:00,14.896782811361305
2025-10-19 18:00:00,19.762877266989896
2025-10-19 19:00:00,37.91444823431866
2025-10-19 20:00:00,43.75823487561657
2025-10-19 21:00:00,45.904641824445996
2025-10-19 22:00:00,42.01508020873726
2025-10-19 23:00:00,45.024533406200945
2025-10-20 00:00:00,40.89801657906304
2025-10-20 01:00:00,44.58535771100415
2025-10-20 02:00:00,44.16644215778258
2025-10-20 03:00:00,50.06671979960155
2025-10-20 04:00:00,53.01160805151525
2025-10-20 05:00:00,43.70321870639963
2025-10-20 06:00:00,39.31990423183224
2025-10-20 07:00:00,26.976560211557516
2025-10-20 08:00:00,31.410452485833382
2025-10-20 09:00:00,25.697818186093876
2025-10-20 10:00:00,14.679104119850166
2025-10-20 11:00:00,11.640582780548987
2025-10-20 12:00:00,15.170814690518784
2025-10-20 13:00:00,14.064499095256464
2025-10-20 14:00:00,15.405679260969613
2025-10-20 15:00:00,13.75291539859946
2025-10-20 16:00:00,17.66284216422493
2025-10-20 17:00:00,20.24879575332337
2025-10-20 18:00:00,31.7612155522325
2025-10-20 19:00:00,38.932822715235794
2025-10-20 20:00:00,34.77019162656396
2025-10-20 21:00:00,33.59314311981442
2025-10-20 22:00:00,34.643865898312264
2025-10-20 23:00:00,34.525849174074
2025-10-21 00:00:00,34.84147272348535
2025-10-21 01:00:00,32.57267399446167
2025-10-21 02:00:00,37.287626119684965
2025-10-21 03:00:00,35.77949678879144
2025-10-21 04:00:00,36.89114277760858
2025-10-21 05:00:00,33.86365159736503
2025-10-21 06:00:00,36.579677404094504
2025-10-21 07:00:00,26.344060800540547
2025-10-21 08:00:00,24.27768899048393
2025-10-21 09:00:00,13.450287313565571
2025-10-21 10:00:00,9.684480638739887
2025-10-21 11:00:00,8.05331263672039
2025-10-21 12:00:00,10.06435069090784
2025-10-21 13:00:00,13.303093367542093
2025-10-21 14:00:00,20.460036546299058
2025-10-21 15:00:00,23.618624917712953
2025-10-21 16:00:00,22.908991431427104
2025-10-21 17:00:00,22.820321605609323
2025-10-21 18:00:00,27.47917377497566
2025-10-21 19:00:00,30.968947129722473
2025-10-21 20:00:00,37.800140093822385
2025-10-21 21:00:00,32.56372475939304
2025-10-21 22:00:00,29.890536710442092
2025-10-21 23:00:00,32.46449693235435
2025-10-22 00:00:00,20.965966389328248
2025-10-22 01:00:00,23.71881034737526
2025-10-22 02:00:00,17.95689400844927
2025-10-22 03:00:00,12.121016284039959
2025-10-22 04:00:00,8.501691233636056
2025-10-22 05:00:00,10.875406009042583
2025-10-22 06:00:00,16.243038821875754
2025-10-22 07:00:00,10.630919104443292
2025-10-22 08:00:00,12.285087639645287
2025-10-22 09:00:00,11.529410493395853
2025-10-22 10:00:00,5.885421099179261
2025-10-22 11:00:00,3.3500326737542077
2025-10-22 12:00:00,1.4367301234953014
2025-10-22 13:00:00,0.8530719202875697
2025-10-22 14:00:00,1.8290342925647087
2025-10-22 15:00:00,1.9314520750162185
2025-10-22 16:00:00,5.627281022201344
2025-10-22 17:00:00,5.32268952630163
2025-10-22 18:00:00,8.545886524954215
2025-10-22 19:00:00,14.531185752443733
2025-10-22 20:00:00,11.560560001251048
2025-10-22 21:00:00,8.422192443301318
2025-10-22 22:00:00,5.385633347451892
2025-10-22 23:00:00,3.902208152814213
2025-10-23 00:00:00,5.292372420774344
2025-10-23 01:00:00,5.053864737064275
2025-10-23 02:00:00,6.160085164729012
2025-10-23 03:00:00,4.864486235424015
2025-10-23 04:00:00,7.196188747584106
2025-10-23 05:00:00,4.377927516932673
2025-10-23 06:00:00,5.263326322098384
2025-10-23 07:00:00,3.978063890295905
2025-10-23 08:00:00,2.745964625918589
2025-10-23 09:00:00,1.1751661352330423
2025-10-23 10:00:00,0.9646222204277495
2025-10-23 11:00:00,0.0
2025-10-23 12:00:00,0.19096480508463554
2025-10-23 13:00:00,0.8506308186695282
2025-10-23 14:00:00,3.1505322507571605
2025-10-23 15:00:00,2.2914637516117105
2025-10-23 16:00:00,3.54213540486499
2025-10-23 17:00:00,4.926609791004934
2025-10-23 18:00:00,7.5301383832775715
2025-10-23 19:00:00,10.346211778777864
2025-10-23 20:00:00,13.742974996243209
2025-10-23 21:00:00,10.925226504164295
2025-10-23 22:00:00,5.784494323552714
2025-10-23 23:00:00,5.83808351864997
2025-10-24 00:00:00,13.458076029765984
2025-10-24 01:00:00,8.19419271621621
2025-10-24 02:00:00,6.802668058168778
2025-10-24 03:00:00,16.54679671308301
2025-10-24 04:00:00,10.638566503367567
2025-10-24 05:00:00,9.984878502678468
2025-10-24 06:00:00,9.229905894175092
2025-10-24 07:00:00,9.67987370431935
2025-10-24 08:00:00,7.552119422516219
2025-10-24 09:00:00,4.15078547551443
2025-10-24 10:00:00,3.651912270591614
2025-10-24 11:00:00,2.9558300364024825
2025-10-24 12:00:00,1.484485487740382
2025-10-24 13:00:00,0.44179350912064475
2025-10-24 14:00:00,0.8209460575111253
2025-10-24 15:00:00,4.963178985834551
2025-10-24 16:00:00,4.250077718164713
2025-10-24 17:00:00,6.666528815764758
2025-10-24 18:00:00,8.15068470888881
2025-10-24 19:00:00,8.787758413788248
2025-10-24 20:00:00,9.542128651548987
2025-10-24 21:00:00,8.037106405470228
2025-10-24 22:00:00,8.297845086163004
2025-10-24 23:00:00,7.135635874647654
2025-10-25 00:00:00,3.859648833076626
2025-10-25 01:00:00,5.869558132422656
2025-10-25 02:00:00,10.274791569382806
2025-10-25 03:00:00,8.369876580317065
2025-10-25 04:00:00,9.887494210802968
2025-10-25 05:00:00,12.793825277278458
2025-10-25 06:00:00,10.14103207719337
2025-10-25 07:00:00,9.95026153981176
2025-10-25 08:00:00,11.695141740801764
2025-10-25 09:00:00,6.964798548385596
2025-10-25 10:00:00,7.155095047656234
2025-10-25 11:00:00,7.183874962796062
2025-10-25 12:00:00,4.554833420076596
2025-10-25 13:00:00,2.7388520648354127
2025-10-25 14:00:00,5.381972861343875
2025-10-25 15:00:00,5.612935946247925
2025-10-25 16:00:00,6.551780078928172
2025-10-25 17:00:00,7.887172086798266
2025-10-25 18:00:00,13.1886462388137
2025-10-25 19:00:00,21.35329500604842
2025-10-25 20:00:00,33.14854318163554
2025-10-25 21:00:00,36.65865913755598
2025-10-25 22:00:00,28.465762524516453
2025-10-25 23:00:00,21.60763746647586
2025-10-26 00:00:00,14.019201149367202
2025-10-26 01:00:00,22.51194963905609
2025-10-26 02:00:00,23.338407532084904
2025-10-26 03:00:00,20.909319411097567
2025-10-26 04:00:00,24.522732438326965
2025-10-26 05:00:00,27.46396938507675
2025-10-26 06:00:00,34.056125656753
2025-10-26 07:00:00,25.309764994846606
2025-10-26 08:00:00,27.76527504721116
2025-10-26 09:00:00,13.291892803523117
2025-10-26 10:00:00,10.464473513664485
2025-10-26 11:00:00,6.1936110991613305
2025-10-26 12:00:00,15.141487745010142
2025-10-26 13:00:00,15.160922130679783
2025-10-26 14:00:00,13.46096792635977
2025-10-26 15:00:00,11.8133222231815
2025-10-26 16:00:00,13.100216828599342
2025-10-26 17:00:00,13.287571882554808
2025-10-26 18:00:00,17.32713016561773
2025-10-26 19:00:00,25.973045048434056
2025-10-26 20:00:00,32.9411314273576
2025-10-26 21:00:00,36.86929748843027
2025-10-26 22:00:00,18.994343821080736
2025-10-26 23:00:00,21.775153718421393
2025-10-27 00:00:00,17.78475925087709
2025-10-27 01:00:00,53.46428065043382
2025-10-27 02:00:00,67.41336846880802
2025-10-27 03:00:00,69.73391651896145
2025-10-27 04:00:00,70.41762011312962
2025-10-27 05:00:00,68.22356934029844
2025-10-27 06:00:00,70.19379273534089
2025-10-27 07:00:00,44.251202394763645
2025-10-27 08:00:00,49.26310052726478
2025-10-27 09:00:00,37.82796349177836
2025-10-27 10:00:00,26.493443101633144
2025-10-27 11:00:00,12.138340897940225
2025-10-27 12:00:00,10.41091594118861
2025-10-27 13:00:00,18.061463107191955
2025-10-27 14:00:00,31.73657849885767
2025-10-27 15:00:00,38.54502516698559
2025-10-27 16:00:00,43.08470991990279
2025-10-27 17:00:00,43.1689209325882
2025-10-27 18:00:00,27.8557309994193
2025-10-27 19:00:00,35.562523643333996
2025-10-27 20:00:00,40.366368878442835
2025-10-27 21:00:00,40.454341303973216
2025-10-27 22:00:00,39.36564254253319
2025-10-27 23:00:00,33.23084417216083
2025-10-28 00:00:00,25.49128130593406
2025-10-28 01:00:00,34.994621059366814
2025-10-28 02:00:00,34.438425824905345
2025-10-28 03:00:00,39.84092019710342
2025-10-28 04:00:00,38.53220990226955
2025-10-28 05:00:00,33.30161613505265
2025-10-28 06:00:00,26.486406026990014
2025-10-28 07:00:00,23.507774245279958
2025-10-28 08:00:00,21.36024764195226
2025-10-28 09:00:00,13.18659961537325
2025-10-28 10:00:00,13.362163794843841
2025-10-28 11:00:00,13.432903848151177
2025-10-28 12:00:00,11.628027737341876
2025-10-28 13:00:00,8.144720767238573
2025-10-28 14:00:00,8.795207785503209
2025-10-28 15:00:00,8.798046356671653
2025-10-28 16:00:00,10.05787994756954
2025-10-28 17:00:00,9.05359830417821
2025-10-28 18:00:00,10.684117392119838
2025-10-28 19:00:00,11.318183877702095
2025-10-28 20:00:00,9.051588255695478
2025-10-28 21:00:00,6.860572230457109
2025-10-28 22:00:00,5.56840060234164
2025-10-28 23:00:00,6.156586644574182
2025-10-29 00:00:00,9.433915692129744
2025-10-29 01:00:00,8.070295003510562
2025-10-29 02:00:00,8.110061372214465
2025-10-29 03:00:00,8.969764787492783
2025-10-29 04:00:00,9.873973226282114
2025-10-29 05:00:00,7.7266437853331045
2025-10-29 06:00:00,7.323720359082323
2025-10-29 07:00:00,8.496987703535801
2025-10-29 08:00:00,8.691214410745832
2025-10-29 09:00:00,6.369943910353996
2025-10-29 10:00:00,6.1046076505868
2025-10-29 11:00:00,0.12875123589079318
2025-10-29 12:00:00,0.0
2025-10-29 13:00:00,0.0
2025-10-29 14:00:00,0.0
2025-10-29 15:00:00,0.0
2025-10-29 16:00:00,2.460412318340743
2025-10-29 17:00:00,5.77262884531794
2025-10-29 18:00:00,7.456041812291745
2025-10-29 19:00:00,9.378712286569797
2025-10-29 20:00:00,9.302373102829684
2025-10-29 21:00:00,3.359062039026767
2025-10-29 22:00:00,3.2878338823220994
2025-10-29 23:00:00,3.4384301989939305
2025-10-30 00:00:00,11.970900150757956
2025-10-30 01:00:00,10.206783513354253
2025-10-30 02:00:00,7.070394182711081
2025-10-30 03:00:00,5.310878663054088
2025-10-30 04:00:00,5.591566286211474
2025-10-30 05:00:00,4.498830231600067
2025-10-30 06:00:00,5.907871113484617
2025-10-30 07:00:00,5.153530251897006
2025-10-30 08:00:00,5.216262876804555
2025-10-30 09:00:00,3.697644172857085
2025-10-30 10:00:00,1.4377895986196323
2025-10-30 11:00:00,0.0
2025-10-30 12:00:00,0.0
2025-10-30 13:00:00,0.0
2025-10-30 14:00:00,0.25866207361764393
2025-10-30 15:00:00,1.3928050963044953
2025-10-30 16:00:00,4.357321420304936
2025-10-30 17:00:00,6.776350242034571
2025-10-30 18:00:00,8.977053024247907
2025-10-30 19:00:00,14.26726400552221
2025-10-30 20:00:00,17.56614470178832
2025-10-30 21:00:00,7.450443823036821
2025-10-30 22:00:00,7.271248961254831
2025-10-30 23:00:00,5.498400623262365
2025-10-31 00:00:00,13.821255381101793
2025-10-31 01:00:00,14.93904181376995
2025-10-31 02:00:00,16.757547643295776
2025-10-31 03:00:00,15.06201177638168
2025-10-31 04:00:00,11.478899804750208
2025-10-31 05:00:00,15.062406746961885
2025-10-31 06:00:00,16.28017766158801
2025-10-31 07:00:00,13.768914717850691
2025-10-31 08:00:00,17.590357823375935
2025-10-31 09:00:00,15.20921295575186
2025-10-31 10:00:00,4.359396793886914
2025-10-31 11:00:00,2.0254873086489744
2025-10-31 12:00:00,2.627227431959827
2025-10-31 13:00:00,2.6154861638976623
2025-10-31 14:00:00,6.6827742782920305
2025-10-31 15:00:00,7.468011544563823
2025-10-31 16:00:00,9.027961025533017
2025-10-31 17:00:00,13.563809504881862
2025-10-31 18:00:00,20.61621803768381
2025-10-31 19:00:00,11.62944169357803
2025-10-31 20:00:00,15.298866301254643
2025-10-31 21:00:00,13.967314137186115
2025-10-31 22:00:00,12.977979577867602
2025-10-31 23:00:00,31.771800487937163
2025-11-01 00:00:00,13.7257764236228
2025-11-01 01:00:00,19.662545255535314
2025-11-01 02:00:00,22.135953209096844
2025-11-01 03:00:00,17.275241987029037
2025-11-01 04:00:00,15.458037565436728
2025-11-01 05:00:00,24.243305976258988
2025-11-01 06:00:00,33.473480969150316
2025-11-01 07:00:00,34.66006858630571
2025-11-01 08:00:00,27.187947533479722
2025-11-01 09:00:00,20.504794855153108
2025-11-01 10:00:00,44.34561083671162
2025-11-01 11:00:00,48.848731057165196
2025-11-01 12:00:00,49.039899313290384
2025-11-01 13:00:00,26.672448798678825
2025-11-01 14:00:00,12.139873930252202
2025-11-01 15:00:00,28.1819832729003
2025-11-01 16:00:00,20.45360678187765
2025-11-01 17:00:00,25.327876813094782
2025-11-01 18:00:00,21.203779263471024
2025-11-01 19:00:00,33.91061207860908
2025-11-01 20:00:00,31.922028811028415
2025-11-01 21:00:00,27.03536839080009
2025-11-01 22:00:00,27.665485503114148
2025-11-01 23:00:00,34.15738850507085
2025-11-02 00:00:00,33.27690630300617
2025-11-02 01:00:00,37.0704434184218
2025-11-02 02:00:00,43.18838279724568
2025-11-02 03:00:00,31.887539813769823
2025-11-02 04:00:00,26.813139543424057
2025-11-02 05:00:00,38.14625954403449
2025-11-02 06:00:00,29.53880159468101
2025-11-02 07:00:00,32.874623026817936
2025-11-02 08:00:00,40.42288891320121
2025-11-02 09:00:00,47.087288863615534
2025-11-02 10:00:00,56.89463931357499
2025-11-02 11:00:00,53.124625993795824
2025-11-02 12:00:00,49.37046862373253
2025-11-02 13:00:00,50.12032278389248
2025-11-02 14:00:00,54.61675730041906
2025-11-02 15:00:00,51.697008971349035
2025-11-02 16:00:00,54.01859808282116
2025-11-02 17:00:00,55.81218471498822
2025-11-02 18:00:00,49.10221034500205
2025-11-02 19:00:00,51.69060331294843
2025-11-02 20:00:00,52.48520336960246
2025-11-02 21:00:00,49.28129198228636
2025-11-02 22:00:00,50.27603937828031
2025-11-02 23:00:00,44.673329502402424
2025-11-03 00:00:00,48.787620154826186
2025-11-03 01:00:00,48.968959928342024
2025-11-03 02:00:00,47.82789549828031
2025-11-03 03:00:00,43.13453154083756
2025-11-03 04:00:00,35.935804217250094
2025-11-03 05:00:00,30.30465991658743
2025-11-03 06:00:00,12.559334370073751
2025-11-03 07:00:00,7.558168037420798
2025-11-03 08:00:00,15.582253285293328
2025-11-03 09:00:00,12.312975749138527
2025-11-03 10:00:00,7.995417454897338
2025-11-03 11:00:00,5.090589698173155
2025-11-03 12:00:00,1.058438837549444
2025-11-03 13:00:00,0.2790931596371124
2025-11-03 14:00:00,0.0
2025-11-03 15:00:00,0.9444649979625388
2025-11-03 16:00:00,2.293629026182609
2025-11-03 17:00:00,3.6208549513265904
2025-11-03 18:00:00,5.1124252844165134
2025-11-03 19:00:00,4.3293619547440025
2025-11-03 20:00:00,6.263853265893082
2025-11-03 21:00:00,6.846454501246079
2025-11-03 22:00:00,6.847867214329111
2025-11-03 23:00:00,3.7190796014481133
2025-11-04 00:00:00,6.255486886713679
2025-11-04 01:00:00,4.552358942986442
2025-11-04 02:00:00,7.0565631131691635
2025-11-04 03:00:00,6.844790541900014
2025-11-04 04:00:00,6.065886303034172
2025-11-04 05:00:00,7.346530836583077
2025-11-04 06:00:00,5.693409012262542
2025-11-04 07:00:00,6.086933759642516
2025-11-04 08:00:00,6.758950891355251
2025-11-04 09:00:00,4.101715626906617
2025-11-04 10:00:00,0.7452940747275182
2025-11-04 11:00:00,0.028860404135107487
2025-11-04 12:00:00,0.4343171912812985
2025-11-04 13:00:00,0.9363361276318045
2025-11-04 14:00:00,0.0
2025-11-04 15:00:00,1.3265747134155286
2025-11-04 16:00:00,2.480542342005766
2025-11-04 17:00:00,3.963828513820242
2025-11-04 18:00:00,9.22964742024141
2025-11-04 19:00:00,8.604550034794437
2025-11-04 20:00:00,7.747511089620189
2025-11-04 21:00:00,6.711571353877565
2025-11-04 22:00:00,3.6893321889460133
2025-11-04 23:00:00,4.312829733328406
2025-11-05 00:00:00,5.13139101811026
2025-11-05 01:00:00,6.702037816212644
2025-11-05 02:00:00,6.552091201853258
2025-11-05 03:00:00,9.905393500873112
2025-11-05 04:00:00,6.149018328876263
2025-11-05 05:00:00,8.288947436082644
2025-11-05 06:00:00,10.653629687125388
2025-11-05 07:00:00,10.938892015518944
2025-11-05 08:00:00,7.8565540802995155
2025-11-05 09:00:00,3.9960342980706214
2025-11-05 10:00:00,2.6291556907921603
2025-11-05 11:00:00,2.28099272261042
2025-11-05 12:00:00,1.2656572920745441
2025-11-05 13:00:00,0.22554004548618323
2025-11-05 14:00:00,0.5718404768844805
2025-11-05 15:00:00,2.8790915863017097
2025-11-05 16:00:00,4.59774573900751
2025-11-05 17:00:00,7.707155050339169
2025-11-05 18:00:00,9.338046347155515
2025-11-05 19:00:00,10.954472383964262
2025-11-05 20:00:00,12.422023144342472
2025-11-05 21:00:00,8.832988406319556
2025-11-05 22:00:00,9.638687136610391
2025-11-05 23:00:00,10.077587318986534
2025-11-06 00:00:00,9.69213540423317
2025-11-06 01:00:00,12.876308888522809
2025-11-06 02:00:00,13.280347358144967
2025-11-06 03:00:00,10.72648530906126
2025-11-06 04:00:00,13.881375604855668
2025-11-06 05:00:00,12.362590026861417
2025-11-06 06:00:00,8.081448470679035
2025-11-06 07:00:00,8.655060670938926
2025-11-06 08:00:00,10.849955777801934
2025-11-06 09:00:00,9.575532011098044
2025-11-06 10:00:00,7.32331012735581
2025-11-06 11:00:00,4.651781041694008
2025-11-06 12:00:00,1.9808892400735996
2025-11-06 13:00:00,2.7068695032224053
2025-11-06 14:00:00,5.8142628930626055
2025-11-06 15:00:00,6.566088885838108
2025-11-06 16:00:00,5.66365316911906
2025-11-06 17:00:00,7.6208427057699835
2025-11-06 18:00:00,12.245956991057772
2025-11-06 19:00:00,16.0016266761564
2025-11-06 20:00:00,12.246300287147152
2025-11-06 21:00:00,10.205912651203933
2025-11-06 22:00:00,6.681260595330539
2025-11-06 23:00:00,7.26991445455073
2025-11-07 00:00:00,6.222211197517774
2025-11-07 01:00:00,8.291031958098833
2025-11-07 02:00:00,8.343475894556105
2025-11-07 03:00:00,7.325122265809148
2025-11-07 04:00:00,4.1952396385332795
2025-11-07 05:00:00,4.570873952344928
2025-11-07 06:00:00,4.045615611822716
2025-11-07 07:00:00,3.8296219392414197
2025-11-07 08:00:00,4.860288769975092
2025-11-07 09:00:00,3.384329358678132
2025-11-07 10:00:00,1.361101376357176
2025-11-07 11:00:00,0.0
2025-11-07 12:00:00,0.0
2025-11-07 13:00:00,0.0
2025-11-07 14:00:00,0.0
2025-11-07 15:00:00,0.6351131053485323
2025-11-07 16:00:00,1.4649684108762147
2025-11-07 17:00:00,3.8241659086641486
2025-11-07 18:00:00,5.976159061646207
2025-11-07 19:00:00,2.779565639481824
2025-11-07 20:00:00,3.250325442637733
2025-11-07 21:00:00,4.288663410392346
2025-11-07 22:00:00,3.1780254984694416
2025-11-07 23:00:00,3.7914335265950805
2025-11-08 00:00:00,3.9531237527173264
2025-11-08 01:00:00,4.706725324412479
2025-11-08 02:00:00,7.3719336424030875
2025-11-08 03:00:00,5.057320910698233
2025-11-08 04:00:00,4.907941517811995
2025-11-08 05:00:00,3.9223147368608946
2025-11-08 06:00:00,6.525505285656859
2025-11-08 07:00:00,4.18139798483892
2025-11-08 08:00:00,3.4671631522436175
2025-11-08 09:00:00,2.9881438213403633
2025-11-08 10:00:00,3.4231123080545203
2025-11-08 11:00:00,1.0285409842688267
2025-11-08 12:00:00,1.0302408622366308
2025-11-08 13:00:00,2.1409852084878147
2025-11-08 14:00:00,2.703324207615178
2025-11-08 15:00:00,1.0168828598230035
2025-11-08 16:00:00,3.0460859099655333
2025-11-08 17:00:00,4.8619288239619065
2025-11-08 18:00:00,4.6975981705650645
2025-11-08 19:00:00,4.857085236307527
2025-11-08 20:00:00,5.422358226466168
2025-11-08 21:00:00,13.743925541117417
2025-11-08 22:00:00,17.81204006152336
2025-11-08 23:00:00,7.888240088901117
2025-11-09 00:00:00,4.3956870923642954
2025-11-09 01:00:00,7.035679979733931
2025-11-09 02:00:00,9.279109757400818
2025-11-09 03:00:00,7.649534781781516
2025-11-09 04:00:00,8.66255358846779
2025-11-09 05:00:00,15.734433059456286
2025-11-09 06:00:00,23.695028246629857
2025-11-09 07:00:00,24.93061262178403
2025-11-09 08:00:00,19.640050261131805
2025-11-09 09:00:00,18.179161025355526
2025-11-09 10:00:00,13.929488389929606
2025-11-09 11:00:00,11.590028029677265
2025-11-09 12:00:00,10.060681620103333
2025-11-09 13:00:00,17.724348870712245
2025-11-09 14:00:00,19.87315096132647
2025-11-09 15:00:00,29.618698590467403
2025-11-09 16:00:00,11.044749836085028
2025-11-09 17:00:00,10.513375536960435
2025-11-09 18:00:00,17.897629375044108
2025-11-09 19:00:00,17.779635981574362
2025-11-09 20:00:00,36.77144314134427
2025-11-09 21:00:00,42.02144921850569
2025-11-09 22:00:00,46.93387538079016
2025-11-09 23:00:00,55.26814479654226
2025-11-10 00:00:00,53.00390153269183
2025-11-10 01:00:00,48.81170144367427
2025-11-10 02:00:00,50.070373287454174
2025-11-10 03:00:00,50.65242064745627
2025-11-10 04:00:00,47.450121447727824
2025-11-10 05:00:00,36.41695700925156
2025-11-10 06:00:00,26.19371024044487
2025-11-10 07:00:00,40.67384484709726
2025-11-10 08:00:00,27.666136584805155
2025-11-10 09:00:00,31.91407180716948
2025-11-10 10:00:00,39.23449606606169
2025-11-10 11:00:00,33.21282317384028
2025-11-10 12:00:00,32.770954536194154
2025-11-10 13:00:00,25.91013783689747
2025-11-10 14:00:00,19.87540206791692
2025-11-10 15:00:00,18.00410249651765
2025-11-10 16:00:00,19.10204573731058
2025-11-10 17:00:00,14.068150957141995
2025-11-10 18:00:00,14.693097364636857
2025-11-10 19:00:00,23.47196847013644
2025-11-10 20:00:00,22.077837264889727
2025-11-10 21:00:00,18.603835498201658
2025-11-10 22:00:00,11.454926281335798
2025-11-10 23:00:00,12.562540969211398
2025-11-11 00:00:00,8.109514286417213
2025-11-11 01:00:00,13.05454157750888
2025-11-11 02:00:00,12.97898382575943
2025-11-11 03:00:00,15.324596651345514
2025-11-11 04:00:00,12.450923646499547
2025-11-11 05:00:00,16.003017374136487
2025-11-11 06:00:00,12.174888584430272
2025-11-11 07:00:00,8.19153111828407
2025-11-11 08:00:00,13.242948107224628
2025-11-11 09:00:00,11.259106797011079
2025-11-11 10:00:00,8.202312458233985
2025-11-11 11:00:00,3.489968525507443
2025-11-11 12:00:00,5.8247874456186155
2025-11-11 13:00:00,6.523593364577385
2025-11-11 14:00:00,6.353268493058546
2025-11-11 15:00:00,5.430575432241442
2025-11-11 16:00:00,7.769117667825068
2025-11-11 17:00:00,11.76864786233671
2025-11-11 18:00:00,15.620142458055831
2025-11-11 19:00:00,17.731469521673922
2025-11-11 20:00:00,15.267340411696205
2025-11-11 21:00:00,12.590452395905546
2025-11-11 22:00:00,6.374795253684873
2025-11-11 23:00:00,7.171744937342508
2025-11-12 00:00:00,10.592259889830308
2025-11-12 01:00:00,8.073431815119054
2025-11-12 02:00:00,11.584519521889654
2025-11-12 03:00:00,10.194681769270028
2025-11-12 04:00:00,9.245459886638404
2025-11-12 05:00:00,7.84600135159787
2025-11-12 06:00:00,8.6029110190231
2025-11-12 07:00:00,9.481110355442473
2025-11-12 08:00:00,16.97676985788054
2025-11-12 09:00:00,7.625582043833093
2025-11-12 10:00:00,3.5654553744662603
2025-11-12 11:00:00,1.3441019625170234
2025-11-12 12:00:00,1.720826999051491
2025-11-12 13:00:00,1.2709581761217927
2025-11-12 14:00:00,1.3760780817535199
2025-11-12 15:00:00,1.5259317288602656
2025-11-12 16:00:00,2.5870610769847997
2025-11-12 17:00:00,8.06179999754301
2025-11-12 18:00:00,10.277028411222771
2025-11-12 19:00:00,11.711789111768697
2025-11-12 20:00:00,10.43146915572858
2025-11-12 21:00:00,10.79765735788732
2025-11-12 22:00:00,9.150281834554054
2025-11-12 23:00:00,9.911037677268956
2025-11-13 00:00:00,8.995021694611363
2025-11-13 01:00:00,8.081726716966022
2025-11-13 02:00:00,14.289965556861347
2025-11-13 03:00:00,13.784156120678828
2025-11-13 04:00:00,13.95507436602984
2025-11-13 05:00:00,10.505759037603434
2025-11-13 06:00:00,12.672158544727113
2025-11-13 07:00:00,11.043313055510973
2025-11-13 08:00:00,12.144141206862928
2025-11-13 09:00:00,10.379961103601694
2025-11-13 10:00:00,6.857797623425107
2025-11-13 11:00:00,3.4941892853438157
2025-11-13 12:00:00,4.64897862365508
2025-11-13 13:00:00,2.1988982921862035
2025-11-13 14:00:00,4.020669973383271
2025-11-13 15:00:00,4.6572456162059614
2025-11-13 16:00:00,6.911487622207329
2025-11-13 17:00:00,19.043158576344453
2025-11-13 18:00:00,18.385851963368342
2025-11-13 19:00:00,27.65762224758033
2025-11-13 20:00:00,25.074167324812798
2025-11-13 21:00:00,26.747678181260035
2025-11-13 22:00:00,22.870628479644992
2025-11-13 23:00:00,23.441980391390533
2025-11-14 00:00:00,20.4341649949467
2025-11-14 01:00:00,26.514538809198324
2025-11-14 02:00:00,22.89585494546185
2025-11-14 03:00:00,18.704000256930964
2025-11-14 04:00:00,14.609237516179165
2025-11-14 05:00:00,17.107175237495056
2025-11-14 06:00:00,18.97446216912866
2025-11-14 07:00:00,11.794959310079022
2025-11-14 08:00:00,13.588953472082741
2025-11-14 09:00:00,13.990061230295833
2025-11-14 10:00:00,10.217150647698455
2025-11-14 11:00:00,9.622399116385361
2025-11-14 12:00:00,13.325870436043825
2025-11-14 13:00:00,11.71021815369029
2025-11-14 14:00:00,10.611686593250617
2025-11-14 15:00:00,10.225992866480336
2025-11-14 16:00:00,8.501068377282394
2025-11-14 17:00:00,11.225074874849396
2025-11-14 18:00:00,14.972319263423781
2025-11-14 19:00:00,18.515156176051185
2025-11-14 20:00:00,16.631420163270487
2025-11-14 21:00:00,18.036755924160303
2025-11-14 22:00:00,15.194065000459435
2025-11-14 23:00:00,7.808492880958447
2025-11-15 00:00:00,8.908037918954381
2025-11-15 01:00:00,5.251081757878854
2025-11-15 02:00:00,5.223882923967407
2025-11-15 03:00:00,5.200903379396452
2025-11-15 04:00:00,5.640213451538936
2025-11-15 05:00:00,5.578184367144519
2025-11-15 06:00:00,5.932820882032017
2025-11-15 07:00:00,5.825945862094412
2025-11-15 08:00:00,6.339355953419315
2025-11-15 09:00:00,4.955738353698653
2025-11-15 10:00:00,3.4835184937480363
2025-11-15 11:00:00,1.416636037757901
2025-11-15 12:00:00,0.09082215843856226
2025-11-15 13:00:00,0.0
2025-11-15 14:00:00,0.20220190641377708
2025-11-15 15:00:00,0.47843164281747347
2025-11-15 16:00:00,1.9320991818094277
2025-11-15 17:00:00,5.336767074272934
2025-11-15 18:00:00,7.002933447838821
2025-11-15 19:00:00,6.896872291572147
2025-11-15 20:00:00,9.019169949116563
2025-11-15 21:00:00,4.1266809133313265
2025-11-15 22:00:00,3.0576147366713724
2025-11-15 23:00:00,3.661933750776495
2025-11-16 00:00:00,7.042613665600781
2025-11-16 01:00:00,4.678176762856461
2025-11-16 02:00:00,5.635802238394554
2025-11-16 03:00:00,5.144140540647765
2025-11-16 04:00:00,7.0507501167254985
2025-11-16 05:00:00,7.998604048192347
2025-11-16 06:00:00,14.218327792741102
2025-11-16 07:00:00,11.34299865180753
2025-11-16 08:00:00,5.7441558789041345
2025-11-16 09:00:00,2.4425450112137823
2025-11-16 10:00:00,2.1162201973121744
2025-11-16 11:00:00,0.0
2025-11-16 12:00:00,1.3181876746183638
2025-11-16 13:00:00,1.572764366524394
2025-11-16 14:00:00,0.7056649044844723
2025-11-16 15:00:00,0.0
2025-11-16 16:00:00,3.1813642764577112
2025-11-16 17:00:00,7.037018209625544
2025-11-16 18:00:00,6.543747836400655
2025-11-16 19:00:00,2.871326653657121
2025-11-16 20:00:00,4.2247402391515365
2025-11-16 21:00:00,6.956896874477006
2025-11-16 22:00:00,10.309110616209782
2025-11-16 23:00:00,9.085369780000667
2025-11-17 00:00:00,9.059929491136874
2025-11-17 01:00:00,25.967292533191756
2025-11-17 02:00:00,33.91196567066219
2025-11-17 03:00:00,32.55873632016977
2025-11-17 04:00:00,35.025090763568166
2025-11-17 05:00:00,34.973660875414794
2025-11-17 06:00:00,37.984155674968065
2025-11-17 07:00:00,33.23768295198346
2025-11-17 08:00:00,31.28227878925558
2025-11-17 09:00:00,25.747463572226405
2025-11-17 10:00:00,24.153717230529548
2025-11-17 11:00:00,19.361804144380574
2025-11-17 12:00:00,23.07446803982688
2025-11-17 13:00:00,27.536779368939797
2025-11-17 14:00:00,22.32370079902588
2025-11-17 15:00:00,25.48591358879704
2025-11-17 16:00:00,31.799874328757593
2025-11-17 17:00:00,31.22327445749418
2025-11-17 18:00:00,39.747250035465655
2025-11-17 19:00:00,46.9724199026278
2025-11-17 20:00:00,49.636849542796895
2025-11-17 21:00:00,48.07896645237135
2025-11-17 22:00:00,49.477221967319664
2025-11-17 23:00:00,42.912247272660835
2025-11-18 00:00:00,51.489591178881476
2025-11-18 01:00:00,45.68406311636114
2025-11-18 02:00:00,48.68954543530645
2025-11-18 03:00:00,46.0518188757937
2025-11-18 04:00:00,36.788342036211205
2025-11-18 05:00:00,37.469532919749355
2025-11-18 06:00:00,39.51007421221446
2025-11-18 07:00:00,32.434098263182385
2025-11-18 08:00:00,27.961095583603164
2025-11-18 09:00:00,21.1784734314092
2025-11-18 10:00:00,21.975096529436186
2025-11-18 11:00:00,23.87304511263389
2025-11-18 12:00:00,28.42311280718204
2025-11-18 13:00:00,16.64056090797182
2025-11-18 14:00:00,14.24413636256741
2025-11-18 15:00:00,30.147900383358202
2025-11-18 16:00:00,14.451944308385485
2025-11-18 17:00:00,21.485267075277516
2025-11-18 18:00:00,20.329263828095126
2025-11-18 19:00:00,24.293757418626157
2025-11-18 20:00:00,43.18123315817768
2025-11-18 21:00:00,20.925911230986884
2025-11-18 22:00:00,28.2870282533113
2025-11-18 23:00:00,29.323236570949927
2025-11-19 00:00:00,19.937405790243073
2025-11-19 01:00:00,7.823589433609743
2025-11-19 02:00:00,16.070107958603426
2025-11-19 03:00:00,14.192167864281197
2025-11-19 04:00:00,23.108303653947296
2025-11-19 05:00:00,24.39468349459897
2025-11-19 06:00:00,16.436089182095195
2025-11-19 07:00:00,15.839023613608726
2025-11-19 08:00:00,14.583086284602738
2025-11-19 09:00:00,10.033056956733896
2025-11-19 10:00:00,7.328927296811927
2025-11-19 11:00:00,9.077416140557439
2025-11-19 12:00:00,7.235541436277105
2025-11-19 13:00:00,7.490695417113698
2025-11-19 14:00:00,8.226950668673595
2025-11-19 15:00:00,7.614513146241243
2025-11-19 16:00:00,8.546400376516454
2025-11-19 17:00:00,13.75393069705029
2025-11-19 18:00:00,10.258874441775221
2025-11-19 19:00:00,11.05228091152437
2025-11-19 20:00:00,9.278461817944907
2025-11-19 21:00:00,7.9925003155368834
2025-11-19 22:00:00,7.482015640387116
2025-11-19 23:00:00,10.008712092336726
2025-11-20 00:00:00,10.012239885000941
2025-11-20 01:00:00,8.748322085156095
2025-11-20 02:00:00,9.441363431740365
2025-11-20 03:00:00,8.283342963823618
2025-11-20 04:00:00,9.456533149071149
2025-11-20 05:00:00,10.777563989606055
2025-11-20 06:00:00,9.09766337668873
2025-11-20 07:00:00,9.070133859782835
2025-11-20 08:00:00,6.918774124491653
2025-11-20 09:00:00,5.869470110001641
2025-11-20 10:00:00,3.0464832464174596
2025-11-20 11:00:00,3.7320605735046524
2025-11-20 12:00:00,17.67937144036306
2025-11-20 13:00:00,10.702170683870454
2025-11-20 14:00:00,10.251809421771899
2025-11-20 15:00:00,15.411532879265456
2025-11-20 16:00:00,13.211955430706606
2025-11-20 17:00:00,17.516872728443257
2025-11-20 18:00:00,15.048554465018874
2025-11-20 19:00:00,17.72312557599901
2025-11-20 20:00:00,19.901360768993218
2025-11-20 21:00:00,25.909105547725673
2025-11-20 22:00:00,26.35694056019798
2025-11-20 23:00:00,34.35245443814606
2025-11-21 00:00:00,41.21147275038494
2025-11-21 01:00:00,31.194685900823057
2025-11-21 02:00:00,28.835524409423257
2025-11-21 03:00:00,10.996377969746753
2025-11-21 04:00:00,12.745820208501817
2025-11-21 05:00:00,11.334143416134527
2025-11-21 06:00:00,9.372328569727676
2025-11-21 07:00:00,12.964702786218336
2025-11-21 08:00:00,8.648926054952053
2025-11-21 09:00:00,6.920966001935554
2025-11-21 10:00:00,5.292166702001577
2025-11-21 11:00:00,4.861804289946727
2025-11-21 12:00:00,1.471429847741257
2025-11-21 13:00:00,0.9130680402198955
2025-11-21 14:00:00,7.280110772145482
2025-11-21 15:00:00,8.096905265976748
2025-11-21 16:00:00,7.564617556424567
2025-11-21 17:00:00,7.448374143823519
2025-11-21 18:00:00,6.996887118214188
2025-11-21 19:00:00,8.176848957633814
2025-11-21 20:00:00,10.429537248680116
2025-11-21 21:00:00,10.760112158982366
2025-11-21 22:00:00,15.789535838577034
2025-11-21 23:00:00,14.306186769667123
2025-11-22 00:00:00,9.6550991443341
2025-11-22 01:00:00,12.244403846348579
2025-11-22 02:00:00,12.87549779713923
2025-11-22 03:00:00,8.605960023821122
2025-11-22 04:00:00,10.986151349996298
2025-11-22 05:00:00,8.865414931848008
2025-11-22 06:00:00,9.674838971061723
2025-11-22 07:00:00,9.902535383048228
2025-11-22 08:00:00,7.0029925669340445
2025-11-22 09:00:00,3.865084254589852
2025-11-22 10:00:00,1.169095323178977
2025-11-22 11:00:00,0.41845926973280906
2025-11-22 12:00:00,0.7735974252072294
2025-11-22 13:00:00,0.0
2025-11-22 14:00:00,0.15249936343271261
2025-11-22 15:00:00,1.455137129237032
2025-11-22 16:00:00,6.070428594240622
2025-11-22 17:00:00,8.763917025250146
2025-11-22 18:00:00,6.89322641015408
2025-11-22 19:00:00,3.252701986107014
2025-11-22 20:00:00,6.170881036334786
2025-11-22 21:00:00,7.638139534979312
2025-11-22 22:00:00,5.758649761739094
2025-11-22 23:00:00,6.592507068651272
2025-11-23 00:00:00,4.733708170244403
2025-11-23 01:00:00,5.87700874609131
2025-11-23 02:00:00,6.697794733365286
2025-11-23 03:00:00,11.127958997854117
2025-11-23 04:00:00,14.785595964581521
2025-11-23 05:00:00,15.823827734116017
2025-11-23 06:00:00,11.468479616429654
2025-11-23 07:00:00,13.558103079762839
2025-11-23 08:00:00,5.731165543667979
2025-11-23 09:00:00,4.993547178898928
2025-11-23 10:00:00,13.883457292792864
2025-11-23 11:00:00,6.710477058770723
2025-11-23 12:00:00,7.42643246894418
2025-11-23 13:00:00,7.168244142016435
2025-11-23 14:00:00,7.008429429684645
2025-11-23 15:00:00,6.334288632559371
2025-11-23 16:00:00,9.563993602306848
2025-11-23 17:00:00,11.296508627932996
2025-11-23 18:00:00,18.89831086909109
2025-11-23 19:00:00,21.360901805068828
2025-11-23 20:00:00,23.641297088112477
2025-11-23 21:00:00,23.472919592267562
2025-11-23 22:00:00,26.07978145059613
2025-11-23 23:00:00,22.432754094142027
2025-11-24 00:00:00,13.741109387543823
2025-11-24 01:00:00,12.274324367428928
2025-11-24 02:00:00,11.400362778109967
2025-11-24 03:00:00,12.29092824935877
2025-11-24 04:00:00,19.830218318986375
2025-11-24 05:00:00,16.26412190375657
2025-11-24 06:00:00,21.28680043459453
2025-11-24 07:00:00,15.234327716523827
2025-11-24 08:00:00,13.738596592136881
2025-11-24 09:00:00,21.00840786740049
2025-11-24 10:00:00,14.668744271909212
2025-11-24 11:00:00,15.951400052844091
2025-11-24 12:00:00,12.963413315748616
2025-11-24 13:00:00,11.543129046591563
2025-11-24 14:00:00,10.514071926155228
2025-11-24 15:00:00,16.202349851728638
2025-11-24 16:00:00,14.760578645243026
2025-11-24 17:00:00,14.994922063431078
2025-11-24 18:00:00,15.547991563102418
2025-11-24 19:00:00,13.495354198133107
2025-11-24 20:00:00,16.921713997278637
2025-11-24 21:00:00,21.84762962117126
2025-11-24 22:00:00,23.213029980679696
2025-11-24 23:00:00,20.956305835973396
2025-11-25 00:00:00,19.89637606007648
2025-11-25 01:00:00,19.415745611133953
2025-11-25 02:00:00,24.753935648953696
2025-11-25 03:00:00,21.573130212514602
2025-11-25 04:00:00,22.408265938457603
2025-11-25 05:00:00,25.376294736663606
2025-11-25 06:00:00,26.445285486567645
2025-11-25 07:00:00,27.45986530842628
2025-11-25 08:00:00,57.42826089715205
2025-11-25 09:00:00,30.38719211074382
2025-11-25 10:00:00,43.85033356341121
2025-11-25 11:00:00,46.82488855201798
2025-11-25 12:00:00,57.04613768591015
2025-11-25 13:00:00,55.94593468092375
2025-11-25 14:00:00,47.19346601188843
2025-11-25 15:00:00,58.29883470765934
2025-11-25 16:00:00,59.45679560967564
2025-11-25 17:00:00,50.88489507447209
2025-11-25 18:00:00,51.30962142064132
2025-11-25 19:00:00,49.155768480218214
2025-11-25 20:00:00,53.49416254201883
2025-11-25 21:00:00,44.507630216028524
2025-11-25 22:00:00,39.28566308982831
2025-11-25 23:00:00,41.29385264516136
2025-11-26 00:00:00,34.39552975798116
2025-11-26 01:00:00,26.20985206206504
2025-11-26 02:00:00,29.85100933540336
2025-11-26 03:00:00,20.832001871310606
2025-11-26 04:00:00,12.308667987083485
2025-11-26 05:00:00,22.3685277591887
2025-11-26 06:00:00,13.318831505554014
2025-11-26 07:00:00,10.513922145081578
2025-11-26 08:00:00,6.234031191971141
2025-11-26 09:00:00,5.212728993282219
2025-11-26 10:00:00,5.16627741888174
2025-11-26 11:00:00,3.187479712853588
2025-11-26 12:00:00,3.0576283536919533
2025-11-26 13:00:00,2.422348238038152
2025-11-26 14:00:00,1.3637178227126405
2025-11-26 15:00:00,2.1772062735978785
2025-11-26 16:00:00,5.553418630513269
2025-11-26 17:00:00,10.750862776464722
2025-11-26 18:00:00,12.052050300610059
2025-11-26 19:00:00,10.289981025933775
2025-11-26 20:00:00,11.333222729424142
2025-11-26 21:00:00,6.813239051729269
2025-11-26 22:00:00,6.434331373307841
2025-11-26 23:00:00,6.957907131643819
2025-11-27 00:00:00,10.24704517933754
2025-11-27 01:00:00,17.0288342300092
2025-11-27 02:00:00,11.337590947790506
2025-11-27 03:00:00,26.23068878696942
2025-11-27 04:00:00,27.640461761225772
2025-11-27 05:00:00,39.238785897719055
2025-11-27 06:00:00,42.149490692725145
2025-11-27 07:00:00,32.892214620227705
2025-11-27 08:00:00,48.46793777192666
2025-11-27 09:00:00,48.52416260074627
2025-11-27 10:00:00,55.716095618717866
2025-11-27 11:00:00,55.53096387784843
2025-11-27 12:00:00,55.307114385885974
2025-11-27 13:00:00,54.02590707847048
2025-11-27 14:00:00,50.6724006235197
2025-11-27 15:00:00,52.157736659665524
2025-11-27 16:00:00,56.49000390301931
2025-11-27 17:00:00,55.12818396182377
2025-11-27 18:00:00,46.739440027440125
2025-11-27 19:00:00,56.02451282823326
2025-11-27 20:00:00,53.197344234213645
2025-11-27 21:00:00,57.283428271470115
2025-11-27 22:00:00,53.22483300568896
2025-11-27 23:00:00,54.53064784736825
2025-11-28 00:00:00,50.31293671269294
2025-11-28 01:00:00,58.625203901243964
2025-11-28 02:00:00,51.56473735948204
2025-11-28 03:00:00,55.37854078169165
2025-11-28 04:00:00,46.43399694301287
2025-11-28 05:00:00,48.568887359684894
2025-11-28 06:00:00,41.656393447071366
2025-11-28 07:00:00,33.10974965678337
2025-11-28 08:00:00,29.969100976517165
2025-11-28 09:00:00,18.33093027104374
2025-11-28 10:00:00,11.459513797382849
2025-11-28 11:00:00,6.704304374656978
2025-11-28 12:00:00,7.374433477582595
2025-11-28 13:00:00,7.248378729921441
2025-11-28 14:00:00,8.408309655985015
2025-11-28 15:00:00,8.33036998151305
2025-11-28 16:00:00,9.053320102931075
2025-11-28 17:00:00,11.529954847849153
2025-11-28 18:00:00,10.979650329201135
2025-11-28 19:00:00,11.384510721112349
2025-11-28 20:00:00,8.99786713140605
2025-11-28 21:00:00,7.521706323176327
2025-11-28 22:00:00,6.910799096664072
2025-11-28 23:00:00,5.91697176848774
2025-11-29 00:00:00,9.523780231768066
2025-11-29 01:00:00,6.252551597984217
2025-11-29 02:00:00,7.825738573011311
2025-11-29 03:00:00,10.885623817154585
2025-11-29 04:00:00,10.923450181118696
2025-11-29 05:00:00,11.67435522443899
2025-11-29 06:00:00,11.168198386059903
2025-11-29 07:00:00,9.933746715432315
2025-11-29 08:00:00,10.604213693424802
2025-11-29 09:00:00,13.991752032426445
2025-11-29 10:00:00,12.645370765374873
2025-11-29 11:00:00,18.168926541202474
2025-11-29 12:00:00,23.869633304056805
2025-11-29 13:00:00,30.822625163507237
2025-11-29 14:00:00,42.553373442803114
2025-11-29 15:00:00,41.0423287441793
2025-11-29 16:00:00,32.9757779685401
2025-11-29 17:00:00,26.779513204967632
2025-11-29 18:00:00,33.98664511282964
2025-11-29 19:00:00,29.840963670181743
2025-11-29 20:00:00,25.57160939086599
2025-11-29 21:00:00,24.185919313311416
2025-11-29 22:00:00,24.256451412776972
2025-11-29 23:00:00,26.344603074031543
2025-11-30 00:00:00,35.45034179902242
2025-11-30 01:00:00,39.80695954641381
2025-11-30 02:00:00,36.611670879580814
2025-11-30 03:00:00,32.082776586140604
2025-11-30 04:00:00,27.810755195032552
2025-11-30 05:00:00,28.7524009045519
2025-11-30 06:00:00,22.459267316579425
2025-11-30 07:00:00,22.94263275827051
2025-11-30 08:00:00,13.937795210503428
2025-11-30 09:00:00,14.36220633813777
2025-11-30 10:00:00,21.81838673508939
2025-11-30 11:00:00,13.411977428835153
2025-11-30 12:00:00,13.279564583589538
2025-11-30 13:00:00,18.509171512681018
2025-11-30 14:00:00,30.461659302065023
2025-11-30 15:00:00,38.10271588872656
2025-11-30 16:00:00,26.274737797502546
2025-11-30 17:00:00,29.868429213361473
2025-11-30 18:00:00,26.68839258103931
2025-11-30 19:00:00,23.22314575719204
2025-11-30 20:00:00,26.456551690059264
2025-11-30 21:00:00,24.118974197877414
2025-11-30 22:00:00,24.552678355618518
2025-11-30 23:00:00,20.288738020263857
2025-12-01 00:00:00,22.38086796449228
2025-12-01 01:00:00,21.654121133574282
2025-12-01 02:00:00,28.48537806766949
2025-12-01 03:00:00,28.931141181224227
2025-12-01 04:00:00,31.88879866526041
2025-12-01 05:00:00,33.55511892027292
2025-12-01 06:00:00,39.62153773175685
2025-12-01 07:00:00,25.59143853288686
2025-12-01 08:00:00,17.56903251608384
2025-12-01 09:00:00,15.27369558675579
2025-12-01 10:00:00,14.215468662432665
2025-12-01 11:00:00,12.165330542506052
2025-12-01 12:00:00,17.008436243784953
2025-12-01 13:00:00,14.251268312930808
2025-12-01 14:00:00,12.602587241835836
2025-12-01 15:00:00,10.30915783483182
2025-12-01 16:00:00,11.27255038913355
2025-12-01 17:00:00,8.966832131931207
2025-12-01 18:00:00,15.258570864116017
2025-12-01 19:00:00,22.508133673102808
2025-12-01 20:00:00,25.834870177668073
2025-12-01 21:00:00,27.870882176309095
2025-12-01 22:00:00,28.287968009749775
2025-12-01 23:00:00,17.69775015789161
2025-12-02 00:00:00,26.818914620551062
2025-12-02 01:00:00,30.26604180671062
2025-12-02 02:00:00,33.52688626084464
2025-12-02 03:00:00,30.716748026865922
2025-12-02 04:00:00,32.96443774322886
2025-12-02 05:00:00,31.692110418459308
2025-12-02 06:00:00,35.01504082107812
2025-12-02 07:00:00,27.23363034025826
2025-12-02 08:00:00,27.241109030689202
2025-12-02 09:00:00,33.42890970905936
2025-12-02 10:00:00,34.18021390113311
2025-12-02 11:00:00,29.066159388513757
2025-12-02 12:00:00,32.253025227733794
2025-12-02 13:00:00,30.052902195137644
2025-12-02 14:00:00,30.689255472410913
2025-12-02 15:00:00,25.633782415318116
2025-12-02 16:00:00,23.922643692140102
2025-12-02 17:00:00,19.184421680490313
2025-12-02 18:00:00,25.864103005143328
2025-12-02 19:00:00,35.47598077732084
2025-12-02 20:00:00,38.53303495851668
2025-12-02 21:00:00,39.77218886188734
2025-12-02 22:00:00,33.90660019506484
2025-12-02 23:00:00,35.70809189212931
2025-12-03 00:00:00,38.65276312360357
2025-12-03 01:00:00,53.97818428284079
2025-12-03 02:00:00,56.77848710045917
2025-12-03 03:00:00,54.48646387853644
2025-12-03 04:00:00,51.18208150648583
2025-12-03 05:00:00,56.29519497698722
2025-12-03 06:00:00,42.177892388949616
2025-12-03 07:00:00,35.60686382889199
2025-12-03 08:00:00,23.56109191827888
2025-12-03 09:00:00,11.267482057786106
2025-12-03 10:00:00,14.253380371175194
2025-12-03 11:00:00,31.97564257503461
2025-12-03 12:00:00,30.828479996317107
2025-12-03 13:00:00,29.48041520839199
2025-12-03 14:00:00,28.670395624089334
2025-12-03 15:00:00,53.825207684591
2025-12-03 16:00:00,48.219657081270746
2025-12-03 17:00:00,55.7945304160244
2025-12-03 18:00:00,39.97228849942884
2025-12-03 19:00:00,43.86829634612698
2025-12-03 20:00:00,50.28612884938341
2025-12-03 21:00:00,38.14357823015533
2025-12-03 22:00:00,37.01619353593172
2025-12-03 23:00:00,34.11031155179582
2025-12-04 00:00:00,30.636448737854636
2025-12-04 01:00:00,34.62293556618675
2025-12-04 02:00:00,24.62209587920645
2025-12-04 03:00:00,23.06691146537163
2025-12-04 04:00:00,26.89543479061902
2025-12-04 05:00:00,25.76262878650778
2025-12-04 06:00:00,14.267376931341614
2025-12-04 07:00:00,10.462222596592085
2025-12-04 08:00:00,11.47529270943606
2025-12-04 09:00:00,7.833776097223902
2025-12-04 10:00:00,6.800330984517589
2025-12-04 11:00:00,5.647023094537634
2025-12-04 12:00:00,5.436285870506793
2025-12-04 13:00:00,5.149518689188016
2025-12-04 14:00:00,5.655146053836543
2025-12-04 15:00:00,4.991909664221699
2025-12-04 16:00:00,12.265031162980675
2025-12-04 17:00:00,10.833499848933661
2025-12-04 18:00:00,24.613479925540183
2025-12-04 19:00:00,26.06479620814765
2025-12-04 20:00:00,49.06999103189819
2025-12-04 21:00:00,57.061622423254875
2025-12-04 22:00:00,56.26495159123146
2025-12-04 23:00:00,56.791426804338656
2025-12-05 00:00:00,57.577598647811854
2025-12-05 01:00:00,53.11027617448893
2025-12-05 02:00:00,46.59033341266866
2025-12-05 03:00:00,38.98564549241377
2025-12-05 04:00:00,36.201965723236036
2025-12-05 05:00:00,32.3769524579279
2025-12-05 06:00:00,36.97774623294117
2025-12-05 07:00:00,27.9950051313038
2025-12-05 08:00:00,20.23598322261245
2025-12-05 09:00:00,20.992534427718653
2025-12-05 10:00:00,11.27835853907577
2025-12-05 11:00:00,5.832709663501702
2025-12-05 12:00:00,7.508858832874163
2025-12-05 13:00:00,7.445933619163439
2025-12-05 14:00:00,7.207958247920251
2025-12-05 15:00:00,7.231382419459833
2025-12-05 16:00:00,6.7042764285594405
2025-12-05 17:00:00,13.230349245862552
2025-12-05 18:00:00,12.153386342440038
2025-12-05 19:00:00,5.82375889446692
2025-12-05 20:00:00,6.644036431135483
2025-12-05 21:00:00,5.306837443501028
2025-12-05 22:00:00,6.382397066638111
2025-12-05 23:00:00,5.2827669978003335
2025-12-06 00:00:00,6.56523610538036
2025-12-06 01:00:00,6.121270366079649
2025-12-06 02:00:00,7.241521264926585
2025-12-06 03:00:00,6.2170385620898125
2025-12-06 04:00:00,7.724951953424168
2025-12-06 05:00:00,5.7910986444543315
2025-12-06 06:00:00,6.912080697259405
2025-12-06 07:00:00,6.947335380806602
2025-12-06 08:00:00,6.752171460839802
2025-12-06 09:00:00,3.68940439505811
2025-12-06 10:00:00,4.5098153628687685
2025-12-06 11:00:00,2.7726810614523507
2025-12-06 12:00:00,7.642278262721582
2025-12-06 13:00:00,36.10192502593991
2025-12-06 14:00:00,35.25808682175995
2025-12-06 15:00:00,26.95841671788539
2025-12-06 16:00:00,18.319869045661196
2025-12-06 17:00:00,22.366690897109653
2025-12-06 18:00:00,23.67166563974652
2025-12-06 19:00:00,28.68950803748095
2025-12-06 20:00:00,26.228107842915467
2025-12-06 21:00:00,24.519480939962097
2025-12-06 22:00:00,22.881556618929515
2025-12-06 23:00:00,21.627141945045217
2025-12-07 00:00:00,26.458489035237502
2025-12-07 01:00:00,29.55624959675523
2025-12-07 02:00:00,23.846375416789996
2025-12-07 03:00:00,22.21221343896137
2025-12-07 04:00:00,19.663763904928068
2025-12-07 05:00:00,26.698777708155156
2025-12-07 06:00:00,23.576599784243605
2025-12-07 07:00:00,16.61895915380284
2025-12-07 08:00:00,21.066674848224007
2025-12-07 09:00:00,18.291611873936358
2025-12-07 10:00:00,18.08519965974074
2025-12-07 11:00:00,17.561122917496636
2025-12-07 12:00:00,16.26410479485668
2025-12-07 13:00:00,28.82606828055728
2025-12-07 14:00:00,28.56492085529164
2025-12-07 15:00:00,28.76021313585541
2025-12-07 16:00:00,25.638345069534903
2025-12-07 17:00:00,23.611887400250243
2025-12-07 18:00:00,17.932540201310516
2025-12-07 19:00:00,17.416573498106278
2025-12-07 20:00:00,26.93523930415083
2025-12-07 21:00:00,30.78418564551181
2025-12-07 22:00:00,32.55324906958645
2025-12-07 23:00:00,51.39751342724168
2025-12-08 00:00:00,40.042847866056825
2025-12-08 01:00:00,42.85833897040569
2025-12-08 02:00:00,43.85689740911764
2025-12-08 03:00:00,44.301645004880115
2025-12-08 04:00:00,49.12291316269409
2025-12-08 05:00:00,43.44970570266052
2025-12-08 06:00:00,44.0258102843005
2025-12-08 07:00:00,34.90447589082154
2025-12-08 08:00:00,26.89292514055069
2025-12-08 09:00:00,20.74582275930216
2025-12-08 10:00:00,15.342663532394292
2025-12-08 11:00:00,21.203935647770535
2025-12-08 12:00:00,23.698601348340652
2025-12-08 13:00:00,19.9341486930358
2025-12-08 14:00:00,21.02909117050858
2025-12-08 15:00:00,15.851094727120142
2025-12-08 16:00:00,17.282975152216448
2025-12-08 17:00:00,17.17329909832339
2025-12-08 18:00:00,16.265609995269383
2025-12-08 19:00:00,24.143901721012305
2025-12-08 20:00:00,23.062834523691155
2025-12-08 21:00:00,10.999610306236253
2025-12-08 22:00:00,6.77655901627166
2025-12-08 23:00:00,6.104937371881707
2025-12-09 00:00:00,9.84664273883436
2025-12-09 01:00:00,5.274670125072327
2025-12-09 02:00:00,5.421643280176505
2025-12-09 03:00:00,8.456618737514084
2025-12-09 04:00:00,6.779526400801394
2025-12-09 05:00:00,5.90042099390422
2025-12-09 06:00:00,9.563933487374117
2025-12-09 07:00:00,8.825509236449602
2025-12-09 08:00:00,12.053909261645256
2025-12-09 09:00:00,4.437320889039782
2025-12-09 10:00:00,3.959196237065528
2025-12-09 11:00:00,1.1495061916434974
2025-12-09 12:00:00,2.1237953775266267
2025-12-09 13:00:00,2.5424938476743115
2025-12-09 14:00:00,1.7454849235462206
2025-12-09 15:00:00,1.5550997679558773
2025-12-09 16:00:00,3.0075962164609193
2025-12-09 17:00:00,5.377558421908427
2025-12-09 18:00:00,3.719786180378529
2025-12-09 19:00:00,4.393714455514626
2025-12-09 20:00:00,3.8824046743495306
2025-12-09 21:00:00,3.7178221897121486
2025-12-09 22:00:00,4.784498397613398
2025-12-09 23:00:00,4.730509401369708
2025-12-10 00:00:00,4.807337359077558
2025-12-10 01:00:00,3.8140867091790756
2025-12-10 02:00:00,4.931401390478048
2025-12-10 03:00:00,4.762744318592668
2025-12-10 04:00:00,3.7298699028031845
2025-12-10 05:00:00,4.97917310898398
2025-12-10 06:00:00,4.792437739301581
2025-12-10 07:00:00,4.619006207323845
2025-12-10 08:00:00,4.506331047615096
2025-12-10 09:00:00,4.901764333157167
2025-12-10 10:00:00,1.5443039592382353
2025-12-10 11:00:00,1.1237537906519965
2025-12-10 12:00:00,0.9847980858008923
2025-12-10 13:00:00,0.4915461836463462
2025-12-10 14:00:00,1.0683546890085147
2025-12-10 15:00:00,1.9847698076579003
2025-12-10 16:00:00,2.739099300888374
2025-12-10 17:00:00,7.175699702852528
2025-12-10 18:00:00,6.504359075073952
2025-12-10 19:00:00,4.57356189055508
2025-12-10 20:00:00,6.098818914296637
2025-12-10 21:00:00,5.530539027365315
2025-12-10 22:00:00,5.364078052072353
2025-12-10 23:00:00,5.60662272635425
2025-12-11 00:00:00,13.89629849440281
2025-12-11 01:00:00,16.37567417040788
2025-12-11 02:00:00,21.251398532566196
2025-12-11 03:00:00,49.85696944987113
2025-12-11 04:00:00,17.852751705146257
2025-12-11 05:00:00,20.029744142886145
2025-12-11 06:00:00,22.700822923409937
2025-12-11 07:00:00,16.386797395217567
2025-12-11 08:00:00,16.695477025793693
2025-12-11 09:00:00,16.116744982643016
2025-12-11 10:00:00,18.71301992026109
2025-12-11 11:00:00,27.13442111367001
2025-12-11 12:00:00,23.687072132953155
2025-12-11 13:00:00,49.53057500399323
2025-12-11 14:00:00,45.9935769651244
2025-12-11 15:00:00,40.07625536380493
2025-12-11 16:00:00,43.998858354139195
2025-12-11 17:00:00,42.89139235507254
2025-12-11 18:00:00,39.0804735796678
2025-12-11 19:00:00,46.782794203508836
2025-12-11 20:00:00,44.887472664511705
2025-12-11 21:00:00,50.34405592891888
2025-12-11 22:00:00,50.578370598185344
2025-12-11 23:00:00,47.02054816984275
2025-12-12 00:00:00,35.00354400075601
2025-12-12 01:00:00,33.728325219402414
2025-12-12 02:00:00,40.7915250563995
2025-12-12 03:00:00,34.33774455235819
2025-12-12 04:00:00,21.093146097904985
2025-12-12 05:00:00,30.444223330246857
2025-12-12 06:00:00,27.421871747438402
2025-12-12 07:00:00,18.530015002453197
2025-12-12 08:00:00,14.953692190792408
2025-12-12 09:00:00,10.438411868246307
2025-12-12 10:00:00,6.481400256010004
2025-12-12 11:00:00,3.267172550938915
2025-12-12 12:00:00,3.6643289242770654
2025-12-12 13:00:00,3.4573749621614884
2025-12-12 14:00:00,0.8389409695227683
2025-12-12 15:00:00,1.3440885674179577
2025-12-12 16:00:00,1.9883717021316958
2025-12-12 17:00:00,3.957632308409363
2025-12-12 18:00:00,5.54149116562628
2025-12-12 19:00:00,3.897510029546612
2025-12-12 20:00:00,3.7054116675236384
2025-12-12 21:00:00,6.629341529461931
2025-12-12 22:00:00,4.276504674476101
2025-12-12 23:00:00,4.2115533144558395
2025-12-13 00:00:00,4.509917402686001
2025-12-13 01:00:00,3.5729225346541162
2025-12-13 02:00:00,3.9166511812098954
2025-12-13 03:00:00,3.796394478164905
2025-12-13 04:00:00,5.063153605536237
2025-12-13 05:00:00,8.513140695715244
2025-12-13 06:00:00,10.030257115413692
2025-12-13 07:00:00,10.710529991125663
2025-12-13 08:00:00,11.861968509325093
2025-12-13 09:00:00,9.193660813572503
2025-12-13 10:00:00,7.608443313020765
2025-12-13 11:00:00,3.9468360041333117
2025-12-13 12:00:00,4.078923295857377
2025-12-13 13:00:00,6.98977772333592
2025-12-13 14:00:00,7.742959905840556
2025-12-13 15:00:00,16.23094689912146
2025-12-13 16:00:00,17.27960942050952
2025-12-13 17:00:00,27.428664632554703
2025-12-13 18:00:00,27.861387747991103
2025-12-13 19:00:00,35.88472857691548
2025-12-13 20:00:00,37.43449269131769
2025-12-13 21:00:00,32.09911114160022
2025-12-13 22:00:00,32.0747093635496
2025-12-13 23:00:00,27.231444312410595
2025-12-14 00:00:00,26.671730208500048
2025-12-14 01:00:00,26.5577259251682
2025-12-14 02:00:00,23.899307011490475
2025-12-14 03:00:00,31.446968497897867
2025-12-14 04:00:00,37.318981982252
2025-12-14 05:00:00,25.592463918542077
2025-12-14 06:00:00,28.339727691671495
2025-12-14 07:00:00,25.39123639569096
2025-12-14 08:00:00,31.813349984472467
2025-12-14 09:00:00,61.50692347819548
2025-12-14 10:00:00,39.31809076809551
2025-12-14 11:00:00,22.690348499540878
2025-12-14 12:00:00,29.16185829195717
2025-12-14 13:00:00,46.248089425861274
2025-12-14 14:00:00,50.50845562791569
2025-12-14 15:00:00,45.28227832375725
2025-12-14 16:00:00,49.27085916434766
2025-12-14 17:00:00,26.773285149178474
2025-12-14 18:00:00,25.840815770836755
2025-12-14 19:00:00,34.78889220800543
2025-12-14 20:00:00,34.06118660057106
2025-12-14 21:00:00,27.9110710519155
2025-12-14 22:00:00,24.964382213990508
2025-12-14 23:00:00,32.742105875988614
2025-12-15 00:00:00,9.729629428230773
2025-12-15 01:00:00,7.734570115604293
2025-12-15 02:00:00,9.923893300164792
2025-12-15 03:00:00,12.655484062649665
2025-12-15 04:00:00,10.810264053123644
2025-12-15 05:00:00,15.086922543654332
2025-12-15 06:00:00,7.81818284449029
2025-12-15 07:00:00,7.525315514531038
2025-12-15 08:00:00,8.387769636003991
2025-12-15 09:00:00,5.405488796633231
2025-12-15 10:00:00,3.7707498825852483
2025-12-15 11:00:00,1.8034858246840584
2025-12-15 12:00:00,2.801725602352812
2025-12-15 13:00:00,5.095239921491129
2025-12-15 14:00:00,3.5011892766127173
2025-12-15 15:00:00,2.412093255548915
2025-12-15 16:00:00,6.4860930180167085
2025-12-15 17:00:00,7.315504966065449
2025-12-15 18:00:00,4.840592132575117
2025-12-15 19:00:00,8.456973010600635
2025-12-15 20:00:00,6.635648080660709
2025-12-15 21:00:00,10.858454774744011
2025-12-15 22:00:00,15.139888324214615
2025-12-15 23:00:00,29.807008888026733
2025-12-16 00:00:00,6.088649716379892
2025-12-16 01:00:00,6.277587766306844
2025-12-16 02:00:00,5.9550736836602045
2025-12-16 03:00:00,7.160029171121961
2025-12-16 04:00:00,6.817612495838055
2025-12-16 05:00:00,7.821659180256756
2025-12-16 06:00:00,5.5056299883156985
2025-12-16 07:00:00,7.523767142017178
2025-12-16 08:00:00,9.313280732834405
2025-12-16 09:00:00,5.339896563687532
2025-12-16 10:00:00,8.246492514292076
2025-12-16 11:00:00,3.2959326959824478
2025-12-16 12:00:00,9.632991979972465
2025-12-16 13:00:00,12.141802930451568
2025-12-16 14:00:00,9.744461655206239
2025-12-16 15:00:00,5.664169298143607
2025-12-16 16:00:00,7.59767200752535
2025-12-16 17:00:00,9.246996963724838
2025-12-16 18:00:00,8.302626235176518
2025-12-16 19:00:00,8.293191353307463
2025-12-16 20:00:00,8.258395881450575
2025-12-16 21:00:00,9.612975046370748
2025-12-16 22:00:00,9.08535796241008
2025-12-16 23:00:00,9.43424910411433
2025-12-17 00:00:00,5.859251371654418
2025-12-17 01:00:00,6.4589328055001385
2025-12-17 02:00:00,7.674017911791512
2025-12-17 03:00:00,8.842306795419745
2025-12-17 04:00:00,10.80363868046138
2025-12-17 05:00:00,11.122463529980669
2025-12-17 06:00:00,13.214489792710063
2025-12-17 07:00:00,12.495724875372213
2025-12-17 08:00:00,9.697507799765415
2025-12-17 09:00:00,14.232703437812694
2025-12-17 10:00:00,17.707810062396682
2025-12-17 11:00:00,17.388312010260478
2025-12-17 12:00:00,20.0504141494411
2025-12-17 13:00:00,20.462779944454727
2025-12-17 14:00:00,22.752630218626916
2025-12-17 15:00:00,24.636103997352684
2025-12-17 16:00:00,26.95966628668641
2025-12-17 17:00:00,15.149058117384488
2025-12-17 18:00:00,17.10984218672507
2025-12-17 19:00:00,27.990451145361856
2025-12-17 20:00:00,17.234199160933642
2025-12-17 21:00:00,14.272992204703597
2025-12-17 22:00:00,14.823563659458728
2025-12-17 23:00:00,17.592437479906362
2025-12-18 00:00:00,8.889872868715074
2025-12-18 01:00:00,6.9809070886591424
2025-12-18 02:00:00,5.557156702497327
2025-12-18 03:00:00,5.857389486191311
2025-12-18 04:00:00,7.7687741163352575
2025-12-18 05:00:00,6.565177231123447
2025-12-18 06:00:00,6.069687881633712
2025-12-18 07:00:00,6.2813434735568086
2025-12-18 08:00:00,6.126405029300181
2025-12-18 09:00:00,4.379775242614092
2025-12-18 10:00:00,5.45570562415809
2025-12-18 11:00:00,4.962843489371584
2025-12-18 12:00:00,2.5150009564751263
2025-12-18 13:00:00,2.076946892225995
2025-12-18 14:00:00,0.7604061128487974
2025-12-18 15:00:00,0.9129076172010736
2025-12-18 16:00:00,2.6004947679552752
2025-12-18 17:00:00,7.665983783322531
2025-12-18 18:00:00,10.295799246182405
2025-12-18 19:00:00,14.879584489775976
2025-12-18 20:00:00,5.095788946288359
2025-12-18 21:00:00,8.526670413027935
2025-12-18 22:00:00,7.086834989070142
2025-12-18 23:00:00,8.612800600179348
2025-12-19 00:00:00,10.664800612264317
2025-12-19 01:00:00,9.154175023863223
2025-12-19 02:00:00,6.7198639608122805
2025-12-19 03:00:00,5.703029552083969
2025-12-19 04:00:00,5.0707876394099305
2025-12-19 05:00:00,6.886075269802698
2025-12-19 06:00:00,15.257507669053421
2025-12-19 07:00:00,6.908013423764934
2025-12-19 08:00:00,15.180012150416513
2025-12-19 09:00:00,5.684978664427003
2025-12-19 10:00:00,4.762205936803601
2025-12-19 11:00:00,2.7455084011471786
2025-12-19 12:00:00,3.165513059754618
2025-12-19 13:00:00,8.500221750382462
2025-12-19 14:00:00,9.954291241146887
2025-12-19 15:00:00,7.989696713873351
2025-12-19 16:00:00,4.9265799764047244
2025-12-19 17:00:00,8.01113834163784
2025-12-19 18:00:00,11.593118280902464
2025-12-19 19:00:00,11.229991682974392
2025-12-19 20:00:00,8.49610425372161
2025-12-19 21:00:00,9.779968694886028
2025-12-19 22:00:00,8.106759976510848
2025-12-19 23:00:00,8.463735426882952
2025-12-20 00:00:00,8.731930593242705
2025-12-20 01:00:00,6.840909718414066
2025-12-20 02:00:00,5.718195381877498
2025-12-20 03:00:00,7.123174125966405
2025-12-20 04:00:00,12.927566121778808
2025-12-20 05:00:00,22.186621319939654
2025-12-20 06:00:00,22.426767017383728
2025-12-20 07:00:00,25.235163886945006
2025-12-20 08:00:00,20.577061293640465
2025-12-20 09:00:00,21.82062421395954
2025-12-20 10:00:00,19.302711019811348
2025-12-20 11:00:00,17.42206875846331
2025-12-20 12:00:00,19.105083330153228
2025-12-20 13:00:00,15.433835688545832
2025-12-20 14:00:00,16.09729953731044
2025-12-20 15:00:00,13.026524989634183
2025-12-20 16:00:00,19.30136188881117
2025-12-20 17:00:00,21.97853587550048
2025-12-20 18:00:00,24.49546818714434
2025-12-20 19:00:00,40.30619183481703
2025-12-20 20:00:00,37.02235437131505
2025-12-20 21:00:00,32.38287024421266
2025-12-20 22:00:00,27.454732281031298
2025-12-20 23:00:00,42.75119100123096
2025-12-21 00:00:00,44.00643781614563
2025-12-21 01:00:00,44.75887221502719
2025-12-21 02:00:00,45.109290959356066
2025-12-21 03:00:00,46.20401829696125
2025-12-21 04:00:00,55.290108520268106
2025-12-21 05:00:00,57.924918354029764
2025-12-21 06:00:00,51.09534903469238
2025-12-21 07:00:00,41.170022994701824
2025-12-21 08:00:00,38.30393526009711
2025-12-21 09:00:00,26.66571071847798
2025-12-21 10:00:00,18.21319396477322
2025-12-21 11:00:00,19.138317649675646
2025-12-21 12:00:00,25.476838544515928
2025-12-21 13:00:00,22.788883766923316
2025-12-21 14:00:00,24.173934715366016
2025-12-21 15:00:00,23.912044125415647
2025-12-21 16:00:00,17.930251300200478
2025-12-21 17:00:00,15.956799532377806
2025-12-21 18:00:00,18.673391828289212
2025-12-21 19:00:00,29.01449502989682
2025-12-21 20:00:00,33.421241678708775
2025-12-21 21:00:00,33.39782731074488
2025-12-21 22:00:00,30.24906879979503
2025-12-21 23:00:00,30.20622841940081
2025-12-22 00:00:00,28.83468638542011
2025-12-22 01:00:00,29.675424508973943
2025-12-22 02:00:00,29.234541400227563
2025-12-22 03:00:00,28.45231238225548
2025-12-22 04:00:00,24.204679966261068
2025-12-22 05:00:00,21.22946257707018
2025-12-22 06:00:00,16.81635463458406
2025-12-22 07:00:00,11.551274765826582
2025-12-22 08:00:00,12.091974127219675
2025-12-22 09:00:00,15.196745562717112
2025-12-22 10:00:00,9.48810397725698
2025-12-22 11:00:00,3.5923050168805895
2025-12-22 12:00:00,4.403573350536543
2025-12-22 13:00:00,3.522341292244514
2025-12-22 14:00:00,3.554538165092875
2025-12-22 15:00:00,3.403665590017223
2025-12-22 16:00:00,3.672389068992945
2025-12-22 17:00:00,4.276614534563688
2025-12-22 18:00:00,2.261930152243995
2025-12-22 19:00:00,1.953296356789741
2025-12-22 20:00:00,3.258068940353754
2025-12-22 21:00:00,4.887343161432615
2025-12-22 22:00:00,10.56787304825416
2025-12-22 23:00:00,6.413917434017168
2025-12-23 00:00:00,13.24687370518003
2025-12-23 01:00:00,11.527673666481284
2025-12-23 02:00:00,5.587519318103244
2025-12-23 03:00:00,5.133178937392173
2025-12-23 04:00:00,15.850500010448306
2025-12-23 05:00:00,8.547484012239368
2025-12-23 06:00:00,17.011118133601947
2025-12-23 07:00:00,7.33700234283341
2025-12-23 08:00:00,16.158297831178302
2025-12-23 09:00:00,17.730080346795333
2025-12-23 10:00:00,2.855637836424862
2025-12-23 11:00:00,6.489143138595134
2025-12-23 12:00:00,9.058244300986523
2025-12-23 13:00:00,9.153412136259956
2025-12-23 14:00:00,7.288194574782116
2025-12-23 15:00:00,11.087220246267721
2025-12-23 16:00:00,11.348315822226686
2025-12-23 17:00:00,13.728187521994203
2025-12-23 18:00:00,13.303628405677102
2025-12-23 19:00:00,14.411105691670333
2025-12-23 20:00:00,11.257506567011795
2025-12-23 21:00:00,13.270412173644944
2025-12-23 22:00:00,12.348678862762304
2025-12-23 23:00:00,11.519155816892596
2025-12-24 00:00:00,20.07433887237341
2025-12-24 01:00:00,19.314398555718697
2025-12-24 02:00:00,18.270201543775027
2025-12-24 03:00:00,24.605578648053243
2025-12-24 04:00:00,21.418886666489232
2025-12-24 05:00:00,23.831280863980037
2025-12-24 06:00:00,26.618446227768658
2025-12-24 07:00:00,32.024576107393884
2025-12-24 08:00:00,30.925007307204464
2025-12-24 09:00:00,34.01315364969732
2025-12-24 10:00:00,27.646387060212707
2025-12-24 11:00:00,27.711656147855074
2025-12-24 12:00:00,24.014343652363095
2025-12-24 13:00:00,20.84979640449946
2025-12-24 14:00:00,18.733435449320332
2025-12-24 15:00:00,20.582311521859456
2025-12-24 16:00:00,25.29452967214914
2025-12-24 17:00:00,26.26028439739522
2025-12-24 18:00:00,32.51154446375483
2025-12-24 19:00:00,37.66717345140481
2025-12-24 20:00:00,32.83475521343339
2025-12-24 21:00:00,28.706590612802582
2025-12-24 22:00:00,29.508353815368434
2025-12-24 23:00:00,26.779937852892324
2025-12-25 00:00:00,31.72900927654302
2025-12-25 01:00:00,29.422027238319533
2025-12-25 02:00:00,29.406925562871873
2025-12-25 03:00:00,32.75208860804891
2025-12-25 04:00:00,32.36484599293469
2025-12-25 05:00:00,33.35205261976782
2025-12-25 06:00:00,35.99827727658775
2025-12-25 07:00:00,33.37595372932289
2025-12-25 08:00:00,34.5885248920949
2025-12-25 09:00:00,26.89931407997408
2025-12-25 10:00:00,42.06320522637799
2025-12-25 11:00:00,49.354551599717695
2025-12-25 12:00:00,56.28274635203989
2025-12-25 13:00:00,57.75969977732837
2025-12-25 14:00:00,60.71839001010629
2025-12-25 15:00:00,60.21756774566043
2025-12-25 16:00:00,60.0862732106953
2025-12-25 17:00:00,62.008715435515285
2025-12-25 18:00:00,62.99086869164169
2025-12-25 19:00:00,60.811583740666315
2025-12-25 20:00:00,61.509595591676785
2025-12-25 21:00:00,57.416171863136626
2025-12-25 22:00:00,59.18708048458866
2025-12-25 23:00:00,61.03577671093634
2025-12-26 00:00:00,61.35001139091148
2025-12-26 01:00:00,62.52232815226803
2025-12-26 02:00:00,61.723817825468984
2025-12-26 03:00:00,58.554674351414654
2025-12-26 04:00:00,60.09550671193869
2025-12-26 05:00:00,59.07978562705759
2025-12-26 06:00:00,56.12457179430438
2025-12-26 07:00:00,50.25550361214167
2025-12-26 08:00:00,51.12550786658199
2025-12-26 09:00:00,38.92519965760914
2025-12-26 10:00:00,34.29196196445628
2025-12-26 11:00:00,31.987161593846274
2025-12-26 12:00:00,38.13852316452802
2025-12-26 13:00:00,35.639826032220405
2025-12-26 14:00:00,36.855279949057326
2025-12-26 15:00:00,30.171638557056866
2025-12-26 16:00:00,21.781929571467902
2025-12-26 17:00:00,23.98248566505771
2025-12-26 18:00:00,22.616429532427308
2025-12-26 19:00:00,31.69710869833932
2025-12-26 20:00:00,33.68811800917681
2025-12-26 21:00:00,26.40737398037098
2025-12-26 22:00:00,19.551490396766134
2025-12-26 23:00:00,9.15098792736112
2025-12-27 00:00:00,19.38290101928442
2025-12-27 01:00:00,19.702510780863143
2025-12-27 02:00:00,15.67723012620986
2025-12-27 03:00:00,10.030620063943074
2025-12-27 04:00:00,9.072839943903585
2025-12-27 05:00:00,7.885545165741142
2025-12-27 06:00:00,8.332241231372532
2025-12-27 07:00:00,9.667746884061035
2025-12-27 08:00:00,8.113265299765752
2025-12-27 09:00:00,5.3675866266633365
2025-12-27 10:00:00,3.9092482685324317
2025-12-27 11:00:00,2.5796476991639894
2025-12-27 12:00:00,4.199858719284506
2025-12-27 13:00:00,3.8069563959344004
2025-12-27 14:00:00,5.05140536922921
2025-12-27 15:00:00,6.298658899786814
2025-12-27 16:00:00,4.146860292426218
2025-12-27 17:00:00,6.325220230795982
2025-12-27 18:00:00,8.406746049332847
2025-12-27 19:00:00,6.588383080832523
2025-12-27 20:00:00,5.529580977776113
2025-12-27 21:00:00,11.85472099346142
2025-12-27 22:00:00,6.8311949431689305
2025-12-27 23:00:00,9.716907926841424
2025-12-28 00:00:00,10.428289768694698
2025-12-28 01:00:00,5.633842757830505
2025-12-28 02:00:00,9.338571358910125
2025-12-28 03:00:00,8.77047702265757
2025-12-28 04:00:00,10.690693627499188
2025-12-28 05:00:00,9.146943903523079
2025-12-28 06:00:00,9.244910495742227
2025-12-28 07:00:00,4.928915603608385
2025-12-28 08:00:00,6.138425773850701
2025-12-28 09:00:00,5.923764875583918
2025-12-28 10:00:00,8.71887222692601
2025-12-28 11:00:00,4.977340683344996
2025-12-28 12:00:00,6.2232309568181465
2025-12-28 13:00:00,9.974642773672445
2025-12-28 14:00:00,9.762797767967506
2025-12-28 15:00:00,8.863542420811253
2025-12-28 16:00:00,13.651629436718519
2025-12-28 17:00:00,13.858104573243354
2025-12-28 18:00:00,18.38010086494137
2025-12-28 19:00:00,18.785494452330834
2025-12-28 20:00:00,23.83404840429285
2025-12-28 21:00:00,25.05326470210894
2025-12-28 22:00:00,23.37695198409197
2025-12-28 23:00:00,22.77976336887601
2025-12-29 00:00:00,14.728464050673306
2025-12-29 01:00:00,11.320319286292074
2025-12-29 02:00:00,23.911309506762773
2025-12-29 03:00:00,22.839273087597086
2025-12-29 04:00:00,26.20057343834394
2025-12-29 05:00:00,26.159675750398268
2025-12-29 06:00:00,25.53607038097986
2025-12-29 07:00:00,26.30690101263817
2025-12-29 08:00:00,23.934871285551825
2025-12-29 09:00:00,21.754196037131802
2025-12-29 10:00:00,20.93211238350353
2025-12-29 11:00:00,16.663256841513455
2025-12-29 12:00:00,27.379361315603006
2025-12-29 13:00:00,21.2059915109878
2025-12-29 14:00:00,13.505008610726762
2025-12-29 15:00:00,12.424411863742867
2025-12-29 16:00:00,13.522472299005674
2025-12-29 17:00:00,18.728788552554544
2025-12-29 18:00:00,23.909612301086877
2025-12-29 19:00:00,25.82075990955522
2025-12-29 20:00:00,29.28822328695302
2025-12-29 21:00:00,34.827607457670005
2025-12-29 22:00:00,30.094207513340216
2025-12-29 23:00:00,27.303401458680447
2025-12-30 00:00:00,26.85922787472727
2025-12-30 01:00:00,26.49863618648729
2025-12-30 02:00:00,28.119269871340578
2025-12-30 03:00:00,32.484696129077
2025-12-30 04:00:00,41.177512711433174
2025-12-30 05:00:00,42.18712130078288
2025-12-30 06:00:00,31.430307369244677
2025-12-30 07:00:00,30.1698392236966
2025-12-30 08:00:00,26.946213216404924
2025-12-30 09:00:00,17.33413355843433
2025-12-30 10:00:00,13.934578957258518
2025-12-30 11:00:00,11.543468051442904
2025-12-30 12:00:00,15.429765523945047
2025-12-30 13:00:00,17.403463276406654
2025-12-30 14:00:00,25.095186931123173
2025-12-30 15:00:00,24.673068844405574
2025-12-30 16:00:00,19.229753851491957
2025-12-30 17:00:00,18.528671854474368
2025-12-30 18:00:00,17.644671953939874
2025-12-30 19:00:00,29.642324438038273
2025-12-30 20:00:00,26.657144832768882
2025-12-30 21:00:00,17.513449589070724
2025-12-30 22:00:00,12.637589060706478
2025-12-30 23:00:00,6.010663807233741
2025-12-31 00:00:00,18.2082312016588
2025-12-31 01:00:00,13.99689587394144
2025-12-31 02:00:00,30.782356288609815
2025-12-31 03:00:00,35.01176432022178
2025-12-31 04:00:00,38.73863628257221
2025-12-31 05:00:00,42.313403862033816
2025-12-31 06:00:00,43.47716854222973
2025-12-31 07:00:00,41.59578437574605
2025-12-31 08:00:00,39.123626730229105
2025-12-31 09:00:00,43.510754978319206
2025-12-31 10:00:00,32.55548014075049
2025-12-31 11:00:00,23.438402504199047
2025-12-31 12:00:00,28.73558070596234
2025-12-31 13:00:00,24.16885757709624
2025-12-31 14:00:00,25.983525625489005
2025-12-31 15:00:00,22.731770510516046
2025-12-31 16:00:00,23.40239980198444
2025-12-31 17:00:00,28.988688677437146
2025-12-31 18:00:00,23.478028004666086
2025-12-31 19:00:00,35.727293355210215
2025-12-31 20:00:00,40.1490551950945
2025-12-31 21:00:00,39.84058963551324
2025-12-31 22:00:00,37.12018952327911
2025-12-31 23:00:00,42.10735478792799
